logID,title,visibility,region,revision,segments,startTime,endTime,report_start_at,report_end_at,report_link,zone_id,page,current_page,last_page,has_more_pages,per_page,total
pKCYXkqtgavwnGRf,SSC/TK please kill me,public,United States,63,67,1786094811427,1786105717268,2026-08-07T09:26:51Z,2026-08-07T12:28:37Z,https://classic.warcraftlogs.com/reports/pKCYXkqtgavwnGRf,1056,1,1,-1,TRUE,100,-1
9FgjDHZB3ayGnc8P,happy boys,public,United States,52,59,1786096490176,1786105714861,2026-08-07T09:54:50Z,2026-08-07T12:28:34Z,https://classic.warcraftlogs.com/reports/9FgjDHZB3ayGnc8P,1056,1,1,-1,TRUE,100,-1
vZKDkcxgPJN6Hj81,SSC / TK,public,Korea,21,28,1786101161155,1786105710282,2026-08-07T11:12:41Z,2026-08-07T12:28:30Z,https://classic.warcraftlogs.com/reports/vZKDkcxgPJN6Hj81,1056,1,1,-1,TRUE,100,-1
GzC1Ktrc2Dy3gpBq,SSC / TK,public,Korea,36,41,1786098576233,1786105716475,2026-08-07T10:29:36Z,2026-08-07T12:28:36Z,https://classic.warcraftlogs.com/reports/GzC1Ktrc2Dy3gpBq,1056,1,1,-1,TRUE,100,-1
DpFbZcmXMQTyGh1z,SSC / TK,public,China,8,27,1786101822521,1786105712187,2026-08-07T11:23:42Z,2026-08-07T12:28:32Z,https://classic.warcraftlogs.com/reports/DpFbZcmXMQTyGh1z,1056,1,1,-1,TRUE,100,-1
LDrdAG9WaNXvRTmq,SSC / TK,public,Korea,7,14,1786102903233,1786105712127,2026-08-07T11:41:43Z,2026-08-07T12:28:32Z,https://classic.warcraftlogs.com/reports/LDrdAG9WaNXvRTmq,1056,1,1,-1,TRUE,100,-1
rnAJB6yRNQMzYhTj,SSC / TK,public,China,19,29,1786102156717,1786105711803,2026-08-07T11:29:16Z,2026-08-07T12:28:31Z,https://classic.warcraftlogs.com/reports/rnAJB6yRNQMzYhTj,1056,1,1,-1,TRUE,100,-1
MVPfpYwXg9nrGD6T,SSC / TK,public,United States,37,42,1786097156130,1786105713847,2026-08-07T10:05:56Z,2026-08-07T12:28:33Z,https://classic.warcraftlogs.com/reports/MVPfpYwXg9nrGD6T,1056,1,1,-1,TRUE,100,-1
wgvLJybYfWhnjNta,SSC / TK,public,Korea,4,37,1786100346437,1786105711851,2026-08-07T10:59:06Z,2026-08-07T12:28:31Z,https://classic.warcraftlogs.com/reports/wgvLJybYfWhnjNta,1056,1,1,-1,TRUE,100,-1
Xt6wTRj9LZhfNqYF,SSC / TK,public,China,10,20,1786102681008,1786105710423,2026-08-07T11:38:01Z,2026-08-07T12:28:30Z,https://classic.warcraftlogs.com/reports/Xt6wTRj9LZhfNqYF,1056,1,1,-1,TRUE,100,-1
Mwc6bgBT9KNrZPtm,0807,public,China,9,14,1786100909930,1786105712080,2026-08-07T11:08:29Z,2026-08-07T12:28:32Z,https://classic.warcraftlogs.com/reports/Mwc6bgBT9KNrZPtm,1056,1,1,-1,TRUE,100,-1
D1Qc7vPwk8XGrpqJ,SSC / TK,public,Korea,34,42,1786099611841,1786105719443,2026-08-07T10:46:51Z,2026-08-07T12:28:39Z,https://classic.warcraftlogs.com/reports/D1Qc7vPwk8XGrpqJ,1056,1,1,-1,TRUE,100,-1
nyR1dJwBvxcW2hgX,SSC / TK,public,Korea,102,116,1786068152495,1786105712383,2026-08-07T02:02:32Z,2026-08-07T12:28:32Z,https://classic.warcraftlogs.com/reports/nyR1dJwBvxcW2hgX,1056,1,1,-1,TRUE,100,-1
t1kcWpxMN6Hnrf4v,SSC / TK,public,Korea,35,42,1786100285145,1786105706716,2026-08-07T10:58:05Z,2026-08-07T12:28:26Z,https://classic.warcraftlogs.com/reports/t1kcWpxMN6Hnrf4v,1056,1,1,-1,TRUE,100,-1
LMDqdy8z79mcCpPf,260807 불폭,public,Korea,47,63,1786096122801,1786105710626,2026-08-07T09:48:42Z,2026-08-07T12:28:30Z,https://classic.warcraftlogs.com/reports/LMDqdy8z79mcCpPf,1056,1,1,-1,TRUE,100,-1
AN9FGdwMf31tg8QB,SSC / TK,public,Korea,3,11,1786105023607,1786105711427,2026-08-07T12:17:03Z,2026-08-07T12:28:31Z,https://classic.warcraftlogs.com/reports/AN9FGdwMf31tg8QB,1056,1,1,-1,TRUE,100,-1
NKfhgC1mdjQv6Gqn,금요일 조드,public,Korea,66,69,1786096406633,1786105710106,2026-08-07T09:53:26Z,2026-08-07T12:28:30Z,https://classic.warcraftlogs.com/reports/NKfhgC1mdjQv6Gqn,1056,1,1,-1,TRUE,100,-1
bt1Jj6Kgd9h8yaMc,SSC / TK,public,China,1,15,1786103566174,1786105831575,2026-08-07T11:52:46Z,2026-08-07T12:30:31Z,https://classic.warcraftlogs.com/reports/bt1Jj6Kgd9h8yaMc,1056,1,1,-1,TRUE,100,-1
A7qDKtbN3ZgjaVxH,SSC / TK,public,Korea,7,19,1786103363770,1786105716619,2026-08-07T11:49:23Z,2026-08-07T12:28:36Z,https://classic.warcraftlogs.com/reports/A7qDKtbN3ZgjaVxH,1056,1,1,-1,TRUE,100,-1
XvaTxBDdcwYG9j2K,SSC / TK,public,Korea,8,30,1786101356420,1786105705497,2026-08-07T11:15:56Z,2026-08-07T12:28:25Z,https://classic.warcraftlogs.com/reports/XvaTxBDdcwYG9j2K,1056,1,1,-1,TRUE,100,-1
vVy19f8hBKPAXMcR,SSC / TK,public,China,8,16,1786103096986,1786105704799,2026-08-07T11:44:56Z,2026-08-07T12:28:24Z,https://classic.warcraftlogs.com/reports/vVy19f8hBKPAXMcR,1056,1,1,-1,TRUE,100,-1
ydFAbVDMCJH6jQB8,SSC / TK,public,United States,24,36,1786097095579,1786105705241,2026-08-07T10:04:55Z,2026-08-07T12:28:25Z,https://classic.warcraftlogs.com/reports/ydFAbVDMCJH6jQB8,1056,1,1,-1,TRUE,100,-1
3y7wY9hpTrQFb8Cc,SSC / TK,public,Korea,112,128,1786077733132,1786105708123,2026-08-07T04:42:13Z,2026-08-07T12:28:28Z,https://classic.warcraftlogs.com/reports/3y7wY9hpTrQFb8Cc,1056,1,1,-1,TRUE,100,-1
nGaXNc8RVMhrDZy7,SSC / TK,public,Korea,24,30,1786101028079,1786105705003,2026-08-07T11:10:28Z,2026-08-07T12:28:25Z,https://classic.warcraftlogs.com/reports/nGaXNc8RVMhrDZy7,1056,1,1,-1,TRUE,100,-1
kRGJ9rNXhavLy8bt,SSC / TK,public,China,17,21,1786101877096,1786105702462,2026-08-07T11:24:37Z,2026-08-07T12:28:22Z,https://classic.warcraftlogs.com/reports/kRGJ9rNXhavLy8bt,1056,1,1,-1,TRUE,100,-1
wjBcW2gQ9T3LFZXV,SSC / TK,public,Korea,10,10,1786104262603,1786105703478,2026-08-07T12:04:22Z,2026-08-07T12:28:23Z,https://classic.warcraftlogs.com/reports/wjBcW2gQ9T3LFZXV,1056,1,1,-1,TRUE,100,-1
awzNPLGXdtMmj8qy,wcl_20260807,public,China,13,22,1786102307382,1786105625956,2026-08-07T11:31:47Z,2026-08-07T12:27:05Z,https://classic.warcraftlogs.com/reports/awzNPLGXdtMmj8qy,1056,1,1,-1,TRUE,100,-1
pRqZFjQkG4JWAfaL,"2026-08-07 - SSC / TK - Morogrim Tidewalker (Kill, 1 Pull)",public,China,25,26,1786101116291,1786105709984,2026-08-07T11:11:56Z,2026-08-07T12:28:29Z,https://classic.warcraftlogs.com/reports/pRqZFjQkG4JWAfaL,1056,1,1,-1,TRUE,100,-1
ha6QyXDTZFB8v1dc,SSC / TK,public,Korea,37,47,1786100556729,1786105705502,2026-08-07T11:02:36Z,2026-08-07T12:28:25Z,https://classic.warcraftlogs.com/reports/ha6QyXDTZFB8v1dc,1056,1,1,-1,TRUE,100,-1
1RwJWNHyjBFanYkc,SSC/TK,public,United States,55,75,1786094750870,1786105693443,2026-08-07T09:25:50Z,2026-08-07T12:28:13Z,https://classic.warcraftlogs.com/reports/1RwJWNHyjBFanYkc,1056,1,1,-1,TRUE,100,-1
HRZPD9Cc7rX6Kytg,冬夜8.7,public,China,4,10,1786102918669,1786105708107,2026-08-07T11:41:58Z,2026-08-07T12:28:28Z,https://classic.warcraftlogs.com/reports/HRZPD9Cc7rX6Kytg,1056,1,1,-1,TRUE,100,-1
cvxJjMPaD9GdW72k,SSC / TK,public,China,12,30,1786098408663,1786105698260,2026-08-07T10:26:48Z,2026-08-07T12:28:18Z,https://classic.warcraftlogs.com/reports/cvxJjMPaD9GdW72k,1056,1,1,-1,TRUE,100,-1
N9PmLcXqdACxKQZz,123,public,China,24,28,1786101346152,1786105686717,2026-08-07T11:15:46Z,2026-08-07T12:28:06Z,https://classic.warcraftlogs.com/reports/N9PmLcXqdACxKQZz,1056,1,1,-1,TRUE,100,-1
JALTvwXhkx8mgzCR,SSC / TK,public,China,8,16,1786102995660,1786105695728,2026-08-07T11:43:15Z,2026-08-07T12:28:15Z,https://classic.warcraftlogs.com/reports/JALTvwXhkx8mgzCR,1056,1,1,-1,TRUE,100,-1
D9xfzKyQ6khR2W3Z,SSC / TK,public,China,32,36,1786098811723,1786105689940,2026-08-07T10:33:31Z,2026-08-07T12:28:09Z,https://classic.warcraftlogs.com/reports/D9xfzKyQ6khR2W3Z,1056,1,1,-1,TRUE,100,-1
dnAt4LjDzwvYbM7G,SSC / TK,public,China,31,38,1786098524081,1786105687426,2026-08-07T10:28:44Z,2026-08-07T12:28:07Z,https://classic.warcraftlogs.com/reports/dnAt4LjDzwvYbM7G,1056,1,1,-1,TRUE,100,-1
L9KXrhJkQNMCdvZA,SSC / TK,public,China,21,27,1786101136216,1786105690400,2026-08-07T11:12:16Z,2026-08-07T12:28:10Z,https://classic.warcraftlogs.com/reports/L9KXrhJkQNMCdvZA,1056,1,1,-1,TRUE,100,-1
HTK8NPM3Cb9aYxJj,SSC / TK,public,China,32,37,1786099215929,1786105688935,2026-08-07T10:40:15Z,2026-08-07T12:28:08Z,https://classic.warcraftlogs.com/reports/HTK8NPM3Cb9aYxJj,1056,1,1,-1,TRUE,100,-1
bmYtVfX912G4jNwT,SSC / TK,public,China,20,27,1786101744974,1786105688387,2026-08-07T11:22:24Z,2026-08-07T12:28:08Z,https://classic.warcraftlogs.com/reports/bmYtVfX912G4jNwT,1056,1,1,-1,TRUE,100,-1
x4Rn2z13DcgrbVAQ,SSC / TK,public,Korea,2,9,1786103656033,1786105688824,2026-08-07T11:54:16Z,2026-08-07T12:28:08Z,https://classic.warcraftlogs.com/reports/x4Rn2z13DcgrbVAQ,1056,1,1,-1,TRUE,100,-1
MLFPhdaJr3wjtDHp,SSC / TK,public,China,39,46,1786098820483,1786105686350,2026-08-07T10:33:40Z,2026-08-07T12:28:06Z,https://classic.warcraftlogs.com/reports/MLFPhdaJr3wjtDHp,1056,1,1,-1,TRUE,100,-1
C6mdkyVQzAx9jfNM,t5,public,Europe,5,18,1786099852083,1786105685886,2026-08-07T10:50:52Z,2026-08-07T12:28:05Z,https://classic.warcraftlogs.com/reports/C6mdkyVQzAx9jfNM,1056,1,1,-1,TRUE,100,-1
hfV39bYBrDg7j8Jz,SSC / TK,public,China,6,13,1786103995661,1786105685822,2026-08-07T11:59:55Z,2026-08-07T12:28:05Z,https://classic.warcraftlogs.com/reports/hfV39bYBrDg7j8Jz,1056,1,1,-1,TRUE,100,-1
f7tT3jrAhbkpMqvx,28,public,China,13,19,1786103419759,1786105679403,2026-08-07T11:50:19Z,2026-08-07T12:27:59Z,https://classic.warcraftlogs.com/reports/f7tT3jrAhbkpMqvx,1056,1,1,-1,TRUE,100,-1
zfw7qrTjdR4QNbMh,SSC / TK,public,China,22,28,1786102157384,1786105679675,2026-08-07T11:29:17Z,2026-08-07T12:27:59Z,https://classic.warcraftlogs.com/reports/zfw7qrTjdR4QNbMh,1056,1,1,-1,TRUE,100,-1
93MwZKxJbY6tzPV8,SSC / TK,public,China,12,16,1786102753095,1786105664474,2026-08-07T11:39:13Z,2026-08-07T12:27:44Z,https://classic.warcraftlogs.com/reports/93MwZKxJbY6tzPV8,1056,1,1,-1,TRUE,100,-1
XmaPA2LfVQjr1RHb,이대 막공,public,Korea,7,11,1786103598180,1786105681740,2026-08-07T11:53:18Z,2026-08-07T12:28:01Z,https://classic.warcraftlogs.com/reports/XmaPA2LfVQjr1RHb,1056,1,1,-1,TRUE,100,-1
mx7LTt2YnjCdJKNX,이해뜨 정공,public,Korea,13,23,1786103189082,1786105653312,2026-08-07T11:46:29Z,2026-08-07T12:27:33Z,https://classic.warcraftlogs.com/reports/mx7LTt2YnjCdJKNX,1056,1,1,-1,TRUE,100,-1
h6rx4LfZdRqYbjBk,,public,China,0,17,1786103361251,1786105670341,2026-08-07T11:49:21Z,2026-08-07T12:27:50Z,https://classic.warcraftlogs.com/reports/h6rx4LfZdRqYbjBk,1056,1,1,-1,TRUE,100,-1
PF96xXAnQCbN8dpD,SSC / TK,public,China,10,20,1786103290130,1786105670761,2026-08-07T11:48:10Z,2026-08-07T12:27:50Z,https://classic.warcraftlogs.com/reports/PF96xXAnQCbN8dpD,1056,1,1,-1,TRUE,100,-1
LwnkKCjDNxZQbBaM,SSC / TK,public,China,19,25,1786101439100,1786105669445,2026-08-07T11:17:19Z,2026-08-07T12:27:49Z,https://classic.warcraftlogs.com/reports/LwnkKCjDNxZQbBaM,1056,1,1,-1,TRUE,100,-1
MbHKB2aAvWcDkh68,불폭,public,Korea,5,8,1786103831289,1786105677007,2026-08-07T11:57:11Z,2026-08-07T12:27:57Z,https://classic.warcraftlogs.com/reports/MbHKB2aAvWcDkh68,1056,1,1,-1,TRUE,100,-1
JRTK4qgxvyNP7Vmr,SSC / TK,public,Korea,10,18,1786103568876,1786105669305,2026-08-07T11:52:48Z,2026-08-07T12:27:49Z,https://classic.warcraftlogs.com/reports/JRTK4qgxvyNP7Vmr,1056,1,1,-1,TRUE,100,-1
dGh7AaF8c4RD2tNb,SSC / TK,public,Korea,4,15,1786103130062,1786105665816,2026-08-07T11:45:30Z,2026-08-07T12:27:45Z,https://classic.warcraftlogs.com/reports/dGh7AaF8c4RD2tNb,1056,1,1,-1,TRUE,100,-1
H8y4VwkgT3r9Rpaf,SSC / TK,public,China,22,27,1786101395730,1786105664876,2026-08-07T11:16:35Z,2026-08-07T12:27:44Z,https://classic.warcraftlogs.com/reports/H8y4VwkgT3r9Rpaf,1056,1,1,-1,TRUE,100,-1
zftJvVjH1Z2cK9aR,SSC / TK,public,China,17,26,1786102635479,1786105663360,2026-08-07T11:37:15Z,2026-08-07T12:27:43Z,https://classic.warcraftlogs.com/reports/zftJvVjH1Z2cK9aR,1056,1,1,-1,TRUE,100,-1
qxHmN3zf1p6WTnLb,SSC / TK,public,Korea,2,17,1786103363586,1786105661284,2026-08-07T11:49:23Z,2026-08-07T12:27:41Z,https://classic.warcraftlogs.com/reports/qxHmN3zf1p6WTnLb,1056,1,1,-1,TRUE,100,-1
CjmHVQqcGL6xfFw8,20260807双本,public,China,16,30,1786101344559,1786105676126,2026-08-07T11:15:44Z,2026-08-07T12:27:56Z,https://classic.warcraftlogs.com/reports/CjmHVQqcGL6xfFw8,1056,1,1,-1,TRUE,100,-1
xtFB9q248LnT1yfH,SSC / TK,public,China,21,30,1786089909026,1786105661905,2026-08-07T08:05:09Z,2026-08-07T12:27:41Z,https://classic.warcraftlogs.com/reports/xtFB9q248LnT1yfH,1056,1,1,-1,TRUE,100,-1
TAw9Nn7rdzbkc1vY,123,public,China,4,12,1786103161665,1786105670759,2026-08-07T11:46:01Z,2026-08-07T12:27:50Z,https://classic.warcraftlogs.com/reports/TAw9Nn7rdzbkc1vY,1056,1,1,-1,TRUE,100,-1
n9xR8CzLqNKXHYmk,SSC / TK,public,Korea,11,19,1786103299877,1786105657811,2026-08-07T11:48:19Z,2026-08-07T12:27:37Z,https://classic.warcraftlogs.com/reports/n9xR8CzLqNKXHYmk,1056,1,1,-1,TRUE,100,-1
xt9VXQyYLT3FkjBd,周五晚,public,China,17,21,1786101756760,1786105656934,2026-08-07T11:22:36Z,2026-08-07T12:27:36Z,https://classic.warcraftlogs.com/reports/xt9VXQyYLT3FkjBd,1056,1,1,-1,TRUE,100,-1
AjYCdaWphR6QbH4c,SSC / TK,public,China,9,17,1786103317391,1786105656403,2026-08-07T11:48:37Z,2026-08-07T12:27:36Z,https://classic.warcraftlogs.com/reports/AjYCdaWphR6QbH4c,1056,1,1,-1,TRUE,100,-1
zXNDBP13WKFRYA6d,8.7 晚上团.,public,China,18,24,1786101864059,1786105656196,2026-08-07T11:24:24Z,2026-08-07T12:27:36Z,https://classic.warcraftlogs.com/reports/zXNDBP13WKFRYA6d,1056,1,1,-1,TRUE,100,-1
jbnhcpJ9qyztQkmx,SSC / TK,public,Korea,5,31,1786100433861,1786105649845,2026-08-07T11:00:33Z,2026-08-07T12:27:29Z,https://classic.warcraftlogs.com/reports/jbnhcpJ9qyztQkmx,1056,1,1,-1,TRUE,100,-1
Q76LxmD9vdafYKr1,SSC / TK,public,China,1,10,1786104034793,1786105645799,2026-08-07T12:00:34Z,2026-08-07T12:27:25Z,https://classic.warcraftlogs.com/reports/Q76LxmD9vdafYKr1,1056,1,1,-1,TRUE,100,-1
XpaY7tB4KAFR6jw8,ghg,public,Korea,1,15,1786103748881,1786105630941,2026-08-07T11:55:48Z,2026-08-07T12:27:10Z,https://classic.warcraftlogs.com/reports/XpaY7tB4KAFR6jw8,1056,1,1,-1,TRUE,100,-1
MtjYqnzTRhZKFWAH,SSC / TK,public,China,34,35,1786100343989,1786105640218,2026-08-07T10:59:03Z,2026-08-07T12:27:20Z,https://classic.warcraftlogs.com/reports/MtjYqnzTRhZKFWAH,1056,1,1,-1,TRUE,100,-1
LYvdTbQVfX8CJyF3,SSC/TK 07/08,public,United States,37,42,1786097681713,1786105636846,2026-08-07T10:14:41Z,2026-08-07T12:27:16Z,https://classic.warcraftlogs.com/reports/LYvdTbQVfX8CJyF3,1056,1,1,-1,TRUE,100,-1
4Af8vz2VqX6rJRLQ,cyclone,public,United States,53,65,1786095933710,1786105637185,2026-08-07T09:45:33Z,2026-08-07T12:27:17Z,https://classic.warcraftlogs.com/reports/4Af8vz2VqX6rJRLQ,1056,1,1,-1,TRUE,100,-1
f7Cxv2NYG8bTZwcq,SSC / TK,public,China,5,15,1786104405354,1786105634338,2026-08-07T12:06:45Z,2026-08-07T12:27:14Z,https://classic.warcraftlogs.com/reports/f7Cxv2NYG8bTZwcq,1056,1,1,-1,TRUE,100,-1
jBhHvXZyQGVNWwDq,0215243,public,China,12,19,1786098062139,1786105634592,2026-08-07T10:21:02Z,2026-08-07T12:27:14Z,https://classic.warcraftlogs.com/reports/jBhHvXZyQGVNWwDq,1056,1,1,-1,TRUE,100,-1
8banF6tPmkYr14Wc,SSC / TK,public,China,18,24,1786101015128,1786105605813,2026-08-07T11:10:15Z,2026-08-07T12:26:45Z,https://classic.warcraftlogs.com/reports/8banF6tPmkYr14Wc,1056,1,1,-1,TRUE,100,-1
xqfR1mJZy9vWPhgH,SSC / TK,public,United States,34,37,1786097953738,1786105631898,2026-08-07T10:19:13Z,2026-08-07T12:27:11Z,https://classic.warcraftlogs.com/reports/xqfR1mJZy9vWPhgH,1056,1,1,-1,TRUE,100,-1
PMCQh6ZWvaJYLcgT,SSC / TK,public,China,8,14,1786103747036,1786105635512,2026-08-07T11:55:47Z,2026-08-07T12:27:15Z,https://classic.warcraftlogs.com/reports/PMCQh6ZWvaJYLcgT,1056,1,1,-1,TRUE,100,-1
7PZgG9ABqWJ38Dy6,SSC / TK,public,Korea,35,40,1786099574010,1786105627049,2026-08-07T10:46:14Z,2026-08-07T12:27:07Z,https://classic.warcraftlogs.com/reports/7PZgG9ABqWJ38Dy6,1056,1,1,-1,TRUE,100,-1
7tpcWLTZb8NDRYrX,SSC / TK,public,Korea,35,40,1786099614153,1786105626582,2026-08-07T10:46:54Z,2026-08-07T12:27:06Z,https://classic.warcraftlogs.com/reports/7tpcWLTZb8NDRYrX,1056,1,1,-1,TRUE,100,-1
hbaHVNqXQyPK3p19,SSC / TK,public,China,21,29,1786102401555,1786105620335,2026-08-07T11:33:21Z,2026-08-07T12:27:00Z,https://classic.warcraftlogs.com/reports/hbaHVNqXQyPK3p19,1056,1,1,-1,TRUE,100,-1
4HJqydnckRAPgLvT,SSC / TK,public,United States,61,64,1786093413270,1786105628240,2026-08-07T09:03:33Z,2026-08-07T12:27:08Z,https://classic.warcraftlogs.com/reports/4HJqydnckRAPgLvT,1056,1,1,-1,TRUE,100,-1
pqZGYtxAR7crv6jh,SSC / TK,public,United States,42,62,1786096066017,1786105623242,2026-08-07T09:47:46Z,2026-08-07T12:27:03Z,https://classic.warcraftlogs.com/reports/pqZGYtxAR7crv6jh,1056,1,1,-1,TRUE,100,-1
1p6kXN8mJBMhbWqa,SSC / TK,public,United States,40,45,1786095249782,1786105613193,2026-08-07T09:34:09Z,2026-08-07T12:26:53Z,https://classic.warcraftlogs.com/reports/1p6kXN8mJBMhbWqa,1056,1,1,-1,TRUE,100,-1
pGwtjJ4dMKq216WF,SSC / TK,public,China,13,26,1786101110538,1786105611519,2026-08-07T11:11:50Z,2026-08-07T12:26:51Z,https://classic.warcraftlogs.com/reports/pGwtjJ4dMKq216WF,1056,1,1,-1,TRUE,100,-1
JwAXrLPhcqfWRam9,TK/SSC/Gruul,public,United States,44,57,1786098405437,1786105609503,2026-08-07T10:26:45Z,2026-08-07T12:26:49Z,https://classic.warcraftlogs.com/reports/JwAXrLPhcqfWRam9,1056,1,1,-1,TRUE,100,-1
GDVPL2n9tHjc8yrY,SSC / TK,public,China,7,22,1786101298489,1786105607432,2026-08-07T11:14:58Z,2026-08-07T12:26:47Z,https://classic.warcraftlogs.com/reports/GDVPL2n9tHjc8yrY,1056,1,1,-1,TRUE,100,-1
fzZ9gt4HmRThQnp2,SSC / TK,public,Korea,32,38,1786099748595,1786105600757,2026-08-07T10:49:08Z,2026-08-07T12:26:40Z,https://classic.warcraftlogs.com/reports/fzZ9gt4HmRThQnp2,1056,1,1,-1,TRUE,100,-1
v4cK2NAbMk6ZYGdL,毒蛇+风暴 FQ [凤林火山],public,China,25,31,1786101348570,1786105602967,2026-08-07T11:15:48Z,2026-08-07T12:26:42Z,https://classic.warcraftlogs.com/reports/v4cK2NAbMk6ZYGdL,1056,1,1,-1,TRUE,100,-1
KBbnQxqw2jyXfZ73,SSC / TK,public,China,6,10,1786101116142,1786105598613,2026-08-07T11:11:56Z,2026-08-07T12:26:38Z,https://classic.warcraftlogs.com/reports/KBbnQxqw2jyXfZ73,1056,1,1,-1,TRUE,100,-1
ACRWyv8BFx2KfYbn,SSC / TK,public,China,27,33,1786101121548,1786105596761,2026-08-07T11:12:01Z,2026-08-07T12:26:36Z,https://classic.warcraftlogs.com/reports/ACRWyv8BFx2KfYbn,1056,1,1,-1,TRUE,100,-1
w3tCPhAnV6TXmBKz,SSC / TK,public,China,6,23,1786101284231,1786105591008,2026-08-07T11:14:44Z,2026-08-07T12:26:31Z,https://classic.warcraftlogs.com/reports/w3tCPhAnV6TXmBKz,1056,1,1,-1,TRUE,100,-1
G3fLFbJdWRB4jAmy,SSC / TK,public,China,30,33,1786100256730,1786105593720,2026-08-07T10:57:36Z,2026-08-07T12:26:33Z,https://classic.warcraftlogs.com/reports/G3fLFbJdWRB4jAmy,1056,1,1,-1,TRUE,100,-1
rjpzW2c17DZx3VBY,SSC / TK,public,China,13,19,1786102474731,1786105586008,2026-08-07T11:34:34Z,2026-08-07T12:26:26Z,https://classic.warcraftlogs.com/reports/rjpzW2c17DZx3VBY,1056,1,1,-1,TRUE,100,-1
zJ8B96CKFydXAb1j,SSC / TK,public,China,26,30,1786101250091,1786105587365,2026-08-07T11:14:10Z,2026-08-07T12:26:27Z,https://classic.warcraftlogs.com/reports/zJ8B96CKFydXAb1j,1056,1,1,-1,TRUE,100,-1
fj9NZnrdCAvyQtcP,ssssscccc,public,United States,52,59,1786096304093,1786105586234,2026-08-07T09:51:44Z,2026-08-07T12:26:26Z,https://classic.warcraftlogs.com/reports/fj9NZnrdCAvyQtcP,1056,1,1,-1,TRUE,100,-1
8MzRwpc6B7X9Y4dD,08071,public,China,23,28,1786101674345,1786105579510,2026-08-07T11:21:14Z,2026-08-07T12:26:19Z,https://classic.warcraftlogs.com/reports/8MzRwpc6B7X9Y4dD,1056,1,1,-1,TRUE,100,-1
GxpC9r6gdNBhj8k1,SSC / TK,public,China,13,18,1786100909634,1786105577740,2026-08-07T11:08:29Z,2026-08-07T12:26:17Z,https://classic.warcraftlogs.com/reports/GxpC9r6gdNBhj8k1,1056,1,1,-1,TRUE,100,-1
wXjPC1DQMkfaA7tq,SSC / TK,public,China,6,15,1786101391522,1786105580369,2026-08-07T11:16:31Z,2026-08-07T12:26:20Z,https://classic.warcraftlogs.com/reports/wXjPC1DQMkfaA7tq,1056,1,1,-1,TRUE,100,-1
hKLfd4R8bG7pWZmC,SSC / TK,public,China,10,19,1786101895216,1786105570794,2026-08-07T11:24:55Z,2026-08-07T12:26:10Z,https://classic.warcraftlogs.com/reports/hKLfd4R8bG7pWZmC,1056,1,1,-1,TRUE,100,-1
VGrPJy3BtaFC4cDg,SSC / TK,public,China,30,32,1786100217759,1786105576696,2026-08-07T10:56:57Z,2026-08-07T12:26:16Z,https://classic.warcraftlogs.com/reports/VGrPJy3BtaFC4cDg,1056,1,1,-1,TRUE,100,-1
HC4QdNXGYPW3D6yR,SSC / TK,public,China,37,37,1786098863282,1786105566269,2026-08-07T10:34:23Z,2026-08-07T12:26:06Z,https://classic.warcraftlogs.com/reports/HC4QdNXGYPW3D6yR,1056,1,1,-1,TRUE,100,-1
VJvD1r8gTq3ZpXdh,SSC / TK,public,Korea,19,29,1786102381366,1786105565348,2026-08-07T11:33:01Z,2026-08-07T12:26:05Z,https://classic.warcraftlogs.com/reports/VJvD1r8gTq3ZpXdh,1056,1,1,-1,TRUE,100,-1
Jpf63j1rBgGvTNXk,20260807双本,public,China,8,28,1786101767316,1786105562940,2026-08-07T11:22:47Z,2026-08-07T12:26:02Z,https://classic.warcraftlogs.com/reports/Jpf63j1rBgGvTNXk,1056,2,2,-1,TRUE,100,-1
G9JDgvnjkzZxVXL1,8月7日晚毒蛇神殿+风暴要塞-会开花的旧铠甲,public,China,7,14,1786103959295,1786105558662,2026-08-07T11:59:19Z,2026-08-07T12:25:58Z,https://classic.warcraftlogs.com/reports/G9JDgvnjkzZxVXL1,1056,2,2,-1,TRUE,100,-1
HdVk6rxY8gAcDMRj,20260807 毒蛇风暴,public,China,12,20,1786102685300,1786105555537,2026-08-07T11:38:05Z,2026-08-07T12:25:55Z,https://classic.warcraftlogs.com/reports/HdVk6rxY8gAcDMRj,1056,2,2,-1,TRUE,100,-1
8yXHaR9wr2ZhcPzm,SSC / TK,public,United States,50,57,1786095273108,1786105489465,2026-08-07T09:34:33Z,2026-08-07T12:24:49Z,https://classic.warcraftlogs.com/reports/8yXHaR9wr2ZhcPzm,1056,2,2,-1,TRUE,100,-1
fnWk82m1PLrDt9yC,SSC / TK,public,Korea,7,13,1786103933526,1786105556147,2026-08-07T11:58:53Z,2026-08-07T12:25:56Z,https://classic.warcraftlogs.com/reports/fnWk82m1PLrDt9yC,1056,2,2,-1,TRUE,100,-1
jw8g4H2VXrQNTamD,SSC / TK,public,Korea,17,25,1786103046593,1786105545456,2026-08-07T11:44:06Z,2026-08-07T12:25:45Z,https://classic.warcraftlogs.com/reports/jw8g4H2VXrQNTamD,1056,2,2,-1,TRUE,100,-1
AyQVB9b62dYqhRng,SSC / TK,public,Korea,23,23,1786103329561,1786105542120,2026-08-07T11:48:49Z,2026-08-07T12:25:42Z,https://classic.warcraftlogs.com/reports/AyQVB9b62dYqhRng,1056,2,2,-1,TRUE,100,-1
3FLKYfgPyApZvbq7,SSC / TK,public,Korea,31,31,1786102367019,1786105535289,2026-08-07T11:32:47Z,2026-08-07T12:25:35Z,https://classic.warcraftlogs.com/reports/3FLKYfgPyApZvbq7,1056,2,2,-1,TRUE,100,-1
vThqyjCDLR3ag8VF,SSC / TK,public,Korea,31,31,1786102308203,1786105530212,2026-08-07T11:31:48Z,2026-08-07T12:25:30Z,https://classic.warcraftlogs.com/reports/vThqyjCDLR3ag8VF,1056,2,2,-1,TRUE,100,-1
tzWTLvYn4XBR8PKZ,8-7,public,China,9,20,1786103820805,1786105524886,2026-08-07T11:57:00Z,2026-08-07T12:25:24Z,https://classic.warcraftlogs.com/reports/tzWTLvYn4XBR8PKZ,1056,2,2,-1,TRUE,100,-1
cYR89qW4Q1MLg7dA,SSC / TK,public,China,32,33,1786099943097,1786105508865,2026-08-07T10:52:23Z,2026-08-07T12:25:08Z,https://classic.warcraftlogs.com/reports/cYR89qW4Q1MLg7dA,1056,2,2,-1,TRUE,100,-1
aNFbhvp7LgXnAf8c,SSC / TK,public,Korea,29,32,1786100569075,1786105519767,2026-08-07T11:02:49Z,2026-08-07T12:25:19Z,https://classic.warcraftlogs.com/reports/aNFbhvp7LgXnAf8c,1056,2,2,-1,TRUE,100,-1
KpAvNrT6tahRwzD7,SSC / TK,public,China,34,36,1786100019407,1786105519288,2026-08-07T10:53:39Z,2026-08-07T12:25:19Z,https://classic.warcraftlogs.com/reports/KpAvNrT6tahRwzD7,1056,2,2,-1,TRUE,100,-1
cNf126yY7rqb3nL4,807,public,China,30,33,1786100186528,1786105509626,2026-08-07T10:56:26Z,2026-08-07T12:25:09Z,https://classic.warcraftlogs.com/reports/cNf126yY7rqb3nL4,1056,2,2,-1,TRUE,100,-1
6FHb7GxNWnaA8rdz,SSC / TK,public,China,31,33,1786098327419,1786105511538,2026-08-07T10:25:27Z,2026-08-07T12:25:11Z,https://classic.warcraftlogs.com/reports/6FHb7GxNWnaA8rdz,1056,2,2,-1,TRUE,100,-1
g7aGmFZNM3q8k1fW,SSC / TK,public,Korea,25,25,1786102598519,1786105508485,2026-08-07T11:36:38Z,2026-08-07T12:25:08Z,https://classic.warcraftlogs.com/reports/g7aGmFZNM3q8k1fW,1056,2,2,-1,TRUE,100,-1
1Jd3cnKqgGhVptQz,SSC / TK,public,China,17,20,1786101985401,1786105508096,2026-08-07T11:26:25Z,2026-08-07T12:25:08Z,https://classic.warcraftlogs.com/reports/1Jd3cnKqgGhVptQz,1056,2,2,-1,TRUE,100,-1
2xHGhr3avJzNj7Mn,SSC / TK,public,Korea,5,15,1786104432310,1786105486575,2026-08-07T12:07:12Z,2026-08-07T12:24:46Z,https://classic.warcraftlogs.com/reports/2xHGhr3avJzNj7Mn,1056,2,2,-1,TRUE,100,-1
dr86ChBN4yGk7AwP,리웨이,public,Korea,6,16,1786102413300,1786105480433,2026-08-07T11:33:33Z,2026-08-07T12:24:40Z,https://classic.warcraftlogs.com/reports/dr86ChBN4yGk7AwP,1056,2,2,-1,TRUE,100,-1
dfNXQrRmwb4PGvtM,2026.8.7,public,China,11,19,1786103421211,1786105471635,2026-08-07T11:50:21Z,2026-08-07T12:24:31Z,https://classic.warcraftlogs.com/reports/dfNXQrRmwb4PGvtM,1056,2,2,-1,TRUE,100,-1
aptrTFj4mWzwVbxA,1,public,China,22,27,1786099238520,1786105467759,2026-08-07T10:40:38Z,2026-08-07T12:24:27Z,https://classic.warcraftlogs.com/reports/aptrTFj4mWzwVbxA,1056,2,2,-1,TRUE,100,-1
8hnajqKxwCRZ7kPM,SSC / TK,public,China,19,27,1786101290234,1786105469001,2026-08-07T11:14:50Z,2026-08-07T12:24:29Z,https://classic.warcraftlogs.com/reports/8hnajqKxwCRZ7kPM,1056,2,2,-1,TRUE,100,-1
GWv7hXnfCPDLpdYb,SSC / TK,public,China,15,21,1786101689110,1786105450289,2026-08-07T11:21:29Z,2026-08-07T12:24:10Z,https://classic.warcraftlogs.com/reports/GWv7hXnfCPDLpdYb,1056,2,2,-1,TRUE,100,-1
DcRBWqx2b6FkamHG,SSC / TK,public,China,24,24,1786100586343,1786105450339,2026-08-07T11:03:06Z,2026-08-07T12:24:10Z,https://classic.warcraftlogs.com/reports/DcRBWqx2b6FkamHG,1056,2,2,-1,TRUE,100,-1
7hArPNnx3b2Ytz1R,0807双本,public,China,28,34,1786100924049,1786105451210,2026-08-07T11:08:44Z,2026-08-07T12:24:11Z,https://classic.warcraftlogs.com/reports/7hArPNnx3b2Ytz1R,1056,2,2,-1,TRUE,100,-1
1ct47GRkwZDX8p3a,SSC / TK,public,China,22,26,1786101121130,1786105449705,2026-08-07T11:12:01Z,2026-08-07T12:24:09Z,https://classic.warcraftlogs.com/reports/1ct47GRkwZDX8p3a,1056,2,2,-1,TRUE,100,-1
n28TCVtGJxFZMXYz,SSC / TK,public,China,19,25,1786101685843,1786105439984,2026-08-07T11:21:25Z,2026-08-07T12:23:59Z,https://classic.warcraftlogs.com/reports/n28TCVtGJxFZMXYz,1056,2,2,-1,TRUE,100,-1
1w7n3YLmkp9tVDdy,SSC / TK,public,China,31,34,1786097658962,1786105437730,2026-08-07T10:14:18Z,2026-08-07T12:23:57Z,https://classic.warcraftlogs.com/reports/1w7n3YLmkp9tVDdy,1056,2,2,-1,TRUE,100,-1
BA3bQxztLdC1H4Pa,SSC / TK,public,China,1,1,1786099390107,1786105414301,2026-08-07T10:43:10Z,2026-08-07T12:23:34Z,https://classic.warcraftlogs.com/reports/BA3bQxztLdC1H4Pa,1056,2,2,-1,TRUE,100,-1
3wgXP8yA9Z1TGDbM,SSC / TK,public,China,36,38,1786094640148,1786105411245,2026-08-07T09:24:00Z,2026-08-07T12:23:31Z,https://classic.warcraftlogs.com/reports/3wgXP8yA9Z1TGDbM,1056,2,2,-1,TRUE,100,-1
YK6aHngMBJt8bPjq,SSC / TK,public,Korea,33,35,1786100331549,1786105408548,2026-08-07T10:58:51Z,2026-08-07T12:23:28Z,https://classic.warcraftlogs.com/reports/YK6aHngMBJt8bPjq,1056,2,2,-1,TRUE,100,-1
faFc1Nx8PWwhqCpB,SSC / TK,public,Korea,33,36,1786099654911,1786105397736,2026-08-07T10:47:34Z,2026-08-07T12:23:17Z,https://classic.warcraftlogs.com/reports/faFc1Nx8PWwhqCpB,1056,2,2,-1,TRUE,100,-1
LcFYpNbrACq9mhKa,SSC / TK,public,China,30,31,1786100620801,1786105388156,2026-08-07T11:03:40Z,2026-08-07T12:23:08Z,https://classic.warcraftlogs.com/reports/LcFYpNbrACq9mhKa,1056,2,2,-1,TRUE,100,-1
GX6wWVMm4yJbq9f2,SSC / TK - 07/08/26,public,United States,70,71,1786091731701,1786105379811,2026-08-07T08:35:31Z,2026-08-07T12:22:59Z,https://classic.warcraftlogs.com/reports/GX6wWVMm4yJbq9f2,1056,2,2,-1,TRUE,100,-1
wybGNA8d1tx3Kp9P,SSC / TK,public,United States,71,71,1786093170830,1786105102005,2026-08-07T08:59:30Z,2026-08-07T12:18:22Z,https://classic.warcraftlogs.com/reports/wybGNA8d1tx3Kp9P,1056,2,2,-1,TRUE,100,-1
pYyLT8RHcbPB1ZqK,SSC / TK,public,China,1,29,1786100684486,1786105232333,2026-08-07T11:04:44Z,2026-08-07T12:20:32Z,https://classic.warcraftlogs.com/reports/pYyLT8RHcbPB1ZqK,1056,2,2,-1,TRUE,100,-1
HvrJwLCtzjaX3PZ4,0807毒蛇风暴,public,China,1,16,1786102277161,1786105309075,2026-08-07T11:31:17Z,2026-08-07T12:21:49Z,https://classic.warcraftlogs.com/reports/HvrJwLCtzjaX3PZ4,1056,2,2,-1,TRUE,100,-1
mtMFkb6wYg3ja8RH,SSC / TK,public,China,1,3,1786100314999,1786105288742,2026-08-07T10:58:34Z,2026-08-07T12:21:28Z,https://classic.warcraftlogs.com/reports/mtMFkb6wYg3ja8RH,1056,2,2,-1,TRUE,100,-1
btRW9Xwm8MLr4GjP,SSC / TK,public,China,21,25,1786100418059,1786105322364,2026-08-07T11:00:18Z,2026-08-07T12:22:02Z,https://classic.warcraftlogs.com/reports/btRW9Xwm8MLr4GjP,1056,2,2,-1,TRUE,100,-1
vkKQLAhwR391Yypt,SSC / TK,public,China,25,31,1786100684791,1786105320909,2026-08-07T11:04:44Z,2026-08-07T12:22:00Z,https://classic.warcraftlogs.com/reports/vkKQLAhwR391Yypt,1056,2,2,-1,TRUE,100,-1
BcR7p1Agq6XQwmkf,SSC / TK,public,Korea,35,36,1786099715795,1786105324940,2026-08-07T10:48:35Z,2026-08-07T12:22:04Z,https://classic.warcraftlogs.com/reports/BcR7p1Agq6XQwmkf,1056,2,2,-1,TRUE,100,-1
QM18jLCAr7v9c6m4,周五222,public,China,21,25,1786100608569,1786105322995,2026-08-07T11:03:28Z,2026-08-07T12:22:02Z,https://classic.warcraftlogs.com/reports/QM18jLCAr7v9c6m4,1056,2,2,-1,TRUE,100,-1
agA7bqPxWm8HtTpk,SSC / TK,public,United States,1,29,1786093903953,1786102511026,2026-08-07T09:11:43Z,2026-08-07T11:35:11Z,https://classic.warcraftlogs.com/reports/agA7bqPxWm8HtTpk,1056,2,2,-1,TRUE,100,-1
GJC3ahnwLvAMtXQH,Boho,public,Korea,20,28,1786102310280,1786105319557,2026-08-07T11:31:50Z,2026-08-07T12:21:59Z,https://classic.warcraftlogs.com/reports/GJC3ahnwLvAMtXQH,1056,2,2,-1,TRUE,100,-1
zVdcM3Gtm9ZaFwD6,SSC / TK,public,Korea,1,25,1786100731522,1786105089175,2026-08-07T11:05:31Z,2026-08-07T12:18:09Z,https://classic.warcraftlogs.com/reports/zVdcM3Gtm9ZaFwD6,1056,2,2,-1,TRUE,100,-1
a9r7tPvjnRHZLmk2,SSC / TK,public,Korea,25,31,1786101041723,1786105283780,2026-08-07T11:10:41Z,2026-08-07T12:21:23Z,https://classic.warcraftlogs.com/reports/a9r7tPvjnRHZLmk2,1056,2,2,-1,TRUE,100,-1
MQVmhwcDvPgKBz7y,SSC / TK,public,Korea,33,33,1786076860589,1786105283251,2026-08-07T04:27:40Z,2026-08-07T12:21:23Z,https://classic.warcraftlogs.com/reports/MQVmhwcDvPgKBz7y,1056,2,2,-1,TRUE,100,-1
kb9wvh3n8TDBZRqM,tk downunder ,public,United States,1,15,1786094675193,1786104677463,2026-08-07T09:24:35Z,2026-08-07T12:11:17Z,https://classic.warcraftlogs.com/reports/kb9wvh3n8TDBZRqM,1056,2,2,-1,TRUE,100,-1
3tmq7B4aQzPAYcFg,SSC / TK,public,Korea,27,30,1786099897556,1786105204882,2026-08-07T10:51:37Z,2026-08-07T12:20:04Z,https://classic.warcraftlogs.com/reports/3tmq7B4aQzPAYcFg,1056,2,2,-1,TRUE,100,-1
gpmD4ArYNc1kzFdZ,SSC / TK,public,Korea,26,30,1786100907816,1786105275194,2026-08-07T11:08:27Z,2026-08-07T12:21:15Z,https://classic.warcraftlogs.com/reports/gpmD4ArYNc1kzFdZ,1056,2,2,-1,TRUE,100,-1
qc6N8HGvxFJZa7Wy,SSC / TK,public,China,13,33,1786100016941,1786105406095,2026-08-07T10:53:36Z,2026-08-07T12:23:26Z,https://classic.warcraftlogs.com/reports/qc6N8HGvxFJZa7Wy,1056,2,2,-1,TRUE,100,-1
BHdGkFJcCjfywrLK,SSC / TK,public,Korea,25,27,1786100842008,1786105259320,2026-08-07T11:07:22Z,2026-08-07T12:20:59Z,https://classic.warcraftlogs.com/reports/BHdGkFJcCjfywrLK,1056,2,2,-1,TRUE,100,-1
4ZDT1N7h6JVvaQBL,SSC / TK,public,China,20,20,1786100101116,1786105249360,2026-08-07T10:55:01Z,2026-08-07T12:20:49Z,https://classic.warcraftlogs.com/reports/4ZDT1N7h6JVvaQBL,1056,2,2,-1,TRUE,100,-1
yQGcFr3XKkCaRzbv,上头组 裙Alexhou0602,public,China,14,21,1786101063022,1786105250850,2026-08-07T11:11:03Z,2026-08-07T12:20:50Z,https://classic.warcraftlogs.com/reports/yQGcFr3XKkCaRzbv,1056,2,2,-1,TRUE,100,-1
9Hh46RdGmZDYKj3k,SSC / TK,public,China,26,30,1786101557205,1786105236798,2026-08-07T11:19:17Z,2026-08-07T12:20:36Z,https://classic.warcraftlogs.com/reports/9Hh46RdGmZDYKj3k,1056,2,2,-1,TRUE,100,-1
tpvzND6jbwPYMVJA,SSC / TK,public,China,26,29,1786100730075,1786105237614,2026-08-07T11:05:30Z,2026-08-07T12:20:37Z,https://classic.warcraftlogs.com/reports/tpvzND6jbwPYMVJA,1056,2,2,-1,TRUE,100,-1
MZcN9KbfwthQp4jP,SSC / TK,public,Korea,16,30,1786100441971,1786105188686,2026-08-07T11:00:41Z,2026-08-07T12:19:48Z,https://classic.warcraftlogs.com/reports/MZcN9KbfwthQp4jP,1056,2,2,-1,TRUE,100,-1
bB1gWPnTGMhN3Fw9,SSC / TK,public,China,1,6,1786101022521,1786105113595,2026-08-07T11:10:22Z,2026-08-07T12:18:33Z,https://classic.warcraftlogs.com/reports/bB1gWPnTGMhN3Fw9,1056,2,2,-1,TRUE,100,-1
Abnq4WXJV37kBcZQ,SSC / TK,public,China,17,19,1786101762014,1786105160621,2026-08-07T11:22:42Z,2026-08-07T12:19:20Z,https://classic.warcraftlogs.com/reports/Abnq4WXJV37kBcZQ,1056,2,2,-1,TRUE,100,-1
B6mJpfthr4n1dHZL,SSC / TK,public,Korea,28,33,1786101384878,1786105156898,2026-08-07T11:16:24Z,2026-08-07T12:19:16Z,https://classic.warcraftlogs.com/reports/B6mJpfthr4n1dHZL,1056,2,2,-1,TRUE,100,-1
ARLh4gdkpY6vF9Ww,ssc,public,United States,1,36,1786097221290,1786106520984,2026-08-07T10:07:01Z,2026-08-07T12:42:00Z,https://classic.warcraftlogs.com/reports/ARLh4gdkpY6vF9Ww,1056,2,2,-1,TRUE,100,-1
ZyYbh7BjLtNRzAd9,아영막공,public,Korea,33,36,1786100174810,1786104973799,2026-08-07T10:56:14Z,2026-08-07T12:16:13Z,https://classic.warcraftlogs.com/reports/ZyYbh7BjLtNRzAd9,1056,2,2,-1,TRUE,100,-1
bxYFQztK1nVZP8Cf,SSC / TK,public,China,27,31,1786097984225,1786104937288,2026-08-07T10:19:44Z,2026-08-07T12:15:37Z,https://classic.warcraftlogs.com/reports/bxYFQztK1nVZP8Cf,1056,2,2,-1,TRUE,100,-1
nBMty9XLYVp4CJfg,SSC / TK,public,Korea,44,60,1786096403473,1786104936872,2026-08-07T09:53:23Z,2026-08-07T12:15:36Z,https://classic.warcraftlogs.com/reports/nBMty9XLYVp4CJfg,1056,2,2,-1,TRUE,100,-1
Xx9H2BjLWamMgFck,SSC / TK,public,Korea,58,61,1786097131454,1786104936686,2026-08-07T10:05:31Z,2026-08-07T12:15:36Z,https://classic.warcraftlogs.com/reports/Xx9H2BjLWamMgFck,1056,2,2,-1,TRUE,100,-1
KnJa1gh7mHwj9Rv6,SSC / TK,public,China,1,3,1786079507924,1786104618189,2026-08-07T05:11:47Z,2026-08-07T12:10:18Z,https://classic.warcraftlogs.com/reports/KnJa1gh7mHwj9Rv6,1056,2,2,-1,TRUE,100,-1
6kdTV8Q9HGCP7BMx,SSC / TK,public,Europe,1,33,1786096055559,1786104820164,2026-08-07T09:47:35Z,2026-08-07T12:13:40Z,https://classic.warcraftlogs.com/reports/6kdTV8Q9HGCP7BMx,1056,2,2,-1,TRUE,100,-1
xM4fC1KHaVRpGXWv,SSC / TK,public,United States,45,47,1786096479525,1786104846816,2026-08-07T09:54:39Z,2026-08-07T12:14:06Z,https://classic.warcraftlogs.com/reports/xM4fC1KHaVRpGXWv,1056,2,2,-1,TRUE,100,-1
JjrybRzXAgDa2NpH,SSC / TK,public,China,1,28,1786100684486,1786104617885,2026-08-07T11:04:44Z,2026-08-07T12:10:17Z,https://classic.warcraftlogs.com/reports/JjrybRzXAgDa2NpH,1056,2,2,-1,TRUE,100,-1
dNHxCVh3A1TfM7wr,SSC / TK,public,Korea,28,28,1786101034937,1786104753308,2026-08-07T11:10:34Z,2026-08-07T12:12:33Z,https://classic.warcraftlogs.com/reports/dNHxCVh3A1TfM7wr,1056,2,2,-1,TRUE,100,-1
2QmGRWZtFcCBPDAf,SSC / TK,public,Korea,1,8,1786103825574,1786104698693,2026-08-07T11:57:05Z,2026-08-07T12:11:38Z,https://classic.warcraftlogs.com/reports/2QmGRWZtFcCBPDAf,1056,2,2,-1,TRUE,100,-1
yYv3qHNVJL97f1AZ,8.7双本,public,China,22,22,1786100720434,1786104551295,2026-08-07T11:05:20Z,2026-08-07T12:09:11Z,https://classic.warcraftlogs.com/reports/yYv3qHNVJL97f1AZ,1056,2,2,-1,TRUE,100,-1
ymac2Hd9Brfx1RYL,"Honor pug, kinda clean",public,Europe,1,62,1786048181138,1786059252155,2026-08-06T20:29:41Z,2026-08-06T23:34:12Z,https://classic.warcraftlogs.com/reports/ymac2Hd9Brfx1RYL,1056,2,2,-1,TRUE,100,-1
4QKd82bwJBnWHDXY,SSC / TK,public,Korea,2,108,1786066824511,1786087864139,2026-08-07T01:40:24Z,2026-08-07T07:31:04Z,https://classic.warcraftlogs.com/reports/4QKd82bwJBnWHDXY,1056,2,2,-1,TRUE,100,-1
QCm9JY2bZycwqj18,SSC / TK,public,China,1,4,1786101022521,1786104420576,2026-08-07T11:10:22Z,2026-08-07T12:07:00Z,https://classic.warcraftlogs.com/reports/QCm9JY2bZycwqj18,1056,2,2,-1,TRUE,100,-1
q3j7Xrw4Z8RHTmvd,SSC / TK,public,Europe,1,4,1786092356364,1786103611065,2026-08-07T08:45:56Z,2026-08-07T11:53:31Z,https://classic.warcraftlogs.com/reports/q3j7Xrw4Z8RHTmvd,1056,2,2,-1,TRUE,100,-1
Gf3HngJMPvbWBN6Y,SSC / TK,public,Korea,33,35,1786099993413,1786104485594,2026-08-07T10:53:13Z,2026-08-07T12:08:05Z,https://classic.warcraftlogs.com/reports/Gf3HngJMPvbWBN6Y,1056,2,2,-1,TRUE,100,-1
bgafkxHZmvFqn3Q9,SSC / TK,public,United States,1,38,1785935170041,1785942023949,2026-08-05T13:06:10Z,2026-08-05T15:00:23Z,https://classic.warcraftlogs.com/reports/bgafkxHZmvFqn3Q9,1056,2,2,-1,TRUE,100,-1
1q23RpBmnz4NPD6L,52,public,China,91,114,1786066438358,1786104455959,2026-08-07T01:33:58Z,2026-08-07T12:07:35Z,https://classic.warcraftlogs.com/reports/1q23RpBmnz4NPD6L,1056,2,2,-1,TRUE,100,-1
rKc1DmNL42xnvTy6,SSC / TK,public,China,1,29,1786099390107,1786104223099,2026-08-07T10:43:10Z,2026-08-07T12:03:43Z,https://classic.warcraftlogs.com/reports/rKc1DmNL42xnvTy6,1056,2,2,-1,TRUE,100,-1
cJk12wFx8HrXBVmK,SSC / TK,public,China,1,2,1786099670097,1786103806994,2026-08-07T10:47:50Z,2026-08-07T11:56:46Z,https://classic.warcraftlogs.com/reports/cJk12wFx8HrXBVmK,1056,2,2,-1,TRUE,100,-1
Qyq6JgmaLdvhYVN8,SSC / TK,public,China,1,3,1786101022521,1786103978428,2026-08-07T11:10:22Z,2026-08-07T11:59:38Z,https://classic.warcraftlogs.com/reports/Qyq6JgmaLdvhYVN8,1056,2,2,-1,TRUE,100,-1
9Gr8VBJwpYadQ2Wx,SSC / TK,public,China,1,4,1786098927312,1786104071846,2026-08-07T10:35:27Z,2026-08-07T12:01:11Z,https://classic.warcraftlogs.com/reports/9Gr8VBJwpYadQ2Wx,1056,2,2,-1,TRUE,100,-1
3x8gYmaV6hrFPv7Z,SSC / TK,public,China,1,3,1786098927312,1786102955764,2026-08-07T10:35:27Z,2026-08-07T11:42:35Z,https://classic.warcraftlogs.com/reports/3x8gYmaV6hrFPv7Z,1056,2,2,-1,TRUE,100,-1
BKaLWmMzVcDFQJZ3,SSC / TK,public,China,1,12,1786101284231,1786103674121,2026-08-07T11:14:44Z,2026-08-07T11:54:34Z,https://classic.warcraftlogs.com/reports/BKaLWmMzVcDFQJZ3,1056,2,2,-1,TRUE,100,-1
PAYTM9DJfvpzZQC2,SSC / TK,public,United States,1,41,1786093818380,1786103846953,2026-08-07T09:10:18Z,2026-08-07T11:57:26Z,https://classic.warcraftlogs.com/reports/PAYTM9DJfvpzZQC2,1056,2,2,-1,TRUE,100,-1
hmrpaKZGJXAfb2vj,SSC / TK,public,China,1,23,1786100684486,1786103768144,2026-08-07T11:04:44Z,2026-08-07T11:56:08Z,https://classic.warcraftlogs.com/reports/hmrpaKZGJXAfb2vj,1056,2,2,-1,TRUE,100,-1
ba4n7jDM61fYmFGN,SSC / TK,public,Europe,1,58,1786092086512,1786103694947,2026-08-07T08:41:26Z,2026-08-07T11:54:54Z,https://classic.warcraftlogs.com/reports/ba4n7jDM61fYmFGN,1056,2,2,-1,TRUE,100,-1
vWYHKTkb41RAgJx8,SSC / TK,public,Korea,1,3,1786101356420,1786103392048,2026-08-07T11:15:56Z,2026-08-07T11:49:52Z,https://classic.warcraftlogs.com/reports/vWYHKTkb41RAgJx8,1056,2,2,-1,TRUE,100,-1
LzYch7BNd8WGZvMt,SSC / TK,public,China,1,3,1786079507924,1786103498932,2026-08-07T05:11:47Z,2026-08-07T11:51:38Z,https://classic.warcraftlogs.com/reports/LzYch7BNd8WGZvMt,1056,2,2,-1,TRUE,100,-1
NZ3vMnq1dyK7xhz9,SSC / TK,public,China,1,46,1786093564151,1786103333829,2026-08-07T09:06:04Z,2026-08-07T11:48:53Z,https://classic.warcraftlogs.com/reports/NZ3vMnq1dyK7xhz9,1056,2,2,-1,TRUE,100,-1
846yvmaVbKCRL3Hn,SSC / TK,public,Europe,33,33,1786092260152,1786103610857,2026-08-07T08:44:20Z,2026-08-07T11:53:30Z,https://classic.warcraftlogs.com/reports/846yvmaVbKCRL3Hn,1056,2,2,-1,TRUE,100,-1
6QJ9wpVjh1MrkBGZ,SSC / TK,public,Europe,50,61,1786091855348,1786103613754,2026-08-07T08:37:35Z,2026-08-07T11:53:33Z,https://classic.warcraftlogs.com/reports/6QJ9wpVjh1MrkBGZ,1056,2,2,-1,TRUE,100,-1
fK9naL7XyAvTzFpG,SSC / TK,public,China,1,19,1786100684486,1786103288640,2026-08-07T11:04:44Z,2026-08-07T11:48:08Z,https://classic.warcraftlogs.com/reports/fK9naL7XyAvTzFpG,1056,2,2,-1,TRUE,100,-1
yQGP6czFN1bdxWAB,SSC / TK,public,China,1,1,1786099239868,1786102236712,2026-08-07T10:40:39Z,2026-08-07T11:30:36Z,https://classic.warcraftlogs.com/reports/yQGP6czFN1bdxWAB,1056,2,2,-1,TRUE,100,-1
wGjP3zpmBCRnt8cq,SSC / TK,public,Europe,1,13,1786037002177,1786062829629,2026-08-06T17:23:22Z,2026-08-07T00:33:49Z,https://classic.warcraftlogs.com/reports/wGjP3zpmBCRnt8cq,1056,2,2,-1,TRUE,100,-1
jzFNMZJVtaC31KxQ,lock tk/ssc,public,United States,41,41,1786093920202,1786103454598,2026-08-07T09:12:00Z,2026-08-07T11:50:54Z,https://classic.warcraftlogs.com/reports/jzFNMZJVtaC31KxQ,1056,2,2,-1,TRUE,100,-1
8GMr6Q71xpFdqZn3,SSC / TK,public,Korea,1,19,1786097220647,1786099784809,2026-08-07T10:07:00Z,2026-08-07T10:49:44Z,https://classic.warcraftlogs.com/reports/8GMr6Q71xpFdqZn3,1056,2,2,-1,TRUE,100,-1
kFALwjvcdK7JyB4R,Time Zone: SSC - Bog Standard - 08/07,public,United States,1,34,1786086272757,1786101612315,2026-08-07T07:04:32Z,2026-08-07T11:20:12Z,https://classic.warcraftlogs.com/reports/kFALwjvcdK7JyB4R,1056,2,2,-1,TRUE,100,-1
fJnhjCm9K3av17yZ,SSC / TK,public,United States,50,64,1786056638142,1786103049715,2026-08-06T22:50:38Z,2026-08-07T11:44:09Z,https://classic.warcraftlogs.com/reports/fJnhjCm9K3av17yZ,1056,2,2,-1,TRUE,100,-1
rGKdm9W18YQfZJvR,SSC / TK,public,United States,56,57,1786095358138,1786102891818,2026-08-07T09:35:58Z,2026-08-07T11:41:31Z,https://classic.warcraftlogs.com/reports/rGKdm9W18YQfZJvR,1056,3,3,-1,TRUE,100,-1
bBPX1WmJTdK2FGZh,두존나크,public,Korea,4,4,1786100844827,1786102694436,2026-08-07T11:07:24Z,2026-08-07T11:38:14Z,https://classic.warcraftlogs.com/reports/bBPX1WmJTdK2FGZh,1056,3,3,-1,TRUE,100,-1
bj8zPKwhya2JZxBv,Elotheras Weekly Pug ,public,Europe,30,31,1786097206795,1786102680529,2026-08-07T10:06:46Z,2026-08-07T11:38:00Z,https://classic.warcraftlogs.com/reports/bj8zPKwhya2JZxBv,1056,3,3,-1,TRUE,100,-1
KhRzbyPX3MB8QYgm,SSC / TK,public,China,1,1,1786018109236,1786031045776,2026-08-06T12:08:29Z,2026-08-06T15:44:05Z,https://classic.warcraftlogs.com/reports/KhRzbyPX3MB8QYgm,1056,3,3,-1,TRUE,100,-1
rpzVJfwL82hd13mC,SSC / TK,public,China,1,7,1786100581599,1786102083723,2026-08-07T11:03:01Z,2026-08-07T11:28:03Z,https://classic.warcraftlogs.com/reports/rpzVJfwL82hd13mC,1056,3,3,-1,TRUE,100,-1
WmagAMvnw1Qzp6jV,randompug,public,Europe,6,6,1786101487791,1786102357916,2026-08-07T11:18:07Z,2026-08-07T11:32:37Z,https://classic.warcraftlogs.com/reports/WmagAMvnw1Qzp6jV,1056,3,3,-1,TRUE,100,-1
Ry2LvkmXJN8TxwaP,SSC / TK,public,United States,48,48,1786091762985,1786102350766,2026-08-07T08:36:02Z,2026-08-07T11:32:30Z,https://classic.warcraftlogs.com/reports/Ry2LvkmXJN8TxwaP,1056,3,3,-1,TRUE,100,-1
1HQyPRNALX7q8K3F,SSC / TK,public,United States,24,34,1786095773845,1786102341714,2026-08-07T09:42:53Z,2026-08-07T11:32:21Z,https://classic.warcraftlogs.com/reports/1HQyPRNALX7q8K3F,1056,3,3,-1,TRUE,100,-1
VWrg42cFB17Nbzdj,SSC(kurz)&Kara Fun,public,Europe,1,37,1786038898176,1786049166073,2026-08-06T17:54:58Z,2026-08-06T20:46:06Z,https://classic.warcraftlogs.com/reports/VWrg42cFB17Nbzdj,1056,3,3,-1,TRUE,100,-1
zVNMKD6jbm38aCwp,SSC / TK,public,United States,33,34,1786095437380,1786102122025,2026-08-07T09:37:17Z,2026-08-07T11:28:42Z,https://classic.warcraftlogs.com/reports/zVNMKD6jbm38aCwp,1056,3,3,-1,TRUE,100,-1
x7dnQLqPKmHGNRvc,SSC Raid 2 - 08/07/26,public,Europe,48,49,1786090832013,1786102041003,2026-08-07T08:20:32Z,2026-08-07T11:27:21Z,https://classic.warcraftlogs.com/reports/x7dnQLqPKmHGNRvc,1056,3,3,-1,TRUE,100,-1
JVr1CkcZhDFfR4tg,SSC / TK,public,Europe,50,51,1786088265412,1786102039200,2026-08-07T07:37:45Z,2026-08-07T11:27:19Z,https://classic.warcraftlogs.com/reports/JVr1CkcZhDFfR4tg,1056,3,3,-1,TRUE,100,-1
jwpHvhKzWmN82fAD,SSC / TK,public,United States,77,78,1786090422525,1786101647698,2026-08-07T08:13:42Z,2026-08-07T11:20:47Z,https://classic.warcraftlogs.com/reports/jwpHvhKzWmN82fAD,1056,3,3,-1,TRUE,100,-1
8Cg1WQvYbnpjGDfm,boingg,public,United States,79,79,1786088738172,1786101648705,2026-08-07T07:45:38Z,2026-08-07T11:20:48Z,https://classic.warcraftlogs.com/reports/8Cg1WQvYbnpjGDfm,1056,3,3,-1,TRUE,100,-1
2AXfKacN1pZBgwTz,SSC / TK,public,United States,55,72,1786067686199,1786101294567,2026-08-07T01:54:46Z,2026-08-07T11:14:54Z,https://classic.warcraftlogs.com/reports/2AXfKacN1pZBgwTz,1056,3,3,-1,TRUE,100,-1
rn39vgkcH1bxDwjA,SSC / TK,public,China,4,4,1786100479653,1786101220656,2026-08-07T11:01:19Z,2026-08-07T11:13:40Z,https://classic.warcraftlogs.com/reports/rn39vgkcH1bxDwjA,1056,3,3,-1,TRUE,100,-1
qGj9WDbJmrXgVawP,SSC / TK,public,United States,79,80,1786088560343,1786101085639,2026-08-07T07:42:40Z,2026-08-07T11:11:25Z,https://classic.warcraftlogs.com/reports/qGj9WDbJmrXgVawP,1056,3,3,-1,TRUE,100,-1
JHfzmcMYBAWGya6j,SSC / TK,public,United States,46,50,1786093544101,1786101064909,2026-08-07T09:05:44Z,2026-08-07T11:11:04Z,https://classic.warcraftlogs.com/reports/JHfzmcMYBAWGya6j,1056,3,3,-1,TRUE,100,-1
hAz4QWgjCyXk3mf8,SSC / TK,public,Europe,1,41,1786040502801,1786048981510,2026-08-06T18:21:42Z,2026-08-06T20:43:01Z,https://classic.warcraftlogs.com/reports/hAz4QWgjCyXk3mf8,1056,3,3,-1,TRUE,100,-1
Pj1VBHcJ387KnACg,SSC / TK,public,United States,1,59,1786089409828,1786100398561,2026-08-07T07:56:49Z,2026-08-07T10:59:58Z,https://classic.warcraftlogs.com/reports/Pj1VBHcJ387KnACg,1056,3,3,-1,TRUE,100,-1
mx6jd3vX7GcaFDTV,demoniruni ,public,Europe,57,69,1786039508094,1786100400075,2026-08-06T18:05:08Z,2026-08-07T11:00:00Z,https://classic.warcraftlogs.com/reports/mx6jd3vX7GcaFDTV,1056,3,3,-1,TRUE,100,-1
LH4jwFTWpPRqn2Qf,SSC / TK,public,Europe,63,63,1786089924982,1786100385030,2026-08-07T08:05:24Z,2026-08-07T10:59:45Z,https://classic.warcraftlogs.com/reports/LH4jwFTWpPRqn2Qf,1056,3,3,-1,TRUE,100,-1
XpzacR4FJWQMn3mK,SSC / TK,public,China,1,35,1786018625380,1786028077746,2026-08-06T12:17:05Z,2026-08-06T14:54:37Z,https://classic.warcraftlogs.com/reports/XpzacR4FJWQMn3mK,1056,3,3,-1,TRUE,100,-1
fCc4MbGZN1BpzwT9,Week 25: Kirabreika SSC+TK,public,Europe,44,63,1786088654778,1786099691800,2026-08-07T07:44:14Z,2026-08-07T10:48:11Z,https://classic.warcraftlogs.com/reports/fCc4MbGZN1BpzwT9,1056,3,3,-1,TRUE,100,-1
xKmpNz6Vw7P43RjQ,SSC / TK,public,Europe,67,68,1786088123960,1786099672469,2026-08-07T07:35:23Z,2026-08-07T10:47:52Z,https://classic.warcraftlogs.com/reports/xKmpNz6Vw7P43RjQ,1056,3,3,-1,TRUE,100,-1
2LzhKRqt8B3Gwn9P,SSC 7/8/26,public,United States,2,7,1786093425102,1786096492820,2026-08-07T09:03:45Z,2026-08-07T09:54:52Z,https://classic.warcraftlogs.com/reports/2LzhKRqt8B3Gwn9P,1056,3,3,-1,TRUE,100,-1
Pd6Mz7BpHjnYr2y4,SSC 7/8/26,public,United States,3,7,1786093425102,1786096492820,2026-08-07T09:03:45Z,2026-08-07T09:54:52Z,https://classic.warcraftlogs.com/reports/Pd6Mz7BpHjnYr2y4,1056,3,3,-1,TRUE,100,-1
ra9HxW7tZKYLv3m8,SSC / TK,public,China,1,6,1786068555603,1786099245466,2026-08-07T02:09:15Z,2026-08-07T10:40:45Z,https://classic.warcraftlogs.com/reports/ra9HxW7tZKYLv3m8,1056,3,3,-1,TRUE,100,-1
b2HZQhA46tkTypMR,SSC/TK,public,United States,1,5,1786095785755,1786099146113,2026-08-07T09:43:05Z,2026-08-07T10:39:06Z,https://classic.warcraftlogs.com/reports/b2HZQhA46tkTypMR,1056,3,3,-1,TRUE,100,-1
cmbdGvHtNanWK78R,8061,public,China,1,9,1786079199883,1786096149854,2026-08-07T05:06:39Z,2026-08-07T09:49:09Z,https://classic.warcraftlogs.com/reports/cmbdGvHtNanWK78R,1056,3,3,-1,TRUE,100,-1
zJxgBtDHy81CRFLQ,0806,public,China,1,13,1786016497182,1786025988331,2026-08-06T11:41:37Z,2026-08-06T14:19:48Z,https://classic.warcraftlogs.com/reports/zJxgBtDHy81CRFLQ,1056,3,3,-1,TRUE,100,-1
zKaxDHqVbc4CTvn9,SSC / TK,public,China,1,7,1786017112276,1786027045469,2026-08-06T11:51:52Z,2026-08-06T14:37:25Z,https://classic.warcraftlogs.com/reports/zKaxDHqVbc4CTvn9,1056,3,3,-1,TRUE,100,-1
afgc1BMVmRDtJwL6,SSC / TK,public,China,1,4,1786021584134,1786025707662,2026-08-06T13:06:24Z,2026-08-06T14:15:07Z,https://classic.warcraftlogs.com/reports/afgc1BMVmRDtJwL6,1056,3,3,-1,TRUE,100,-1
6GVth4jvx2q3KCAg,SSC / TK,public,China,1,5,1786014552698,1786020694906,2026-08-06T11:09:12Z,2026-08-06T12:51:34Z,https://classic.warcraftlogs.com/reports/6GVth4jvx2q3KCAg,1056,3,3,-1,TRUE,100,-1
yCxPTzK4NnRJkpM3,sempershot mostly guild tues/thursday late night team,public,United States,1,31,1786070617126,1786079122104,2026-08-07T02:43:37Z,2026-08-07T05:05:22Z,https://classic.warcraftlogs.com/reports/yCxPTzK4NnRJkpM3,1056,3,3,-1,TRUE,100,-1
V17LWgyvZ6QaTPXB,0310,public,China,1,7,1786082049981,1786097678628,2026-08-07T05:54:09Z,2026-08-07T10:14:38Z,https://classic.warcraftlogs.com/reports/V17LWgyvZ6QaTPXB,1056,3,3,-1,TRUE,100,-1
JdDVkmBTKjNX8HZF,SSC / TK,public,Europe,39,39,1786092260152,1786098486785,2026-08-07T08:44:20Z,2026-08-07T10:28:06Z,https://classic.warcraftlogs.com/reports/JdDVkmBTKjNX8HZF,1056,3,3,-1,TRUE,100,-1
mFvLQz6ngYNW7x2j,SSC / TK,public,Europe,1,6,1786092356364,1786097526109,2026-08-07T08:45:56Z,2026-08-07T10:12:06Z,https://classic.warcraftlogs.com/reports/mFvLQz6ngYNW7x2j,1056,3,3,-1,TRUE,100,-1
ykaW8JZXBjVLzgtC,SSC/TK 08/04,public,United States,2,49,1785902680879,1785909948475,2026-08-05T04:04:40Z,2026-08-05T06:05:48Z,https://classic.warcraftlogs.com/reports/ykaW8JZXBjVLzgtC,1056,3,3,-1,TRUE,100,-1
Gp9VZ6qKADXynW4g,SSC / TK,public,Europe,73,73,1786088219968,1786098200441,2026-08-07T07:36:59Z,2026-08-07T10:23:20Z,https://classic.warcraftlogs.com/reports/Gp9VZ6qKADXynW4g,1056,3,3,-1,TRUE,100,-1
RNAd3XMWwVHrGkmn,raid,public,Europe,72,72,1786087881881,1786098199732,2026-08-07T07:31:21Z,2026-08-07T10:23:19Z,https://classic.warcraftlogs.com/reports/RNAd3XMWwVHrGkmn,1056,3,3,-1,TRUE,100,-1
xDXL86QcKzZF7rTB,SSC / TK,public,Korea,1,58,1786016204337,1786028067188,2026-08-06T11:36:44Z,2026-08-06T14:54:27Z,https://classic.warcraftlogs.com/reports/xDXL86QcKzZF7rTB,1056,3,3,-1,TRUE,100,-1
LPR19aHMQ4czypVt,2026.8.7 荣记 毒蛇+风暴,public,China,1,10,1786083085189,1786096605557,2026-08-07T06:11:25Z,2026-08-07T09:56:45Z,https://classic.warcraftlogs.com/reports/LPR19aHMQ4czypVt,1056,3,3,-1,TRUE,100,-1
n2Fp96xd3a8W7Hfv,SSC / TK,public,Europe,1,31,1786092086512,1786097602210,2026-08-07T08:41:26Z,2026-08-07T10:13:22Z,https://classic.warcraftlogs.com/reports/n2Fp96xd3a8W7Hfv,1056,3,3,-1,TRUE,100,-1
dKqxgrp4kAP7vfcF,0310,public,China,60,61,1786082049981,1786097678628,2026-08-07T05:54:09Z,2026-08-07T10:14:38Z,https://classic.warcraftlogs.com/reports/dKqxgrp4kAP7vfcF,1056,3,3,-1,TRUE,100,-1
AvdtDrNchFq3nYfJ,SSC / TK,public,United States,15,15,1786092557383,1786097557067,2026-08-07T08:49:17Z,2026-08-07T10:12:37Z,https://classic.warcraftlogs.com/reports/AvdtDrNchFq3nYfJ,1056,3,3,-1,TRUE,100,-1
FtXGmQ9BW2yzZpNV,SSC / TK,public,China,1,7,1786081523244,1786095578312,2026-08-07T05:45:23Z,2026-08-07T09:39:38Z,https://classic.warcraftlogs.com/reports/FtXGmQ9BW2yzZpNV,1056,3,3,-1,TRUE,100,-1
1Cgqj6c7WPQwtGmT,TK,public,United States,1,11,1786064803772,1786066917694,2026-08-07T01:06:43Z,2026-08-07T01:41:57Z,https://classic.warcraftlogs.com/reports/1Cgqj6c7WPQwtGmT,1056,3,3,-1,TRUE,100,-1
4fQCJRAD7xdXqFzt,SSC / TK,public,China,1,55,1786019345049,1786028539352,2026-08-06T12:29:05Z,2026-08-06T15:02:19Z,https://classic.warcraftlogs.com/reports/4fQCJRAD7xdXqFzt,1056,3,3,-1,TRUE,100,-1
j6KAF9QM7wndrJfa,SSC / TK,public,Europe,16,37,1786088283069,1786096749249,2026-08-07T07:38:03Z,2026-08-07T09:59:09Z,https://classic.warcraftlogs.com/reports/j6KAF9QM7wndrJfa,1056,3,3,-1,TRUE,100,-1
XA4y18avVWkqz3dr,SSC / TK,public,China,1,26,1786019345049,1786023151326,2026-08-06T12:29:05Z,2026-08-06T13:32:31Z,https://classic.warcraftlogs.com/reports/XA4y18avVWkqz3dr,1056,3,3,-1,TRUE,100,-1
QxB39p8htRMdFajN,SSC / TK,public,China,1,2,1786095428862,1786096220910,2026-08-07T09:37:08Z,2026-08-07T09:50:20Z,https://classic.warcraftlogs.com/reports/QxB39p8htRMdFajN,1056,3,3,-1,TRUE,100,-1
VmqwrPKj8xRdGMp1,SSC / TK,public,China,68,73,1786081912018,1786096205811,2026-08-07T05:51:52Z,2026-08-07T09:50:05Z,https://classic.warcraftlogs.com/reports/VmqwrPKj8xRdGMp1,1056,3,3,-1,TRUE,100,-1
rmqd6LvDPBt9y21Y,SSC / TK,public,Europe,1,74,1786039826652,1786059161741,2026-08-06T18:10:26Z,2026-08-06T23:32:41Z,https://classic.warcraftlogs.com/reports/rmqd6LvDPBt9y21Y,1056,3,3,-1,TRUE,100,-1
Z6VDnjqravWhYF3A,SSC 07/08/2026,public,United States,43,43,1786088110597,1786095901745,2026-08-07T07:35:10Z,2026-08-07T09:45:01Z,https://classic.warcraftlogs.com/reports/Z6VDnjqravWhYF3A,1056,3,3,-1,TRUE,100,-1
wVBThyxz482GNH3L,SSC / TK,public,Korea,1,59,1786085748245,1786095512466,2026-08-07T06:55:48Z,2026-08-07T09:38:32Z,https://classic.warcraftlogs.com/reports/wVBThyxz482GNH3L,1056,3,3,-1,TRUE,100,-1
QYWVXjqmAnTrNKZH,SSC / TK,public,China,56,56,1786083107048,1786095460436,2026-08-07T06:11:47Z,2026-08-07T09:37:40Z,https://classic.warcraftlogs.com/reports/QYWVXjqmAnTrNKZH,1056,3,3,-1,TRUE,100,-1
4nxrDCKbYpFH1dak,SSC / TK,public,China,55,55,1786084021236,1786095450954,2026-08-07T06:27:01Z,2026-08-07T09:37:30Z,https://classic.warcraftlogs.com/reports/4nxrDCKbYpFH1dak,1056,3,3,-1,TRUE,100,-1
DKzFBN8b67vd2Yty,SSC / TK,public,United States,49,49,1786073075048,1786095442756,2026-08-07T03:24:35Z,2026-08-07T09:37:22Z,https://classic.warcraftlogs.com/reports/DKzFBN8b67vd2Yty,1056,3,3,-1,TRUE,100,-1
XG8YZ6gj9ABC1kaf,SSC / TK,public,China,1,9,1786019167079,1786025463735,2026-08-06T12:26:07Z,2026-08-06T14:11:03Z,https://classic.warcraftlogs.com/reports/XG8YZ6gj9ABC1kaf,1056,3,3,-1,TRUE,100,-1
42CARvYjg7mDGxwF,SSC / TK,public,China,1,11,1786077630165,1786094746729,2026-08-07T04:40:30Z,2026-08-07T09:25:46Z,https://classic.warcraftlogs.com/reports/42CARvYjg7mDGxwF,1056,3,3,-1,TRUE,100,-1
xYJRmHDWTLF6ZrA7,SSC / TK,public,China,1,61,1786080455662,1786094365208,2026-08-07T05:27:35Z,2026-08-07T09:19:25Z,https://classic.warcraftlogs.com/reports/xYJRmHDWTLF6ZrA7,1056,3,3,-1,TRUE,100,-1
nZkWgDPjLGAcy9Yb,SSC / TK,public,Europe,95,96,1785864547271,1785878307359,2026-08-04T17:29:07Z,2026-08-04T21:18:27Z,https://classic.warcraftlogs.com/reports/nZkWgDPjLGAcy9Yb,1056,3,3,-1,TRUE,100,-1
LzGcynKWJZ4Fk9b2,SSC / TK,public,China,71,71,1786082245954,1786094974593,2026-08-07T05:57:25Z,2026-08-07T09:29:34Z,https://classic.warcraftlogs.com/reports/LzGcynKWJZ4Fk9b2,1056,3,3,-1,TRUE,100,-1
rBZmqbN8MJRz3KW7,SSC / TK,public,China,1,3,1786068555603,1786093542527,2026-08-07T02:09:15Z,2026-08-07T09:05:42Z,https://classic.warcraftlogs.com/reports/rBZmqbN8MJRz3KW7,1056,3,3,-1,TRUE,100,-1
wJbZ7GcKTnPfm4Vx,SSC / TK,public,China,1,10,1786080449728,1786094421028,2026-08-07T05:27:29Z,2026-08-07T09:20:21Z,https://classic.warcraftlogs.com/reports/wJbZ7GcKTnPfm4Vx,1056,3,3,-1,TRUE,100,-1
J69z7jRvpPMWQnZd,SSC / TK,public,China,1,29,1786078436263,1786094633693,2026-08-07T04:53:56Z,2026-08-07T09:23:53Z,https://classic.warcraftlogs.com/reports/J69z7jRvpPMWQnZd,1056,3,3,-1,TRUE,100,-1
A8BfnmNZVK9kPyXH,SSC / TK,public,United States,1,28,1786089409828,1786094583726,2026-08-07T07:56:49Z,2026-08-07T09:23:03Z,https://classic.warcraftlogs.com/reports/A8BfnmNZVK9kPyXH,1056,3,3,-1,TRUE,100,-1
NX8B7QHCvK3Yg9nL,SSC / TK,public,China,1,111,1786062562170,1786094411295,2026-08-07T00:29:22Z,2026-08-07T09:20:11Z,https://classic.warcraftlogs.com/reports/NX8B7QHCvK3Yg9nL,1056,3,3,-1,TRUE,100,-1
Trq3KXwhZANbdtHf,SSC / TK,public,China,1,9,1786080455662,1786094365208,2026-08-07T05:27:35Z,2026-08-07T09:19:25Z,https://classic.warcraftlogs.com/reports/Trq3KXwhZANbdtHf,1056,3,3,-1,TRUE,100,-1
zYawQkfqhmPrcNDV,SSC / TK,public,China,63,64,1786080449728,1786094421028,2026-08-07T05:27:29Z,2026-08-07T09:20:21Z,https://classic.warcraftlogs.com/reports/zYawQkfqhmPrcNDV,1056,3,3,-1,TRUE,100,-1
1FHqbKJ3N48xGBtV,SSC / TK,public,Korea,38,56,1786084896863,1786094011742,2026-08-07T06:41:36Z,2026-08-07T09:13:31Z,https://classic.warcraftlogs.com/reports/1FHqbKJ3N48xGBtV,1056,3,3,-1,TRUE,100,-1
r2xVqPyaXz1NWJAY,SSC / TK,public,China,1,9,1786080982136,1786093516277,2026-08-07T05:36:22Z,2026-08-07T09:05:16Z,https://classic.warcraftlogs.com/reports/r2xVqPyaXz1NWJAY,1056,3,3,-1,TRUE,100,-1
VFYn8hd91DfzMqjr,SSC / TK,public,China,1,9,1786082686145,1786093423212,2026-08-07T06:04:46Z,2026-08-07T09:03:43Z,https://classic.warcraftlogs.com/reports/VFYn8hd91DfzMqjr,1056,3,3,-1,TRUE,100,-1
79tQprqXRVKdbhBm,SSC / TK,public,China,66,66,1786075742293,1786093727188,2026-08-07T04:09:02Z,2026-08-07T09:08:47Z,https://classic.warcraftlogs.com/reports/79tQprqXRVKdbhBm,1056,3,3,-1,TRUE,100,-1
2yfYVBng3hHTd148,AZMRET,public,United States,48,77,1786065425651,1786093701098,2026-08-07T01:17:05Z,2026-08-07T09:08:21Z,https://classic.warcraftlogs.com/reports/2yfYVBng3hHTd148,1056,3,3,-1,TRUE,100,-1
pfdtZMgCGHKTbyqQ,SSC / TK,public,China,1,7,1786080406553,1786092014620,2026-08-07T05:26:46Z,2026-08-07T08:40:14Z,https://classic.warcraftlogs.com/reports/pfdtZMgCGHKTbyqQ,1056,3,3,-1,TRUE,100,-1
aXNW9Ax7nf2g3CrD,SSC / TK,public,China,1,7,1786079855335,1786092672353,2026-08-07T05:17:35Z,2026-08-07T08:51:12Z,https://classic.warcraftlogs.com/reports/aXNW9Ax7nf2g3CrD,1056,3,3,-1,TRUE,100,-1
TXcmKxwACtj2RhzB,SSC / TK,public,China,52,65,1786080406553,1786093340308,2026-08-07T05:26:46Z,2026-08-07T09:02:20Z,https://classic.warcraftlogs.com/reports/TXcmKxwACtj2RhzB,1056,3,3,-1,TRUE,100,-1
bdD9ZNXm7VwgRf1B,SSC / TK,public,China,1,8,1786080999793,1786092615698,2026-08-07T05:36:39Z,2026-08-07T08:50:15Z,https://classic.warcraftlogs.com/reports/bdD9ZNXm7VwgRf1B,1056,3,3,-1,TRUE,100,-1
fcyZpqxjwKYNkHa1,SSC / TK,public,China,1,3,1786089214408,1786092604928,2026-08-07T07:53:34Z,2026-08-07T08:50:04Z,https://classic.warcraftlogs.com/reports/fcyZpqxjwKYNkHa1,1056,3,3,-1,TRUE,100,-1
RjCrBQaHnKTNxYwm,SSC / TK,public,China,1,54,1786077643586,1786091544502,2026-08-07T04:40:43Z,2026-08-07T08:32:24Z,https://classic.warcraftlogs.com/reports/RjCrBQaHnKTNxYwm,1056,3,3,-1,TRUE,100,-1
BLYazTw73CmKgP2b,SSC / TK,public,China,44,54,1786080999793,1786092615698,2026-08-07T05:36:39Z,2026-08-07T08:50:15Z,https://classic.warcraftlogs.com/reports/BLYazTw73CmKgP2b,1056,3,3,-1,TRUE,100,-1
4XWZfVrRKyaNFhHQ,SSC / TK,public,China,1,44,1786078871557,1786091797174,2026-08-07T05:01:11Z,2026-08-07T08:36:37Z,https://classic.warcraftlogs.com/reports/4XWZfVrRKyaNFhHQ,1056,3,3,-1,TRUE,100,-1
HZpTqb8YKxP3rVdA,SSC / TK,public,Europe,1,65,1786038730180,1786053600409,2026-08-06T17:52:10Z,2026-08-06T22:00:00Z,https://classic.warcraftlogs.com/reports/HZpTqb8YKxP3rVdA,1056,3,3,-1,TRUE,100,-1
Jc8pf1KGamPYLhCT,8.7双本,public,China,1,9,1786080395999,1786092277774,2026-08-07T05:26:35Z,2026-08-07T08:44:37Z,https://classic.warcraftlogs.com/reports/Jc8pf1KGamPYLhCT,1056,3,3,-1,TRUE,100,-1
Hj14DQvxgJkFKcVy,SSC / TK,public,China,1,54,1786077643586,1786091544502,2026-08-07T04:40:43Z,2026-08-07T08:32:24Z,https://classic.warcraftlogs.com/reports/Hj14DQvxgJkFKcVy,1056,3,3,-1,TRUE,100,-1
YZQNGTBX7t46wLHa,SSC / TK,public,Europe,1,28,1786082808750,1786091970781,2026-08-07T06:06:48Z,2026-08-07T08:39:30Z,https://classic.warcraftlogs.com/reports/YZQNGTBX7t46wLHa,1056,3,3,-1,TRUE,100,-1
XFB2LcACMGrjQ3n8,SSC / TK,public,China,1,9,1786079507924,1786091651396,2026-08-07T05:11:47Z,2026-08-07T08:34:11Z,https://classic.warcraftlogs.com/reports/XFB2LcACMGrjQ3n8,1056,3,3,-1,TRUE,100,-1
C9h3VMwRndzDaKBG,8/6,public,United States,131,131,1786073342068,1786091974567,2026-08-07T03:29:02Z,2026-08-07T08:39:34Z,https://classic.warcraftlogs.com/reports/C9h3VMwRndzDaKBG,1056,3,3,-1,TRUE,100,-1
bADcTpr2wqV3naM1,SSC / TK,public,China,45,45,1786082101700,1786091957363,2026-08-07T05:55:01Z,2026-08-07T08:39:17Z,https://classic.warcraftlogs.com/reports/bADcTpr2wqV3naM1,1056,3,3,-1,TRUE,100,-1
AHm6nzWd4QkJbxBt,SSC / TK,public,China,31,31,1786077951768,1786091939495,2026-08-07T04:45:51Z,2026-08-07T08:38:59Z,https://classic.warcraftlogs.com/reports/AHm6nzWd4QkJbxBt,1056,3,3,-1,TRUE,100,-1
LmdygGDVH8bjkvQK,SSC / TK,public,China,1,60,1786079507924,1786091651396,2026-08-07T05:11:47Z,2026-08-07T08:34:11Z,https://classic.warcraftlogs.com/reports/LmdygGDVH8bjkvQK,1056,3,3,-1,TRUE,100,-1
vK23rmhjNkTRgJFV,SSC / TK,public,United States,69,79,1786075711792,1786091783861,2026-08-07T04:08:31Z,2026-08-07T08:36:23Z,https://classic.warcraftlogs.com/reports/vK23rmhjNkTRgJFV,1056,3,3,-1,TRUE,100,-1
cj6XrkWdw1maCgpH,early bird,public,Europe,60,62,1786082593231,1786091719005,2026-08-07T06:03:13Z,2026-08-07T08:35:19Z,https://classic.warcraftlogs.com/reports/cj6XrkWdw1maCgpH,1056,3,3,-1,TRUE,100,-1
gM2Gzxq6yKw4PvAf,SSC / TK,public,China,1,11,1786080679421,1786091304441,2026-08-07T05:31:19Z,2026-08-07T08:28:24Z,https://classic.warcraftlogs.com/reports/gM2Gzxq6yKw4PvAf,1056,3,3,-1,TRUE,100,-1
MZt7Vyn8rFD1YTw2,SSC / TK,public,China,1,11,1786064383358,1786091284267,2026-08-07T00:59:43Z,2026-08-07T08:28:04Z,https://classic.warcraftlogs.com/reports/MZt7Vyn8rFD1YTw2,1056,3,3,-1,TRUE,100,-1
BVnkrgtDj1XvfcmQ,SSC / TK,public,China,1,9,1786080231284,1786091281850,2026-08-07T05:23:51Z,2026-08-07T08:28:01Z,https://classic.warcraftlogs.com/reports/BVnkrgtDj1XvfcmQ,1056,3,3,-1,TRUE,100,-1
KPcLg3Hq9jtkwN6D,SSC / TK,public,United States,18,35,1786079048664,1786091468400,2026-08-07T05:04:08Z,2026-08-07T08:31:08Z,https://classic.warcraftlogs.com/reports/KPcLg3Hq9jtkwN6D,1056,3,3,-1,TRUE,100,-1
87pfGDzaX9dRbTxZ,SSC / TK,public,Korea,1,32,1786085748245,1786091435187,2026-08-07T06:55:48Z,2026-08-07T08:30:35Z,https://classic.warcraftlogs.com/reports/87pfGDzaX9dRbTxZ,1056,3,3,-1,TRUE,100,-1
VykgtAD4XbBdnTZq,SSC / TK,public,Europe,1,36,1786042059627,1786050457720,2026-08-06T18:47:39Z,2026-08-06T21:07:37Z,https://classic.warcraftlogs.com/reports/VykgtAD4XbBdnTZq,1056,4,4,-1,TRUE,100,-1
HMCyq4pPtZ3azvBf,SSC / TK,public,China,27,27,1786086710258,1786091317332,2026-08-07T07:11:50Z,2026-08-07T08:28:37Z,https://classic.warcraftlogs.com/reports/HMCyq4pPtZ3azvBf,1056,4,4,-1,TRUE,100,-1
hcMPRN8ntx2Hrzga,SSC / TK,public,China,1,9,1786063363296,1786090409943,2026-08-07T00:42:43Z,2026-08-07T08:13:29Z,https://classic.warcraftlogs.com/reports/hcMPRN8ntx2Hrzga,1056,4,4,-1,TRUE,100,-1
f2xW7QJVpbH9hRGT,SSC / TK,public,China,55,56,1786077426434,1786090793239,2026-08-07T04:37:06Z,2026-08-07T08:19:53Z,https://classic.warcraftlogs.com/reports/f2xW7QJVpbH9hRGT,1056,4,4,-1,TRUE,100,-1
BygmqpNYtKH614v8,SSC / TK,public,China,1,48,1786077587927,1786090044209,2026-08-07T04:39:47Z,2026-08-07T08:07:24Z,https://classic.warcraftlogs.com/reports/BygmqpNYtKH614v8,1056,4,4,-1,TRUE,100,-1
QzZyb7F1JwMYLv4V,SSC / TK,public,China,1,4,1786083125736,1786090123440,2026-08-07T06:12:05Z,2026-08-07T08:08:43Z,https://classic.warcraftlogs.com/reports/QzZyb7F1JwMYLv4V,1056,4,4,-1,TRUE,100,-1
dazqgP1LYyKMD7JG,SSC / TK,public,China,1,57,1786079528575,1786090213896,2026-08-07T05:12:08Z,2026-08-07T08:10:13Z,https://classic.warcraftlogs.com/reports/dazqgP1LYyKMD7JG,1056,4,4,-1,TRUE,100,-1
pBJT1yhAXLxfWaDz,SSC / TK,public,China,1,9,1786078062518,1786090143203,2026-08-07T04:47:42Z,2026-08-07T08:09:03Z,https://classic.warcraftlogs.com/reports/pBJT1yhAXLxfWaDz,1056,4,4,-1,TRUE,100,-1
zWx1NXMfZG7w2ynQ,asd,public,Europe,1,71,1786034918508,1786048209803,2026-08-06T16:48:38Z,2026-08-06T20:30:09Z,https://classic.warcraftlogs.com/reports/zWx1NXMfZG7w2ynQ,1056,4,4,-1,TRUE,100,-1
kQ3dpC6mYaX2N941,2026.8.7,public,China,71,72,1786079311041,1786090313844,2026-08-07T05:08:31Z,2026-08-07T08:11:53Z,https://classic.warcraftlogs.com/reports/kQ3dpC6mYaX2N941,1056,4,4,-1,TRUE,100,-1
jHNqPhw2gaKQzCkZ,SSC / TK,public,China,1,42,1786077356139,1786089955079,2026-08-07T04:35:56Z,2026-08-07T08:05:55Z,https://classic.warcraftlogs.com/reports/jHNqPhw2gaKQzCkZ,1056,4,4,-1,TRUE,100,-1
xywvGJfgzMZbrPKH,SSC / TK,public,China,69,69,1786079528575,1786090213825,2026-08-07T05:12:08Z,2026-08-07T08:10:13Z,https://classic.warcraftlogs.com/reports/xywvGJfgzMZbrPKH,1056,4,4,-1,TRUE,100,-1
zLMdwcvb97qHTWyY,1,public,China,60,64,1786080417957,1786090199991,2026-08-07T05:26:57Z,2026-08-07T08:09:59Z,https://classic.warcraftlogs.com/reports/zLMdwcvb97qHTWyY,1056,4,4,-1,TRUE,100,-1
RjBZ742TMa6rcpJ8,SSC / TK,public,China,68,69,1786080418725,1786090187348,2026-08-07T05:26:58Z,2026-08-07T08:09:47Z,https://classic.warcraftlogs.com/reports/RjBZ742TMa6rcpJ8,1056,4,4,-1,TRUE,100,-1
LfG7k4War268N9Cw,SSC / TK,public,China,68,69,1786078979906,1786090162357,2026-08-07T05:02:59Z,2026-08-07T08:09:22Z,https://classic.warcraftlogs.com/reports/LfG7k4War268N9Cw,1056,4,4,-1,TRUE,100,-1
LWjGd4qtFnxR7BP8,SSC / TK,public,China,1,10,1786078320036,1786089777337,2026-08-07T04:52:00Z,2026-08-07T08:02:57Z,https://classic.warcraftlogs.com/reports/LWjGd4qtFnxR7BP8,1056,4,4,-1,TRUE,100,-1
HMDWF1ncP2Czm9XJ,SSC 06/08,public,Europe,1,39,1786042392477,1786051179766,2026-08-06T18:53:12Z,2026-08-06T21:19:39Z,https://classic.warcraftlogs.com/reports/HMDWF1ncP2Czm9XJ,1056,4,4,-1,TRUE,100,-1
H7gPDdTYGhnc41zp,SSC / TK,public,Korea,72,72,1786077710475,1786090009403,2026-08-07T04:41:50Z,2026-08-07T08:06:49Z,https://classic.warcraftlogs.com/reports/H7gPDdTYGhnc41zp,1056,4,4,-1,TRUE,100,-1
xqyQHTWFPB2nJK3M,SSC / TK,public,Korea,50,50,1786081249800,1786090010617,2026-08-07T05:40:49Z,2026-08-07T08:06:50Z,https://classic.warcraftlogs.com/reports/xqyQHTWFPB2nJK3M,1056,4,4,-1,TRUE,100,-1
nRQvMhxjkbTBGNCp,SSC / TK,public,China,1,8,1786079507924,1786089065295,2026-08-07T05:11:47Z,2026-08-07T07:51:05Z,https://classic.warcraftlogs.com/reports/nRQvMhxjkbTBGNCp,1056,4,4,-1,TRUE,100,-1
mdwJkcynYZhFQMv3,SSC / TK,public,China,1,2,1786084706700,1786087489686,2026-08-07T06:38:26Z,2026-08-07T07:24:49Z,https://classic.warcraftlogs.com/reports/mdwJkcynYZhFQMv3,1056,4,4,-1,TRUE,100,-1
vLY7XRDTG4hdABVz,SSC / TK,public,China,1,45,1786079490647,1786089228902,2026-08-07T05:11:30Z,2026-08-07T07:53:48Z,https://classic.warcraftlogs.com/reports/vLY7XRDTG4hdABVz,1056,4,4,-1,TRUE,100,-1
zfWKHp8d76myFMYg,SSC / TK,public,China,1,8,1786077176644,1786089488864,2026-08-07T04:32:56Z,2026-08-07T07:58:08Z,https://classic.warcraftlogs.com/reports/zfWKHp8d76myFMYg,1056,4,4,-1,TRUE,100,-1
R6MwL1zJZnXg9Nh7,SSC / TK,public,China,55,55,1786077176644,1786089488864,2026-08-07T04:32:56Z,2026-08-07T07:58:08Z,https://classic.warcraftlogs.com/reports/R6MwL1zJZnXg9Nh7,1056,4,4,-1,TRUE,100,-1
fPwy61dM3CT8VHAW,SSC / TK,public,China,1,9,1786079510617,1786089068614,2026-08-07T05:11:50Z,2026-08-07T07:51:08Z,https://classic.warcraftlogs.com/reports/fPwy61dM3CT8VHAW,1056,4,4,-1,TRUE,100,-1
FmV7vkP4pJAWMRLC,毒蛇风暴-防骑,public,China,1,54,1786078338241,1786088809047,2026-08-07T04:52:18Z,2026-08-07T07:46:49Z,https://classic.warcraftlogs.com/reports/FmV7vkP4pJAWMRLC,1056,4,4,-1,TRUE,100,-1
MgHpxCcf3mqVAyhK,SSC / TK,public,China,1,3,1786083125736,1786087982786,2026-08-07T06:12:05Z,2026-08-07T07:33:02Z,https://classic.warcraftlogs.com/reports/MgHpxCcf3mqVAyhK,1056,4,4,-1,TRUE,100,-1
FGykdbfraxZH14qt,SSC / TK,public,China,52,53,1786079490647,1786089228902,2026-08-07T05:11:30Z,2026-08-07T07:53:48Z,https://classic.warcraftlogs.com/reports/FGykdbfraxZH14qt,1056,4,4,-1,TRUE,100,-1
4rDjPx6hwgTCNyzM,SSC / TK,public,China,1,43,1786077589886,1786088868617,2026-08-07T04:39:49Z,2026-08-07T07:47:48Z,https://classic.warcraftlogs.com/reports/4rDjPx6hwgTCNyzM,1056,4,4,-1,TRUE,100,-1
Q6ayfN8w39mDhgFB,SSC / TK,public,China,26,28,1786083303814,1786089207845,2026-08-07T06:15:03Z,2026-08-07T07:53:27Z,https://classic.warcraftlogs.com/reports/Q6ayfN8w39mDhgFB,1056,4,4,-1,TRUE,100,-1
QwMNPjZ8qDrxb7Gg,TK/SSC 8/7,public,United States,1,61,1786076699433,1786086837064,2026-08-07T04:24:59Z,2026-08-07T07:13:57Z,https://classic.warcraftlogs.com/reports/QwMNPjZ8qDrxb7Gg,1056,4,4,-1,TRUE,100,-1
2mNFjgkdPQHnK48z,SSC / TK,public,China,1,52,1786078335567,1786088806959,2026-08-07T04:52:15Z,2026-08-07T07:46:46Z,https://classic.warcraftlogs.com/reports/2mNFjgkdPQHnK48z,1056,4,4,-1,TRUE,100,-1
6JaDpB1XyjFmvCMV,SSC / TK,public,China,1,6,1786076622648,1786088616815,2026-08-07T04:23:42Z,2026-08-07T07:43:36Z,https://classic.warcraftlogs.com/reports/6JaDpB1XyjFmvCMV,1056,4,4,-1,TRUE,100,-1
YRafPXxH4kWyTnt3,SSC / TK,public,China,1,51,1786075721683,1786088546149,2026-08-07T04:08:41Z,2026-08-07T07:42:26Z,https://classic.warcraftlogs.com/reports/YRafPXxH4kWyTnt3,1056,4,4,-1,TRUE,100,-1
RpdZCPjqXwJtH8zm,SSC / TK,public,China,1,46,1786077329326,1786087779353,2026-08-07T04:35:29Z,2026-08-07T07:29:39Z,https://classic.warcraftlogs.com/reports/RpdZCPjqXwJtH8zm,1056,4,4,-1,TRUE,100,-1
GBjc32CAXyYWgKN7,FS-毒蛇风暴,public,China,1,12,1786077749875,1786088713848,2026-08-07T04:42:29Z,2026-08-07T07:45:13Z,https://classic.warcraftlogs.com/reports/GBjc32CAXyYWgKN7,1056,4,4,-1,TRUE,100,-1
xZzrJ1qbYWKjFan3,SSC / TK,public,China,1,7,1786079507924,1786088593790,2026-08-07T05:11:47Z,2026-08-07T07:43:13Z,https://classic.warcraftlogs.com/reports/xZzrJ1qbYWKjFan3,1056,4,4,-1,TRUE,100,-1
3VQKj9nF4YWHcLJb,SSC / TK,public,Europe,1,37,1786039176550,1786050211164,2026-08-06T17:59:36Z,2026-08-06T21:03:31Z,https://classic.warcraftlogs.com/reports/3VQKj9nF4YWHcLJb,1056,4,4,-1,TRUE,100,-1
JzPaNGfp7Bkt1FTZ,SSC / TK,public,China,1,8,1786079510617,1786088597091,2026-08-07T05:11:50Z,2026-08-07T07:43:17Z,https://classic.warcraftlogs.com/reports/JzPaNGfp7Bkt1FTZ,1056,4,4,-1,TRUE,100,-1
36RPChZ2kfa1FvXB,SSC / TK,public,China,1,8,1786077065660,1786088132397,2026-08-07T04:31:05Z,2026-08-07T07:35:32Z,https://classic.warcraftlogs.com/reports/36RPChZ2kfa1FvXB,1056,4,4,-1,TRUE,100,-1
kJCWLvnXF8YTtxm6,SSC / TK,public,China,1,12,1785495752502,1785504051953,2026-07-31T11:02:32Z,2026-07-31T13:20:51Z,https://classic.warcraftlogs.com/reports/kJCWLvnXF8YTtxm6,1056,4,4,-1,TRUE,100,-1
hj2GKmnJcbN3VH1r,SSC / TK,public,China,54,61,1786076380666,1786088581050,2026-08-07T04:19:40Z,2026-08-07T07:43:01Z,https://classic.warcraftlogs.com/reports/hj2GKmnJcbN3VH1r,1056,4,4,-1,TRUE,100,-1
VCXNZwzjPDgnK64M,SSC / TK,public,China,51,51,1786077618917,1786088487806,2026-08-07T04:40:18Z,2026-08-07T07:41:27Z,https://classic.warcraftlogs.com/reports/VCXNZwzjPDgnK64M,1056,4,4,-1,TRUE,100,-1
78GKFdMTcpRbxWXY,SSC / TK,public,China,1,50,1786077295721,1786088106920,2026-08-07T04:34:55Z,2026-08-07T07:35:06Z,https://classic.warcraftlogs.com/reports/78GKFdMTcpRbxWXY,1056,4,4,-1,TRUE,100,-1
Vq9Qz2pCmcBtR8wv,SSC / TK,public,China,1,55,1786077366995,1786088253241,2026-08-07T04:36:06Z,2026-08-07T07:37:33Z,https://classic.warcraftlogs.com/reports/Vq9Qz2pCmcBtR8wv,1056,4,4,-1,TRUE,100,-1
vL4mYFC9rnVNap6c,SSC / TK,public,China,1,14,1786078188559,1786088175557,2026-08-07T04:49:48Z,2026-08-07T07:36:15Z,https://classic.warcraftlogs.com/reports/vL4mYFC9rnVNap6c,1056,4,4,-1,TRUE,100,-1
KLMpg2bmVTc1ZhXa,SSC / TK,public,China,1,47,1786066410160,1786088032188,2026-08-07T01:33:30Z,2026-08-07T07:33:52Z,https://classic.warcraftlogs.com/reports/KLMpg2bmVTc1ZhXa,1056,4,4,-1,TRUE,100,-1
nkgHrDKhyTMNwAdY,SSC / TK,public,China,1,10,1786076005168,1786087925631,2026-08-07T04:13:25Z,2026-08-07T07:32:05Z,https://classic.warcraftlogs.com/reports/nkgHrDKhyTMNwAdY,1056,4,4,-1,TRUE,100,-1
QJ24LN1Cm8rDFd3P,SSC / TK,public,China,1,9,1786077329326,1786087779007,2026-08-07T04:35:29Z,2026-08-07T07:29:39Z,https://classic.warcraftlogs.com/reports/QJ24LN1Cm8rDFd3P,1056,4,4,-1,TRUE,100,-1
mZJtY9pyD2KaPfLd,SSC 05.08,public,Europe,1,32,1785947864731,1785956124681,2026-08-05T16:37:44Z,2026-08-05T18:55:24Z,https://classic.warcraftlogs.com/reports/mZJtY9pyD2KaPfLd,1056,4,4,-1,TRUE,100,-1
3mh2p1YXakZcRMnB,SSC / TK,public,China,1,51,1786074858901,1786087554473,2026-08-07T03:54:18Z,2026-08-07T07:25:54Z,https://classic.warcraftlogs.com/reports/3mh2p1YXakZcRMnB,1056,4,4,-1,TRUE,100,-1
ZXnvR8g43GQYPhHb,SSC / TK,public,China,1,4,1786080999793,1786087036017,2026-08-07T05:36:39Z,2026-08-07T07:17:16Z,https://classic.warcraftlogs.com/reports/ZXnvR8g43GQYPhHb,1056,4,4,-1,TRUE,100,-1
Kkavn2LrwHW4AdcR,TK 06.08.26,public,Europe,1,26,1786046659059,1786052837920,2026-08-06T20:04:19Z,2026-08-06T21:47:17Z,https://classic.warcraftlogs.com/reports/Kkavn2LrwHW4AdcR,1056,4,4,-1,TRUE,100,-1
zKXWvA8Ff4kwt9nL,SSC / TK,public,United States,1,103,1786062915429,1786087019168,2026-08-07T00:35:15Z,2026-08-07T07:16:59Z,https://classic.warcraftlogs.com/reports/zKXWvA8Ff4kwt9nL,1056,4,4,-1,TRUE,100,-1
2KGt6dkCWrwzJn7X,TK/SSC,public,United States,1,74,1786075426932,1786087441891,2026-08-07T04:03:46Z,2026-08-07T07:24:01Z,https://classic.warcraftlogs.com/reports/2KGt6dkCWrwzJn7X,1056,4,4,-1,TRUE,100,-1
J72V46q1Z9FC3vmK,SSC / TK,public,China,1,54,1786013696610,1786025755089,2026-08-06T10:54:56Z,2026-08-06T14:15:55Z,https://classic.warcraftlogs.com/reports/J72V46q1Z9FC3vmK,1056,4,4,-1,TRUE,100,-1
8BP1kKdCQDaV239Y,SSC / TK,public,China,1,39,1786078186932,1786086515480,2026-08-07T04:49:46Z,2026-08-07T07:08:35Z,https://classic.warcraftlogs.com/reports/8BP1kKdCQDaV239Y,1056,4,4,-1,TRUE,100,-1
tP2VzN4JjCkfnRYQ,SSC / TK,public,United States,1,103,1786062915429,1786087019168,2026-08-07T00:35:15Z,2026-08-07T07:16:59Z,https://classic.warcraftlogs.com/reports/tP2VzN4JjCkfnRYQ,1056,4,4,-1,TRUE,100,-1
KFbHm2yzYBfD64Rn,SSC / TK,public,Europe,1,55,1786023933851,1786043586532,2026-08-06T13:45:33Z,2026-08-06T19:13:06Z,https://classic.warcraftlogs.com/reports/KFbHm2yzYBfD64Rn,1056,4,4,-1,TRUE,100,-1
GxjzLQyC7cqgwan4,SSC / TK,public,China,1,80,1786062562170,1786086876069,2026-08-07T00:29:22Z,2026-08-07T07:14:36Z,https://classic.warcraftlogs.com/reports/GxjzLQyC7cqgwan4,1056,4,4,-1,TRUE,100,-1
j9mfbhzRYZF4XQDp,毒蛇风暴,public,China,1,11,1786073139259,1786086614589,2026-08-07T03:25:39Z,2026-08-07T07:10:14Z,https://classic.warcraftlogs.com/reports/j9mfbhzRYZF4XQDp,1056,4,4,-1,TRUE,100,-1
NyLgtpDhqfVQ7m4T,SSC / TK,public,Korea,69,70,1786077187123,1786087226429,2026-08-07T04:33:07Z,2026-08-07T07:20:26Z,https://classic.warcraftlogs.com/reports/NyLgtpDhqfVQ7m4T,1056,4,4,-1,TRUE,100,-1
G4NzncfCh8kWjagX,SSC / TK,public,Korea,126,129,1786066824511,1786087224108,2026-08-07T01:40:24Z,2026-08-07T07:20:24Z,https://classic.warcraftlogs.com/reports/G4NzncfCh8kWjagX,1056,4,4,-1,TRUE,100,-1
NL7kzKvGRMQ4xDZX,SSC / TK,public,Korea,68,68,1786076873830,1786087225683,2026-08-07T04:27:53Z,2026-08-07T07:20:25Z,https://classic.warcraftlogs.com/reports/NL7kzKvGRMQ4xDZX,1056,4,4,-1,TRUE,100,-1
JdKZLTCwXYt6vqfr,SSC / TK,public,China,1,9,1786014480032,1786025905936,2026-08-06T11:08:00Z,2026-08-06T14:18:25Z,https://classic.warcraftlogs.com/reports/JdKZLTCwXYt6vqfr,1056,4,4,-1,TRUE,100,-1
kMNDdW3V8ZLvbjax,SSC / TK,public,China,25,32,1786080999793,1786087036017,2026-08-07T05:36:39Z,2026-08-07T07:17:16Z,https://classic.warcraftlogs.com/reports/kMNDdW3V8ZLvbjax,1056,4,4,-1,TRUE,100,-1
93DP7kp8YnxZBvzN,8/6 ssc/tk,public,United States,1,13,1786073505094,1786086433944,2026-08-07T03:31:45Z,2026-08-07T07:07:13Z,https://classic.warcraftlogs.com/reports/93DP7kp8YnxZBvzN,1056,4,4,-1,TRUE,100,-1
Qtb9rD8v2cZpkamq,TK/SSC 8/6,public,United States,30,34,1786081061308,1786086836984,2026-08-07T05:37:41Z,2026-08-07T07:13:56Z,https://classic.warcraftlogs.com/reports/Qtb9rD8v2cZpkamq,1056,4,4,-1,TRUE,100,-1
3pgdRC4KHcxVMz12,毒蛇风暴,public,China,1,12,1786073139259,1786086614589,2026-08-07T03:25:39Z,2026-08-07T07:10:14Z,https://classic.warcraftlogs.com/reports/3pgdRC4KHcxVMz12,1056,4,4,-1,TRUE,100,-1
xjwKagmn3HJ4tTrz,SSC / TK,public,China,1,9,1786076653254,1786086612329,2026-08-07T04:24:13Z,2026-08-07T07:10:12Z,https://classic.warcraftlogs.com/reports/xjwKagmn3HJ4tTrz,1056,4,4,-1,TRUE,100,-1
Dk8YwxtrFXdya2R9,SSC / TK,public,China,1,53,1786075403634,1786086266936,2026-08-07T04:03:23Z,2026-08-07T07:04:26Z,https://classic.warcraftlogs.com/reports/Dk8YwxtrFXdya2R9,1056,4,4,-1,TRUE,100,-1
gGyXckK4NRTVHWqZ,No Promo TK,public,United States,1,35,1786064736039,1786085586401,2026-08-07T01:05:36Z,2026-08-07T06:53:06Z,https://classic.warcraftlogs.com/reports/gGyXckK4NRTVHWqZ,1056,4,4,-1,TRUE,100,-1
6XcwqAQyVG7vKzgY,SSC / TK,public,China,1,53,1786076492091,1786086262279,2026-08-07T04:21:32Z,2026-08-07T07:04:22Z,https://classic.warcraftlogs.com/reports/6XcwqAQyVG7vKzgY,1056,4,4,-1,TRUE,100,-1
8phVqTzcNYk6RrQ3,SSC / TK,public,China,1,39,1786079507924,1786086406512,2026-08-07T05:11:47Z,2026-08-07T07:06:46Z,https://classic.warcraftlogs.com/reports/8phVqTzcNYk6RrQ3,1056,4,4,-1,TRUE,100,-1
vk4FKLAHYaQZTNnp,SSC / TK,public,Korea,60,60,1786076866380,1786086458536,2026-08-07T04:27:46Z,2026-08-07T07:07:38Z,https://classic.warcraftlogs.com/reports/vk4FKLAHYaQZTNnp,1056,4,4,-1,TRUE,100,-1
LtDnCy7ZafXhzmYb,SSC / TK,public,United States,82,84,1786072904134,1786086435011,2026-08-07T03:21:44Z,2026-08-07T07:07:15Z,https://classic.warcraftlogs.com/reports/LtDnCy7ZafXhzmYb,1056,4,4,-1,TRUE,100,-1
pT1cyqkH6W3PCN9Z,SSC / TK,public,China,1,5,1786080231284,1786085899214,2026-08-07T05:23:51Z,2026-08-07T06:58:19Z,https://classic.warcraftlogs.com/reports/pT1cyqkH6W3PCN9Z,1056,4,4,-1,TRUE,100,-1
gQpjwTAVxrCkdyYh,G7 TK,public,United States,1,15,1786061659298,1786067322260,2026-08-07T00:14:19Z,2026-08-07T01:48:42Z,https://classic.warcraftlogs.com/reports/gQpjwTAVxrCkdyYh,1056,4,4,-1,TRUE,100,-1
Kxc6JqGP1Zd3fCHv,SSC / TK,public,China,6,12,1786079102899,1786085903117,2026-08-07T05:05:02Z,2026-08-07T06:58:23Z,https://classic.warcraftlogs.com/reports/Kxc6JqGP1Zd3fCHv,1056,4,4,-1,TRUE,100,-1
WBPDv4ybtgkxMwZ2,SSC / TK,public,Korea,63,63,1786076862448,1786085912677,2026-08-07T04:27:42Z,2026-08-07T06:58:32Z,https://classic.warcraftlogs.com/reports/WBPDv4ybtgkxMwZ2,1056,4,4,-1,TRUE,100,-1
Aq6hpBdDZ1b3Tkwz,SSC / TK,public,Korea,62,62,1786076893683,1786085910451,2026-08-07T04:28:13Z,2026-08-07T06:58:30Z,https://classic.warcraftlogs.com/reports/Aq6hpBdDZ1b3Tkwz,1056,4,4,-1,TRUE,100,-1
Gpc9tqvaYT8x1AhZ,SSC / TK,public,China,1,1,1786085294377,1786085901416,2026-08-07T06:48:14Z,2026-08-07T06:58:21Z,https://classic.warcraftlogs.com/reports/Gpc9tqvaYT8x1AhZ,1056,4,4,-1,TRUE,100,-1
8Pgp642dRyaNhQJ7,SSC / TK,public,China,1,1,1786083125736,1786084513716,2026-08-07T06:12:05Z,2026-08-07T06:35:13Z,https://classic.warcraftlogs.com/reports/8Pgp642dRyaNhQJ7,1056,4,4,-1,TRUE,100,-1
M9YHNhtz1m4PqAbR,SSC / TK,public,United States,70,97,1786063891061,1786085673931,2026-08-07T00:51:31Z,2026-08-07T06:54:33Z,https://classic.warcraftlogs.com/reports/M9YHNhtz1m4PqAbR,1056,4,4,-1,TRUE,100,-1
L1VjCrHPNXQMRm8v,SSC / TK,public,China,1,8,1786076005168,1786085612362,2026-08-07T04:13:25Z,2026-08-07T06:53:32Z,https://classic.warcraftlogs.com/reports/L1VjCrHPNXQMRm8v,1056,4,4,-1,TRUE,100,-1
vpCzJ4gqtxP7H8rD,SSC / TK,public,United States,78,85,1786072153771,1786085586423,2026-08-07T03:09:13Z,2026-08-07T06:53:06Z,https://classic.warcraftlogs.com/reports/vpCzJ4gqtxP7H8rD,1056,4,4,-1,TRUE,100,-1
2vtMZ8Yf93dGRmNA,SSC / TK,public,United States,76,76,1786073105755,1786085586554,2026-08-07T03:25:05Z,2026-08-07T06:53:06Z,https://classic.warcraftlogs.com/reports/2vtMZ8Yf93dGRmNA,1056,4,4,-1,TRUE,100,-1
KT1cyt78ng9YFfkz,SSC / TK,public,United States,71,71,1786073738914,1786085586379,2026-08-07T03:35:38Z,2026-08-07T06:53:06Z,https://classic.warcraftlogs.com/reports/KT1cyt78ng9YFfkz,1056,4,4,-1,TRUE,100,-1
8XPcJxLYwHm1a2Mj,SSC / TK,public,China,1,5,1786079507924,1786085182813,2026-08-07T05:11:47Z,2026-08-07T06:46:22Z,https://classic.warcraftlogs.com/reports/8XPcJxLYwHm1a2Mj,1056,4,4,-1,TRUE,100,-1
6jPk3WwYxTfJD271,SSC / TK,public,Europe,1,34,1786049745154,1786058890600,2026-08-06T20:55:45Z,2026-08-06T23:28:10Z,https://classic.warcraftlogs.com/reports/6jPk3WwYxTfJD271,1056,4,4,-1,TRUE,100,-1
NcAD3LGbjkpXv94M,Gestalt - TK/SSC - Thursday,public,United States,1,55,1786063747631,1786075784664,2026-08-07T00:49:07Z,2026-08-07T04:09:44Z,https://classic.warcraftlogs.com/reports/NcAD3LGbjkpXv94M,1056,4,4,-1,TRUE,100,-1
XARFvrbMwJnmyGY4,SSC / TK,public,China,22,22,1786075467435,1786085274653,2026-08-07T04:04:27Z,2026-08-07T06:47:54Z,https://classic.warcraftlogs.com/reports/XARFvrbMwJnmyGY4,1056,4,4,-1,TRUE,100,-1
6Lq1YyTgRzWkBAD8,SSC / TK,public,China,1,10,1786075217984,1786084996368,2026-08-07T04:00:17Z,2026-08-07T06:43:16Z,https://classic.warcraftlogs.com/reports/6Lq1YyTgRzWkBAD8,1056,4,4,-1,TRUE,100,-1
M7nFGtDmLY4xJTPz,SSC / TK,public,China,1,42,1786073897013,1786084896776,2026-08-07T03:38:17Z,2026-08-07T06:41:36Z,https://classic.warcraftlogs.com/reports/M7nFGtDmLY4xJTPz,1056,4,4,-1,TRUE,100,-1
7QzgH8qNKZrPjX4t,ssc/tk 8/6/26,public,United States,1,64,1786063567135,1786077603589,2026-08-07T00:46:07Z,2026-08-07T04:40:03Z,https://classic.warcraftlogs.com/reports/7QzgH8qNKZrPjX4t,1056,4,4,-1,TRUE,100,-1
rCgAnR4z8ckTvMhx,SSC / TK,public,China,37,39,1786077951768,1786084693120,2026-08-07T04:45:51Z,2026-08-07T06:38:13Z,https://classic.warcraftlogs.com/reports/rCgAnR4z8ckTvMhx,1056,4,4,-1,TRUE,100,-1
1HTfXkyZzbtCmrcN,SSC / TK,public,China,1,18,1786081616009,1786084473560,2026-08-07T05:46:56Z,2026-08-07T06:34:33Z,https://classic.warcraftlogs.com/reports/1HTfXkyZzbtCmrcN,1056,4,4,-1,TRUE,100,-1
GFNRqWn3ZfCXbaBx,SSC / TK,public,China,1,4,1786079507924,1786084217980,2026-08-07T05:11:47Z,2026-08-07T06:30:17Z,https://classic.warcraftlogs.com/reports/GFNRqWn3ZfCXbaBx,1056,4,4,-1,TRUE,100,-1
BN4Ft28r6jYwLxbf,SSC / TK,public,United States,73,77,1786074355814,1786084408359,2026-08-07T03:45:55Z,2026-08-07T06:33:28Z,https://classic.warcraftlogs.com/reports/BN4Ft28r6jYwLxbf,1056,4,4,-1,TRUE,100,-1
QCzgVrDG6n27pM3F,adbssc,public,United States,36,41,1786077227581,1786084387094,2026-08-07T04:33:47Z,2026-08-07T06:33:07Z,https://classic.warcraftlogs.com/reports/QCzgVrDG6n27pM3F,1056,4,4,-1,TRUE,100,-1
Jbd3agrHj8PvfTn9,SSC 8/6/26,public,United States,33,41,1786078908138,1786084388967,2026-08-07T05:01:48Z,2026-08-07T06:33:08Z,https://classic.warcraftlogs.com/reports/Jbd3agrHj8PvfTn9,1056,5,5,-1,TRUE,100,-1
HF2tJRfbPMKVGkQ1,SSC / TK,public,China,1,4,1786080231284,1786084307685,2026-08-07T05:23:51Z,2026-08-07T06:31:47Z,https://classic.warcraftlogs.com/reports/HF2tJRfbPMKVGkQ1,1056,5,5,-1,TRUE,100,-1
DwWVrM4qAgGJhZ3F,8/6 Thurs SSC/TK (Week 13),public,United States,1,62,1786040766267,1786075641094,2026-08-06T18:26:06Z,2026-08-07T04:07:21Z,https://classic.warcraftlogs.com/reports/DwWVrM4qAgGJhZ3F,1056,5,5,-1,TRUE,100,-1
x1TQ9F24nCbAMjNY,SSC / TK,public,United States,32,40,1786077086176,1786084222430,2026-08-07T04:31:26Z,2026-08-07T06:30:22Z,https://classic.warcraftlogs.com/reports/x1TQ9F24nCbAMjNY,1056,5,5,-1,TRUE,100,-1
dTwCGbaNy4R1vmrP,SSC / TK,public,United States,57,75,1786073437881,1786083945320,2026-08-07T03:30:37Z,2026-08-07T06:25:45Z,https://classic.warcraftlogs.com/reports/dTwCGbaNy4R1vmrP,1056,5,5,-1,TRUE,100,-1
xk9QKWMpLPJ132TF,Gep SSC 08/06,public,United States,1,37,1786064299976,1786072178422,2026-08-07T00:58:19Z,2026-08-07T03:09:38Z,https://classic.warcraftlogs.com/reports/xk9QKWMpLPJ132TF,1056,5,5,-1,TRUE,100,-1
aDdm3pLcjzC6RKQn,GRP1 - GRUUL + TK - WK13pt2,public,United States,1,13,1786081400650,1786083124249,2026-08-07T05:43:20Z,2026-08-07T06:12:04Z,https://classic.warcraftlogs.com/reports/aDdm3pLcjzC6RKQn,1056,5,5,-1,TRUE,100,-1
a9hzkWmftNRp3r1J,SSC / TK,public,United States,84,85,1785995664381,1786083798808,2026-08-06T05:54:24Z,2026-08-07T06:23:18Z,https://classic.warcraftlogs.com/reports/a9hzkWmftNRp3r1J,1056,5,5,-1,TRUE,100,-1
LPNtBzDcj4fXb6mg,SSC / TK,public,China,1,11,1786078188559,1786083332141,2026-08-07T04:49:48Z,2026-08-07T06:15:32Z,https://classic.warcraftlogs.com/reports/LPNtBzDcj4fXb6mg,1056,5,5,-1,TRUE,100,-1
6J74Vz2dkDG8Xrjg,周五111,public,China,51,54,1786071296353,1786083638644,2026-08-07T02:54:56Z,2026-08-07T06:20:38Z,https://classic.warcraftlogs.com/reports/6J74Vz2dkDG8Xrjg,1056,5,5,-1,TRUE,100,-1
ram9py81TdXPZDjK,SSC / TK,public,United States,1,37,1786064907898,1786083395002,2026-08-07T01:08:27Z,2026-08-07T06:16:35Z,https://classic.warcraftlogs.com/reports/ram9py81TdXPZDjK,1056,5,5,-1,TRUE,100,-1
f9TtDXgRBVGyvxA1,SSC / TK,public,China,1,7,1786073897013,1786083281837,2026-08-07T03:38:17Z,2026-08-07T06:14:41Z,https://classic.warcraftlogs.com/reports/f9TtDXgRBVGyvxA1,1056,5,5,-1,TRUE,100,-1
G27wZqRcVMWtpbJm,BetrayedTBC PUG - SSC & TK - 8/6/2026,public,United States,193,500,1786066251728,1786076744474,2026-08-07T01:30:51Z,2026-08-07T04:25:44Z,https://classic.warcraftlogs.com/reports/G27wZqRcVMWtpbJm,1056,5,5,-1,TRUE,100,-1
k2hGYyZ9TLMD3fpq,SSC / TK,public,Korea,17,59,1786069704610,1786079270377,2026-08-07T02:28:24Z,2026-08-07T05:07:50Z,https://classic.warcraftlogs.com/reports/k2hGYyZ9TLMD3fpq,1056,5,5,-1,TRUE,100,-1
6WQkrqm4FNa7bB1K,SSC / TK,public,China,1,2,1786080231284,1786083142140,2026-08-07T05:23:51Z,2026-08-07T06:12:22Z,https://classic.warcraftlogs.com/reports/6WQkrqm4FNa7bB1K,1056,5,5,-1,TRUE,100,-1
9twhVf3xyYLrGHzW,SSC / TK,public,China,1,6,1786076005168,1786082662420,2026-08-07T04:13:25Z,2026-08-07T06:04:22Z,https://classic.warcraftlogs.com/reports/9twhVf3xyYLrGHzW,1056,5,5,-1,TRUE,100,-1
9VRg62nJTvxdtmCH,Meridian ,public,United States,65,72,1786070155519,1786083043339,2026-08-07T02:35:55Z,2026-08-07T06:10:43Z,https://classic.warcraftlogs.com/reports/9VRg62nJTvxdtmCH,1056,5,5,-1,TRUE,100,-1
w9QbCfa1k7RPthZY,SSC / TK,public,United States,66,73,1786072108477,1786083043320,2026-08-07T03:08:28Z,2026-08-07T06:10:43Z,https://classic.warcraftlogs.com/reports/w9QbCfa1k7RPthZY,1056,5,5,-1,TRUE,100,-1
WPvAxhbgVQ386pmY,SSC / TK,public,Korea,61,61,1786074338762,1786082902687,2026-08-07T03:45:38Z,2026-08-07T06:08:22Z,https://classic.warcraftlogs.com/reports/WPvAxhbgVQ386pmY,1056,5,5,-1,TRUE,100,-1
v7BzTKrfmkwM236p,SSC / TK,public,United States,65,66,1786073819125,1786082740393,2026-08-07T03:36:59Z,2026-08-07T06:05:40Z,https://classic.warcraftlogs.com/reports/v7BzTKrfmkwM236p,1056,5,5,-1,TRUE,100,-1
PHZgD27tT3QwLv4x,SSC / TK,public,United States,1,66,1786067906998,1786082157798,2026-08-07T01:58:26Z,2026-08-07T05:55:57Z,https://classic.warcraftlogs.com/reports/PHZgD27tT3QwLv4x,1056,5,5,-1,TRUE,100,-1
tyApnjBHVvm4DLYM,SSC / TK,public,United States,1,50,1786072353348,1786082515490,2026-08-07T03:12:33Z,2026-08-07T06:01:55Z,https://classic.warcraftlogs.com/reports/tyApnjBHVvm4DLYM,1056,5,5,-1,TRUE,100,-1
kC1BPVX7rnD9N4Y6,Mexikco Scream 8/6/26,public,United States,47,47,1786074277337,1786082616996,2026-08-07T03:44:37Z,2026-08-07T06:03:36Z,https://classic.warcraftlogs.com/reports/kC1BPVX7rnD9N4Y6,1056,5,5,-1,TRUE,100,-1
dcNVZXAKRkQ2M7b9,黑,public,China,1,12,1785977143847,1786027610975,2026-08-06T00:45:43Z,2026-08-06T14:46:50Z,https://classic.warcraftlogs.com/reports/dcNVZXAKRkQ2M7b9,1056,5,5,-1,TRUE,100,-1
g7RbzmxQTJtFdBH2,TK,public,United States,38,38,1786065456196,1786082352522,2026-08-07T01:17:36Z,2026-08-07T05:59:12Z,https://classic.warcraftlogs.com/reports/g7RbzmxQTJtFdBH2,1056,5,5,-1,TRUE,100,-1
jdAzVJD7WMy9FhfN,Jabronis: SSC / TK - 2026-08-06,public,United States,46,46,1786073506128,1786082335673,2026-08-07T03:31:46Z,2026-08-07T05:58:55Z,https://classic.warcraftlogs.com/reports/jdAzVJD7WMy9FhfN,1056,5,5,-1,TRUE,100,-1
DTXP29ZhLYbFvp7W,Don't look at me,public,United States,46,46,1786073939620,1786082339398,2026-08-07T03:38:59Z,2026-08-07T05:58:59Z,https://classic.warcraftlogs.com/reports/DTXP29ZhLYbFvp7W,1056,5,5,-1,TRUE,100,-1
NafPydACDX8qxkjn,SSC / TK,public,United States,1,72,1786069260948,1786081558327,2026-08-07T02:21:00Z,2026-08-07T05:45:58Z,https://classic.warcraftlogs.com/reports/NafPydACDX8qxkjn,1056,5,5,-1,TRUE,100,-1
8QcPfqhLYdaV392k,SSC / TK,public,Korea,1,59,1786070521105,1786081424259,2026-08-07T02:42:01Z,2026-08-07T05:43:44Z,https://classic.warcraftlogs.com/reports/8QcPfqhLYdaV392k,1056,5,5,-1,TRUE,100,-1
YZtxrgQXRHjMThLC,SSC / TK,public,United States,1,1,1786074844685,1786079831718,2026-08-07T03:54:04Z,2026-08-07T05:17:11Z,https://classic.warcraftlogs.com/reports/YZtxrgQXRHjMThLC,1056,5,5,-1,TRUE,100,-1
bdagvM9L8ZARGDQP,SSC / TK,public,United States,63,68,1786071381675,1786082260955,2026-08-07T02:56:21Z,2026-08-07T05:57:40Z,https://classic.warcraftlogs.com/reports/bdagvM9L8ZARGDQP,1056,5,5,-1,TRUE,100,-1
jFmvz94pbrwG6NVd,SSC / TK,public,China,1,5,1786076694727,1786081858206,2026-08-07T04:24:54Z,2026-08-07T05:50:58Z,https://classic.warcraftlogs.com/reports/jFmvz94pbrwG6NVd,1056,5,5,-1,TRUE,100,-1
T6qfyaYwNFjWtmgL,SSC / TK,public,United States,46,72,1786069345489,1786082154182,2026-08-07T02:22:25Z,2026-08-07T05:55:54Z,https://classic.warcraftlogs.com/reports/T6qfyaYwNFjWtmgL,1056,5,5,-1,TRUE,100,-1
Np6MQZADLPbaVhvC,SSC / TK,public,United States,64,76,1786069341889,1786082154716,2026-08-07T02:22:21Z,2026-08-07T05:55:54Z,https://classic.warcraftlogs.com/reports/Np6MQZADLPbaVhvC,1056,5,5,-1,TRUE,100,-1
bXjktaVmGwF21cgM,SSC,public,United States,48,48,1786074728115,1786082141613,2026-08-07T03:52:08Z,2026-08-07T05:55:41Z,https://classic.warcraftlogs.com/reports/bXjktaVmGwF21cgM,1056,5,5,-1,TRUE,100,-1
7WYV3vr1mLByazbh,SSC / TK,public,United States,39,39,1786075578872,1786082144736,2026-08-07T04:06:18Z,2026-08-07T05:55:44Z,https://classic.warcraftlogs.com/reports/7WYV3vr1mLByazbh,1056,5,5,-1,TRUE,100,-1
A24vV1h38wLPgZbB,SSC / TK,public,China,58,67,1786065580651,1786082065957,2026-08-07T01:19:40Z,2026-08-07T05:54:25Z,https://classic.warcraftlogs.com/reports/A24vV1h38wLPgZbB,1056,5,5,-1,TRUE,100,-1
9C67KXF2twZ1dkhb,nohitjerome SSC,public,United States,44,50,1786070881606,1786081953725,2026-08-07T02:48:01Z,2026-08-07T05:52:33Z,https://classic.warcraftlogs.com/reports/9C67KXF2twZ1dkhb,1056,5,5,-1,TRUE,100,-1
qdtQn1WB8GmrA2FR,TK Last 2 bosses,public,United States,2,15,1786070381247,1786073525513,2026-08-07T02:39:41Z,2026-08-07T03:32:05Z,https://classic.warcraftlogs.com/reports/qdtQn1WB8GmrA2FR,1056,5,5,-1,TRUE,100,-1
F8wtaKXmcZxzYGWb,SSC / TK,public,China,1,25,1786074858901,1786081662267,2026-08-07T03:54:18Z,2026-08-07T05:47:42Z,https://classic.warcraftlogs.com/reports/F8wtaKXmcZxzYGWb,1056,5,5,-1,TRUE,100,-1
vdw7qbFrRMcJtpCY,SSC / TK,public,Europe,1,70,1786007624969,1786053958046,2026-08-06T09:13:44Z,2026-08-06T22:05:58Z,https://classic.warcraftlogs.com/reports/vdw7qbFrRMcJtpCY,1056,5,5,-1,TRUE,100,-1
KTRadWCgBqNDYrLv,SSC / TK,public,China,1,9,1786065214735,1786081509570,2026-08-07T01:13:34Z,2026-08-07T05:45:09Z,https://classic.warcraftlogs.com/reports/KTRadWCgBqNDYrLv,1056,5,5,-1,TRUE,100,-1
QF3fktaC2v1GZwnV,Silver SSC/TK 8/6,public,United States,74,79,1786067575511,1786081633557,2026-08-07T01:52:55Z,2026-08-07T05:47:13Z,https://classic.warcraftlogs.com/reports/QF3fktaC2v1GZwnV,1056,5,5,-1,TRUE,100,-1
cbVk3avdNpZXjGYw,SSC / TK,public,China,59,65,1786065214735,1786081509570,2026-08-07T01:13:34Z,2026-08-07T05:45:09Z,https://classic.warcraftlogs.com/reports/cbVk3avdNpZXjGYw,1056,5,5,-1,TRUE,100,-1
vfrM4AKBTVR1J3pw,SSC / TK,public,United States,11,42,1786072109387,1786081481914,2026-08-07T03:08:29Z,2026-08-07T05:44:41Z,https://classic.warcraftlogs.com/reports/vfrM4AKBTVR1J3pw,1056,5,5,-1,TRUE,100,-1
DdwfKLPWv9Nc4Xhq,SSC / TK,public,China,1,1,1786079507924,1786081338114,2026-08-07T05:11:47Z,2026-08-07T05:42:18Z,https://classic.warcraftlogs.com/reports/DdwfKLPWv9Nc4Xhq,1056,5,5,-1,TRUE,100,-1
jk9pYKNGcdagVt7h,Tempest Keep (TK) - 08.06.2026,public,United States,35,35,1786069081410,1786081440168,2026-08-07T02:18:01Z,2026-08-07T05:44:00Z,https://classic.warcraftlogs.com/reports/jk9pYKNGcdagVt7h,1056,5,5,-1,TRUE,100,-1
hpKHAbqkxMY3JNfj,SSC / TK,public,China,1,10,1786067044362,1786081302136,2026-08-07T01:44:04Z,2026-08-07T05:41:42Z,https://classic.warcraftlogs.com/reports/hpKHAbqkxMY3JNfj,1056,5,5,-1,TRUE,100,-1
2T8xZm3AwFDyGatX,SSC / TK,public,United States,1,53,1786068013008,1786080441813,2026-08-07T02:00:13Z,2026-08-07T05:27:21Z,https://classic.warcraftlogs.com/reports/2T8xZm3AwFDyGatX,1056,5,5,-1,TRUE,100,-1
QLYdW3JaHyk9fnX7,08/06 SSC,public,United States,85,90,1786064375218,1786081351918,2026-08-07T00:59:35Z,2026-08-07T05:42:31Z,https://classic.warcraftlogs.com/reports/QLYdW3JaHyk9fnX7,1056,5,5,-1,TRUE,100,-1
zWq1xn8gYtNbBKwM,25m,public,United States,46,70,1786069890403,1786081307052,2026-08-07T02:31:30Z,2026-08-07T05:41:47Z,https://classic.warcraftlogs.com/reports/zWq1xn8gYtNbBKwM,1056,5,5,-1,TRUE,100,-1
HAzCcQT6wY1vk8Jd,3,public,United States,69,69,1786071717682,1786081223693,2026-08-07T03:01:57Z,2026-08-07T05:40:23Z,https://classic.warcraftlogs.com/reports/HAzCcQT6wY1vk8Jd,1056,5,5,-1,TRUE,100,-1
kwjgvHZh4Pb8tVLz,SSC / TK,public,United States,43,46,1786070046308,1786081184844,2026-08-07T02:34:06Z,2026-08-07T05:39:44Z,https://classic.warcraftlogs.com/reports/kwjgvHZh4Pb8tVLz,1056,5,5,-1,TRUE,100,-1
4dTfPyHZ3Qnvk8C2,SSC / TK,public,United States,29,31,1786072649820,1786081187484,2026-08-07T03:17:29Z,2026-08-07T05:39:47Z,https://classic.warcraftlogs.com/reports/4dTfPyHZ3Qnvk8C2,1056,5,5,-1,TRUE,100,-1
PzMWcYa69hLrDgbK,SSC / TK,public,United States,37,44,1786070739286,1786081185159,2026-08-07T02:45:39Z,2026-08-07T05:39:45Z,https://classic.warcraftlogs.com/reports/PzMWcYa69hLrDgbK,1056,5,5,-1,TRUE,100,-1
gdDrhYzAFJXMxvPj,8/6 - SSC/TK,public,United States,67,72,1786071421068,1786081148296,2026-08-07T02:57:01Z,2026-08-07T05:39:08Z,https://classic.warcraftlogs.com/reports/gdDrhYzAFJXMxvPj,1056,5,5,-1,TRUE,100,-1
hbZpvtQ6kD8BFTcr,SSC / TK,public,United States,51,51,1786073954559,1786081143363,2026-08-07T03:39:14Z,2026-08-07T05:39:03Z,https://classic.warcraftlogs.com/reports/hbZpvtQ6kD8BFTcr,1056,5,5,-1,TRUE,100,-1
aw8zRJq9rPZhyfNV,SSC / TK,public,United States,45,49,1786073769605,1786081137100,2026-08-07T03:36:09Z,2026-08-07T05:38:57Z,https://classic.warcraftlogs.com/reports/aw8zRJq9rPZhyfNV,1056,5,5,-1,TRUE,100,-1
NhQpR49YyvCH6wAd,SSC pug,public,United States,51,51,1786074217725,1786081140482,2026-08-07T03:43:37Z,2026-08-07T05:39:00Z,https://classic.warcraftlogs.com/reports/NhQpR49YyvCH6wAd,1056,5,5,-1,TRUE,100,-1
wmc8DN9Yfq7JWaZP,SSC,public,United States,51,51,1786072902547,1786081142692,2026-08-07T03:21:42Z,2026-08-07T05:39:02Z,https://classic.warcraftlogs.com/reports/wmc8DN9Yfq7JWaZP,1056,5,5,-1,TRUE,100,-1
B8Xh36Mpk2NHKVCg,SSC / TK,public,United States,1,63,1786067513710,1786081055059,2026-08-07T01:51:53Z,2026-08-07T05:37:35Z,https://classic.warcraftlogs.com/reports/B8Xh36Mpk2NHKVCg,1056,5,5,-1,TRUE,100,-1
wTbFZV6KqG4x7Lt9,SSC / TK,public,United States,1,69,1786063570782,1786078008234,2026-08-07T00:46:10Z,2026-08-07T04:46:48Z,https://classic.warcraftlogs.com/reports/wTbFZV6KqG4x7Lt9,1056,5,5,-1,TRUE,100,-1
BFPdwZq8bJja46TX,Thur LC,public,United States,113,121,1786064277848,1786081087697,2026-08-07T00:57:57Z,2026-08-07T05:38:07Z,https://classic.warcraftlogs.com/reports/BFPdwZq8bJja46TX,1056,5,5,-1,TRUE,100,-1
hgLCzpHTtyfAr4R1,SSC / TK,public,United States,24,45,1786067633579,1786081066784,2026-08-07T01:53:53Z,2026-08-07T05:37:46Z,https://classic.warcraftlogs.com/reports/hgLCzpHTtyfAr4R1,1056,5,5,-1,TRUE,100,-1
BQYXNAbP6LjCzdtD,SSC / TK,public,United States,42,64,1786066907549,1786081061105,2026-08-07T01:41:47Z,2026-08-07T05:37:41Z,https://classic.warcraftlogs.com/reports/BQYXNAbP6LjCzdtD,1056,5,5,-1,TRUE,100,-1
naBJrvtY3XpqdAHW,SSC / TK,public,United States,15,57,1786070733478,1786081052972,2026-08-07T02:45:33Z,2026-08-07T05:37:32Z,https://classic.warcraftlogs.com/reports/naBJrvtY3XpqdAHW,1056,5,5,-1,TRUE,100,-1
2NtgBbMaRdXpqPkH,SSC / TK,public,United States,32,66,1786061466341,1786081031390,2026-08-07T00:11:06Z,2026-08-07T05:37:11Z,https://classic.warcraftlogs.com/reports/2NtgBbMaRdXpqPkH,1056,5,5,-1,TRUE,100,-1
ynwjvZrT2PYHaLxM,Late Night TK 8/6 Pear is on his paladin (no he isnt),public,United States,41,41,1786074232085,1786081042702,2026-08-07T03:43:52Z,2026-08-07T05:37:22Z,https://classic.warcraftlogs.com/reports/ynwjvZrT2PYHaLxM,1056,5,5,-1,TRUE,100,-1
NzM8Xx9jFYtfBpm4,SSC / TK,public,Korea,62,65,1786071335757,1786080952246,2026-08-07T02:55:35Z,2026-08-07T05:35:52Z,https://classic.warcraftlogs.com/reports/NzM8Xx9jFYtfBpm4,1056,5,5,-1,TRUE,100,-1
bXVr8gFTLpMNcthC,SSC / TK,public,United States,75,75,1786065845223,1786080930780,2026-08-07T01:24:05Z,2026-08-07T05:35:30Z,https://classic.warcraftlogs.com/reports/bXVr8gFTLpMNcthC,1056,5,5,-1,TRUE,100,-1
c2Tkv9yAQPKgRZrY,SSC / TK,public,China,55,60,1786069623351,1786080913016,2026-08-07T02:27:03Z,2026-08-07T05:35:13Z,https://classic.warcraftlogs.com/reports/c2Tkv9yAQPKgRZrY,1056,5,5,-1,TRUE,100,-1
gqYcJZhRLQH9NjF4,SSC / TK,public,China,1,23,1786075721683,1786080902075,2026-08-07T04:08:41Z,2026-08-07T05:35:02Z,https://classic.warcraftlogs.com/reports/gqYcJZhRLQH9NjF4,1056,5,5,-1,TRUE,100,-1
NQgkb83xjvKZhwJp,SSC / TK,public,United States,1,20,1786075117547,1786080529070,2026-08-07T03:58:37Z,2026-08-07T05:28:49Z,https://classic.warcraftlogs.com/reports/NQgkb83xjvKZhwJp,1056,5,5,-1,TRUE,100,-1
fdWP3FQtYVMzGB9p,Not Optimal,public,United States,1,13,1786061083496,1786080441282,2026-08-07T00:04:43Z,2026-08-07T05:27:21Z,https://classic.warcraftlogs.com/reports/fdWP3FQtYVMzGB9p,1056,5,5,-1,TRUE,100,-1
QBt14A7hZPR9c3fN,SSC / TK,public,China,1,14,1785987144253,1786000489233,2026-08-06T03:32:24Z,2026-08-06T07:14:49Z,https://classic.warcraftlogs.com/reports/QBt14A7hZPR9c3fN,1056,5,5,-1,TRUE,100,-1
rwJLhXZ4AnHKWVcv,SSC / TK,public,United States,15,18,1786067686199,1786080850671,2026-08-07T01:54:46Z,2026-08-07T05:34:10Z,https://classic.warcraftlogs.com/reports/rwJLhXZ4AnHKWVcv,1056,5,5,-1,TRUE,100,-1
Xg4JNzW6871ZYTaB,SSC / TK,public,United States,59,80,1786068939548,1786080839354,2026-08-07T02:15:39Z,2026-08-07T05:33:59Z,https://classic.warcraftlogs.com/reports/Xg4JNzW6871ZYTaB,1056,5,5,-1,TRUE,100,-1
CawnkxH63mqKrBPV,SSC / TK,public,United States,57,72,1786068848896,1786080797857,2026-08-07T02:14:08Z,2026-08-07T05:33:17Z,https://classic.warcraftlogs.com/reports/CawnkxH63mqKrBPV,1056,5,5,-1,TRUE,100,-1
MLjfCNGR1BxDZQgr,Big TK,public,United States,1,35,1786074633095,1786080437799,2026-08-07T03:50:33Z,2026-08-07T05:27:17Z,https://classic.warcraftlogs.com/reports/MLjfCNGR1BxDZQgr,1056,5,5,-1,TRUE,100,-1
Z1mMAzqXRNJrvt7p,ssc+tk - any paladins here?,public,United States,65,71,1786069994668,1786080939648,2026-08-07T02:33:14Z,2026-08-07T05:35:39Z,https://classic.warcraftlogs.com/reports/Z1mMAzqXRNJrvt7p,1056,5,5,-1,TRUE,100,-1
dm1vQk8M7WYnNATZ,GUTS TK Red Team ,public,United States,1,4,1786065075827,1786077841571,2026-08-07T01:11:15Z,2026-08-07T04:44:01Z,https://classic.warcraftlogs.com/reports/dm1vQk8M7WYnNATZ,1056,5,5,-1,TRUE,100,-1
tzgaZfkBpQcWN4wn,FS-毒蛇,public,China,1,4,1786077749875,1786080656023,2026-08-07T04:42:29Z,2026-08-07T05:30:56Z,https://classic.warcraftlogs.com/reports/tzgaZfkBpQcWN4wn,1056,5,5,-1,TRUE,100,-1
zxBJgtZTHk4Vr8WD,SSC / TK,public,China,1,4,1786076005168,1786080066569,2026-08-07T04:13:25Z,2026-08-07T05:21:06Z,https://classic.warcraftlogs.com/reports/zxBJgtZTHk4Vr8WD,1056,5,5,-1,TRUE,100,-1
RTJxc1ygFwjzvQ2m,SSC / TK,public,United States,85,85,1786061967630,1786080604219,2026-08-07T00:19:27Z,2026-08-07T05:30:04Z,https://classic.warcraftlogs.com/reports/RTJxc1ygFwjzvQ2m,1056,5,5,-1,TRUE,100,-1
J3Cv7LdV2ywk1gx8, 8-6-25 ssc/tk - spriest,public,United States,85,85,1786060778439,1786080605314,2026-08-06T23:59:38Z,2026-08-07T05:30:05Z,https://classic.warcraftlogs.com/reports/J3Cv7LdV2ywk1gx8,1056,5,5,-1,TRUE,100,-1
ZqWDpjN2wQVJK4Y9,SSC / TK,public,United States,1,61,1785895037640,1785904926410,2026-08-05T01:57:17Z,2026-08-05T04:42:06Z,https://classic.warcraftlogs.com/reports/ZqWDpjN2wQVJK4Y9,1056,5,5,-1,TRUE,100,-1
jgQHh3bWT7Rx9DzB,TK - 08-06-26,public,United States,35,48,1786072393423,1786080519993,2026-08-07T03:13:13Z,2026-08-07T05:28:39Z,https://classic.warcraftlogs.com/reports/jgQHh3bWT7Rx9DzB,1056,5,5,-1,TRUE,100,-1
hzKP7patFwNXy8QW,SSC / TK,public,United States,2,69,1786063936040,1786079802985,2026-08-07T00:52:16Z,2026-08-07T05:16:42Z,https://classic.warcraftlogs.com/reports/hzKP7patFwNXy8QW,1056,5,5,-1,TRUE,100,-1
FT6pWRCtw1LyQvHd,Team K - TK,public,United States,1,33,1786072362649,1786080497250,2026-08-07T03:12:42Z,2026-08-07T05:28:17Z,https://classic.warcraftlogs.com/reports/FT6pWRCtw1LyQvHd,1056,5,5,-1,TRUE,100,-1
AncV8NXYm2LwxWHb,3,public,United States,65,65,1786070644383,1786080434155,2026-08-07T02:44:04Z,2026-08-07T05:27:14Z,https://classic.warcraftlogs.com/reports/AncV8NXYm2LwxWHb,1056,5,5,-1,TRUE,100,-1
7RpP4BYfdbTztk2m,51,public,China,31,58,1786066438358,1786080428493,2026-08-07T01:33:58Z,2026-08-07T05:27:08Z,https://classic.warcraftlogs.com/reports/7RpP4BYfdbTztk2m,1056,5,5,-1,TRUE,100,-1
PaJTnNQpzR2jkvFL,SSC 8 AUG 2026,public,United States,45,44,1786072096573,1786080425022,2026-08-07T03:08:16Z,2026-08-07T05:27:05Z,https://classic.warcraftlogs.com/reports/PaJTnNQpzR2jkvFL,1056,5,5,-1,TRUE,100,-1
j2ZpJnGcHLrQW691,毒蛇,public,China,1,8,1786073139259,1786080250155,2026-08-07T03:25:39Z,2026-08-07T05:24:10Z,https://classic.warcraftlogs.com/reports/j2ZpJnGcHLrQW691,1056,5,5,-1,TRUE,100,-1
97FVkvTjtbyCdzw6,SSC / TK,public,China,1,8,1786013686265,1786026813038,2026-08-06T10:54:46Z,2026-08-06T14:33:33Z,https://classic.warcraftlogs.com/reports/97FVkvTjtbyCdzw6,1056,5,5,-1,TRUE,100,-1
Z1xkWaPRwDGKypQm,2026-08-06_TK,public,United States,9,29,1786063990909,1786070260583,2026-08-07T00:53:10Z,2026-08-07T02:37:40Z,https://classic.warcraftlogs.com/reports/Z1xkWaPRwDGKypQm,1056,5,5,-1,TRUE,100,-1
B1qW4Tf7DLVjrhYF,SSC+TK,public,Europe,1,63,1786035887840,1786046545246,2026-08-06T17:04:47Z,2026-08-06T20:02:25Z,https://classic.warcraftlogs.com/reports/B1qW4Tf7DLVjrhYF,1056,5,5,-1,TRUE,100,-1
6ANYXTgQnkhcFbqC,TK / SSC,public,United States,128,141,1785899157978,1786080292260,2026-08-05T03:05:57Z,2026-08-07T05:24:52Z,https://classic.warcraftlogs.com/reports/6ANYXTgQnkhcFbqC,1056,5,5,-1,TRUE,100,-1
dJvLFKmpjnRWqbrN,<DG> TK/SSC Thurs,public,United States,1,60,1786062126318,1786080104767,2026-08-07T00:22:06Z,2026-08-07T05:21:44Z,https://classic.warcraftlogs.com/reports/dJvLFKmpjnRWqbrN,1056,5,5,-1,TRUE,100,-1
WNtKhbacGHA4FgR3,ssc tk,public,Europe,1,58,1785948776921,1785959076171,2026-08-05T16:52:56Z,2026-08-05T19:44:36Z,https://classic.warcraftlogs.com/reports/WNtKhbacGHA4FgR3,1056,5,5,-1,TRUE,100,-1
3vqPVnxwrcX1fDzW,kidney stones are stored in the balls,public,United States,26,66,1786069709469,1786080192839,2026-08-07T02:28:29Z,2026-08-07T05:23:12Z,https://classic.warcraftlogs.com/reports/3vqPVnxwrcX1fDzW,1056,5,5,-1,TRUE,100,-1
6FMC2hwnWcxqT1B8,SSC / TK,public,United States,4,4,1786078010888,1786080185401,2026-08-07T04:46:50Z,2026-08-07T05:23:05Z,https://classic.warcraftlogs.com/reports/6FMC2hwnWcxqT1B8,1056,6,6,-1,TRUE,100,-1
NQnMR8a3ZqpWGkcy,SSC 8/6 - Blue,public,United States,1,33,1786070734496,1786078942368,2026-08-07T02:45:34Z,2026-08-07T05:02:22Z,https://classic.warcraftlogs.com/reports/NQnMR8a3ZqpWGkcy,1056,6,6,-1,TRUE,100,-1
3cpkmj9PXBNrQfLy,SSC & TK ,public,United States,64,70,1786068074601,1786080150223,2026-08-07T02:01:14Z,2026-08-07T05:22:30Z,https://classic.warcraftlogs.com/reports/3cpkmj9PXBNrQfLy,1056,6,6,-1,TRUE,100,-1
W6XKmZwYfRndbjhx,zugzuged,public,Europe,1,72,1786035620959,1786050115054,2026-08-06T17:00:20Z,2026-08-06T21:01:55Z,https://classic.warcraftlogs.com/reports/W6XKmZwYfRndbjhx,1056,6,6,-1,TRUE,100,-1
n2jF6PD4p9hrMAyC,sison SSC/TK,public,United States,77,86,1786067668478,1786080005563,2026-08-07T01:54:28Z,2026-08-07T05:20:05Z,https://classic.warcraftlogs.com/reports/n2jF6PD4p9hrMAyC,1056,6,6,-1,TRUE,100,-1
TBamvzcDPr8XgjbZ,p2 raids again,public,United States,55,74,1786063906382,1786079998668,2026-08-07T00:51:46Z,2026-08-07T05:19:58Z,https://classic.warcraftlogs.com/reports/TBamvzcDPr8XgjbZ,1056,6,6,-1,TRUE,100,-1
6ahXJvgRTnq3dD7Q,SSC / TK,public,United States,38,69,1786063230705,1786079998736,2026-08-07T00:40:30Z,2026-08-07T05:19:58Z,https://classic.warcraftlogs.com/reports/6ahXJvgRTnq3dD7Q,1056,6,6,-1,TRUE,100,-1
Z48VGCdRy2MgJv6p,SSC / TK,public,United States,75,76,1786064538716,1786079998957,2026-08-07T01:02:18Z,2026-08-07T05:19:58Z,https://classic.warcraftlogs.com/reports/Z48VGCdRy2MgJv6p,1056,6,6,-1,TRUE,100,-1
zdtxgAZnvJTk81F6,8/6 bogg late,public,United States,21,21,1786074750060,1786079921101,2026-08-07T03:52:30Z,2026-08-07T05:18:41Z,https://classic.warcraftlogs.com/reports/zdtxgAZnvJTk81F6,1056,6,6,-1,TRUE,100,-1
fq9nXVt7mDJaNTzc,SSC 8/6,public,United States,1,45,1786066045664,1786078653348,2026-08-07T01:27:25Z,2026-08-07T04:57:33Z,https://classic.warcraftlogs.com/reports/fq9nXVt7mDJaNTzc,1056,6,6,-1,TRUE,100,-1
WAZ6tjQX2D9vn4aF,RT-OTP 8/6,public,United States,73,83,1786070015916,1786079856021,2026-08-07T02:33:35Z,2026-08-07T05:17:36Z,https://classic.warcraftlogs.com/reports/WAZ6tjQX2D9vn4aF,1056,6,6,-1,TRUE,100,-1
p3jLh62aVPJM74Rf,SSC / TK,public,China,1,7,1786067402478,1786078068399,2026-08-07T01:50:02Z,2026-08-07T04:47:48Z,https://classic.warcraftlogs.com/reports/p3jLh62aVPJM74Rf,1056,6,6,-1,TRUE,100,-1
dHAz3cam8yDGMgYR,TK 8.6,public,United States,41,41,1786072701394,1786079831684,2026-08-07T03:18:21Z,2026-08-07T05:17:11Z,https://classic.warcraftlogs.com/reports/dHAz3cam8yDGMgYR,1056,6,6,-1,TRUE,100,-1
pQFgbzVR178kxLBG,风暴,public,China,1,28,1786067120027,1786079405632,2026-08-07T01:45:20Z,2026-08-07T05:10:05Z,https://classic.warcraftlogs.com/reports/pQFgbzVR178kxLBG,1056,6,6,-1,TRUE,100,-1
J3twfh42pa7TkYyB,SSC / TK,public,United States,62,69,1786070733478,1786079778906,2026-08-07T02:45:33Z,2026-08-07T05:16:18Z,https://classic.warcraftlogs.com/reports/J3twfh42pa7TkYyB,1056,6,6,-1,TRUE,100,-1
Xnb23aMcVmtjgvzd,The Gang's All Here,public,United States,85,89,1786063498842,1786079741562,2026-08-07T00:44:58Z,2026-08-07T05:15:41Z,https://classic.warcraftlogs.com/reports/Xnb23aMcVmtjgvzd,1056,6,6,-1,TRUE,100,-1
1YQjN2HtVA7rRx6y,SSC / TK,public,United States,13,61,1786062953348,1786078182726,2026-08-07T00:35:53Z,2026-08-07T04:49:42Z,https://classic.warcraftlogs.com/reports/1YQjN2HtVA7rRx6y,1056,6,6,-1,TRUE,100,-1
DjcQMwvYdAbmh18p,SSC / TK,public,United States,1,11,1786056995336,1786068363134,2026-08-06T22:56:35Z,2026-08-07T02:06:03Z,https://classic.warcraftlogs.com/reports/DjcQMwvYdAbmh18p,1056,6,6,-1,TRUE,100,-1
3AZW9pJXVBN6vthF,KARAAAAAAAAAAAAAAA,public,United States,6,23,1786063170166,1786066619013,2026-08-07T00:39:30Z,2026-08-07T01:36:59Z,https://classic.warcraftlogs.com/reports/3AZW9pJXVBN6vthF,1056,6,6,-1,TRUE,100,-1
ywPGnqaAT7QZtg1d,Code Ten - TK - 20260806,public,United States,1,37,1786070621906,1786079482876,2026-08-07T02:43:41Z,2026-08-07T05:11:22Z,https://classic.warcraftlogs.com/reports/ywPGnqaAT7QZtg1d,1056,6,6,-1,TRUE,100,-1
qhwjFa36JAgPZVWm,SSC / TK,public,China,33,33,1786075467435,1786079574615,2026-08-07T04:04:27Z,2026-08-07T05:12:54Z,https://classic.warcraftlogs.com/reports/qhwjFa36JAgPZVWm,1056,6,6,-1,TRUE,100,-1
TPRtzZf2Yq1CbNHc,SSC / TK,public,China,1,3,1786076005168,1786079124415,2026-08-07T04:13:25Z,2026-08-07T05:05:24Z,https://classic.warcraftlogs.com/reports/TPRtzZf2Yq1CbNHc,1056,6,6,-1,TRUE,100,-1
xACvJH79YhtT6Q42,TK torture,public,United States,34,34,1786073617118,1786079534618,2026-08-07T03:33:37Z,2026-08-07T05:12:14Z,https://classic.warcraftlogs.com/reports/xACvJH79YhtT6Q42,1056,6,6,-1,TRUE,100,-1
N9MV8BLPpjqwKarD,SSC / TK,public,United States,1,27,1786070367086,1786078575900,2026-08-07T02:39:27Z,2026-08-07T04:56:15Z,https://classic.warcraftlogs.com/reports/N9MV8BLPpjqwKarD,1056,6,6,-1,TRUE,100,-1
9JGHBA8MdxFqymca,ALL in SSC,public,United States,41,41,1786075313227,1786079486422,2026-08-07T04:01:53Z,2026-08-07T05:11:26Z,https://classic.warcraftlogs.com/reports/9JGHBA8MdxFqymca,1056,6,6,-1,TRUE,100,-1
MJbDRCPaZFjn3t1z,The time before Piss Bug - AA - SSC,public,United States,42,42,1786074842840,1786079485383,2026-08-07T03:54:02Z,2026-08-07T05:11:25Z,https://classic.warcraftlogs.com/reports/MJbDRCPaZFjn3t1z,1056,6,6,-1,TRUE,100,-1
fP73jJZdbyq4QYCv,SSC Part 1,public,United States,1,30,1786069400935,1786079311477,2026-08-07T02:23:20Z,2026-08-07T05:08:31Z,https://classic.warcraftlogs.com/reports/fP73jJZdbyq4QYCv,1056,6,6,-1,TRUE,100,-1
V1jZLvM6C3mkcFA9,SSC / TK,public,United States,3,11,1786074501862,1786075789478,2026-08-07T03:48:21Z,2026-08-07T04:09:49Z,https://classic.warcraftlogs.com/reports/V1jZLvM6C3mkcFA9,1056,6,6,-1,TRUE,100,-1
9KJqv3mpDrAgZbNc,SSC / TK,public,United States,61,80,1786067947923,1786079484480,2026-08-07T01:59:07Z,2026-08-07T05:11:24Z,https://classic.warcraftlogs.com/reports/9KJqv3mpDrAgZbNc,1056,6,6,-1,TRUE,100,-1
TaHVrknZg4AFCQtf,Thursday II high,public,United States,77,77,1786067732869,1786079466655,2026-08-07T01:55:32Z,2026-08-07T05:11:06Z,https://classic.warcraftlogs.com/reports/TaHVrknZg4AFCQtf,1056,6,6,-1,TRUE,100,-1
N3PdW6aztTpDybAJ,Thurs Week 13,public,United States,81,88,1786067375254,1786079464687,2026-08-07T01:49:35Z,2026-08-07T05:11:04Z,https://classic.warcraftlogs.com/reports/N3PdW6aztTpDybAJ,1056,6,6,-1,TRUE,100,-1
8zrRZNHBJQ31fKMg,SSC / TK (07-08-2027),public,United States,1,35,1786070537519,1786079117869,2026-08-07T02:42:17Z,2026-08-07T05:05:17Z,https://classic.warcraftlogs.com/reports/8zrRZNHBJQ31fKMg,1056,6,6,-1,TRUE,100,-1
tW1AqjvRJKdcL97x,SSC / TK,public,United States,1,8,1786068746316,1786079012627,2026-08-07T02:12:26Z,2026-08-07T05:03:32Z,https://classic.warcraftlogs.com/reports/tW1AqjvRJKdcL97x,1056,6,6,-1,TRUE,100,-1
m6pPtMNyr87K2RCL,TK Test Log V,public,United States,10,10,1786074862579,1786079388934,2026-08-07T03:54:22Z,2026-08-07T05:09:48Z,https://classic.warcraftlogs.com/reports/m6pPtMNyr87K2RCL,1056,6,6,-1,TRUE,100,-1
xg3WQhyYZXTnjNwa,G8 SSC horizontal raiders,public,United States,1,13,1786076479501,1786079013413,2026-08-07T04:21:19Z,2026-08-07T05:03:33Z,https://classic.warcraftlogs.com/reports/xg3WQhyYZXTnjNwa,1056,6,6,-1,TRUE,100,-1
643MzjNb7gfBqxhr,G8 SSC,public,United States,1,15,1786076501535,1786079012956,2026-08-07T04:21:41Z,2026-08-07T05:03:32Z,https://classic.warcraftlogs.com/reports/643MzjNb7gfBqxhr,1056,6,6,-1,TRUE,100,-1
kwW78zDrmBFqMYKf,SSC/TK Week 13 Thursday,public,United States,20,20,1786062691741,1786079288748,2026-08-07T00:31:31Z,2026-08-07T05:08:08Z,https://classic.warcraftlogs.com/reports/kwW78zDrmBFqMYKf,1056,6,6,-1,TRUE,100,-1
fRAtqvxXGym7aZzc,TK thursday,public,United States,1,35,1786066660607,1786078983470,2026-08-07T01:37:40Z,2026-08-07T05:03:03Z,https://classic.warcraftlogs.com/reports/fRAtqvxXGym7aZzc,1056,6,6,-1,TRUE,100,-1
P7xYfTnRCLaDXAzb,SSC / TK,public,Korea,56,67,1786070004034,1786079206798,2026-08-07T02:33:24Z,2026-08-07T05:06:46Z,https://classic.warcraftlogs.com/reports/P7xYfTnRCLaDXAzb,1056,6,6,-1,TRUE,100,-1
fdQqnFpHtgRBk81a,SSC / TK,public,Korea,60,67,1786069704610,1786079206331,2026-08-07T02:28:24Z,2026-08-07T05:06:46Z,https://classic.warcraftlogs.com/reports/fdQqnFpHtgRBk81a,1056,6,6,-1,TRUE,100,-1
qJjzcyRN8n1AxGYB,TK,public,United States,1,35,1786064129893,1786078077113,2026-08-07T00:55:29Z,2026-08-07T04:47:57Z,https://classic.warcraftlogs.com/reports/qJjzcyRN8n1AxGYB,1056,6,6,-1,TRUE,100,-1
HDZxF2B76R4Xgnav,SSC / TK,public,United States,38,40,1786070001486,1786079067368,2026-08-07T02:33:21Z,2026-08-07T05:04:27Z,https://classic.warcraftlogs.com/reports/HDZxF2B76R4Xgnav,1056,6,6,-1,TRUE,100,-1
8MCDHvwbnyB1m4jz,TK 8/7/26,public,United States,1,38,1786070794136,1786078043136,2026-08-07T02:46:34Z,2026-08-07T04:47:23Z,https://classic.warcraftlogs.com/reports/8MCDHvwbnyB1m4jz,1056,6,6,-1,TRUE,100,-1
Ct7gvVcMFZ1BJKXh,SSC / TK,public,United States,1,24,1786074312793,1786078619998,2026-08-07T03:45:12Z,2026-08-07T04:56:59Z,https://classic.warcraftlogs.com/reports/Ct7gvVcMFZ1BJKXh,1056,6,6,-1,TRUE,100,-1
H36YvMkCfh4ywdFa,SSC / TK,public,United States,53,59,1786071098533,1786078979078,2026-08-07T02:51:38Z,2026-08-07T05:02:59Z,https://classic.warcraftlogs.com/reports/H36YvMkCfh4ywdFa,1056,6,6,-1,TRUE,100,-1
waKf3pGP67bnN8Ht,SSC / TK,public,United States,43,68,1786064814844,1786078989555,2026-08-07T01:06:54Z,2026-08-07T05:03:09Z,https://classic.warcraftlogs.com/reports/waKf3pGP67bnN8Ht,1056,6,6,-1,TRUE,100,-1
1HkN8jh2RZQbxtGr,SSC / TK,public,United States,34,41,1786069791704,1786078969433,2026-08-07T02:29:51Z,2026-08-07T05:02:49Z,https://classic.warcraftlogs.com/reports/1HkN8jh2RZQbxtGr,1056,6,6,-1,TRUE,100,-1
nrkacqwW2vHz6VyR,SSC 8/6/26,public,United States,34,39,1786071614155,1786078942756,2026-08-07T03:00:14Z,2026-08-07T05:02:22Z,https://classic.warcraftlogs.com/reports/nrkacqwW2vHz6VyR,1056,6,6,-1,TRUE,100,-1
jXFpVTJKw1x2bdyn,SSC,public,United States,36,40,1786071276162,1786078933064,2026-08-07T02:54:36Z,2026-08-07T05:02:13Z,https://classic.warcraftlogs.com/reports/jXFpVTJKw1x2bdyn,1056,6,6,-1,TRUE,100,-1
tmYKQBD6c2vbjfNx,Green SSC,public,United States,1,28,1786064528358,1786078808453,2026-08-07T01:02:08Z,2026-08-07T05:00:08Z,https://classic.warcraftlogs.com/reports/tmYKQBD6c2vbjfNx,1056,6,6,-1,TRUE,100,-1
Ppc2MXGQ3bf9BdFV,gang gang thurs,public,United States,60,62,1786064031183,1786078901336,2026-08-07T00:53:51Z,2026-08-07T05:01:41Z,https://classic.warcraftlogs.com/reports/Ppc2MXGQ3bf9BdFV,1056,6,6,-1,TRUE,100,-1
TYPj7AxCaz2dKLDb,SSC / TK,public,United States,64,66,1786062160371,1786078899935,2026-08-07T00:22:40Z,2026-08-07T05:01:39Z,https://classic.warcraftlogs.com/reports/TYPj7AxCaz2dKLDb,1056,6,6,-1,TRUE,100,-1
4Q3RYgHDMpCq6PZN,WTB Supa,public,United States,1,45,1786068149932,1786078596792,2026-08-07T02:02:29Z,2026-08-07T04:56:36Z,https://classic.warcraftlogs.com/reports/4Q3RYgHDMpCq6PZN,1056,6,6,-1,TRUE,100,-1
CTRWQYmnkrD6fVjv,SSC / TK,public,United States,79,82,1786067476195,1786078846715,2026-08-07T01:51:16Z,2026-08-07T05:00:46Z,https://classic.warcraftlogs.com/reports/CTRWQYmnkrD6fVjv,1056,6,6,-1,TRUE,100,-1
h3CyFLVJ1YGXdztM,SSC / TK,public,United States,79,82,1786067394189,1786079139756,2026-08-07T01:49:54Z,2026-08-07T05:05:39Z,https://classic.warcraftlogs.com/reports/h3CyFLVJ1YGXdztM,1056,6,6,-1,TRUE,100,-1
qxVvFkfKNtzA48Mn,260803_SSC/TK Healin!,public,United States,79,79,1785809005008,1785820938503,2026-08-04T02:03:25Z,2026-08-04T05:22:18Z,https://classic.warcraftlogs.com/reports/qxVvFkfKNtzA48Mn,1056,6,6,-1,TRUE,100,-1
3J7vwZ26mbz9YFXp,SSC / TK,public,China,1,12,1786068337865,1786077638320,2026-08-07T02:05:37Z,2026-08-07T04:40:38Z,https://classic.warcraftlogs.com/reports/3J7vwZ26mbz9YFXp,1056,6,6,-1,TRUE,100,-1
yvzHLcApMJn41mr6,No Promo SSC,public,United States,1,35,1786064736039,1786078284059,2026-08-07T01:05:36Z,2026-08-07T04:51:24Z,https://classic.warcraftlogs.com/reports/yvzHLcApMJn41mr6,1056,6,6,-1,TRUE,100,-1
bw4f8TyGFN2rgmtY,ssc who knows,public,United States,24,33,1786071959869,1786078707808,2026-08-07T03:05:59Z,2026-08-07T04:58:27Z,https://classic.warcraftlogs.com/reports/bw4f8TyGFN2rgmtY,1056,6,6,-1,TRUE,100,-1
cFT7nYkGHR2WLaJf,SSC / TK,public,United States,29,30,1786074408586,1786078708441,2026-08-07T03:46:48Z,2026-08-07T04:58:28Z,https://classic.warcraftlogs.com/reports/cFT7nYkGHR2WLaJf,1056,6,6,-1,TRUE,100,-1
r29fLZbKm6nzMyXW,KUWANGER MUTINY RUN - BLACKWAKE - AUG 06 2026,public,United States,1,60,1786068144885,1786077907777,2026-08-07T02:02:24Z,2026-08-07T04:45:07Z,https://classic.warcraftlogs.com/reports/r29fLZbKm6nzMyXW,1056,6,6,-1,TRUE,100,-1
RBJVhPrZ1t2Aqvg8,SSC / TK,public,United States,82,83,1786064889800,1786078649784,2026-08-07T01:08:09Z,2026-08-07T04:57:29Z,https://classic.warcraftlogs.com/reports/RBJVhPrZ1t2Aqvg8,1056,6,6,-1,TRUE,100,-1
Z8KfbYgBHQjMcTkC,1,public,China,48,57,1786066433693,1786078572590,2026-08-07T01:33:53Z,2026-08-07T04:56:12Z,https://classic.warcraftlogs.com/reports/Z8KfbYgBHQjMcTkC,1056,6,6,-1,TRUE,100,-1
p2qvt76czVAHmMB1,SSC / TK,public,China,1,6,1786068555603,1786078348895,2026-08-07T02:09:15Z,2026-08-07T04:52:28Z,https://classic.warcraftlogs.com/reports/p2qvt76czVAHmMB1,1056,6,6,-1,TRUE,100,-1
1zWXFCA2hYgjb3cD,SSC / TK,public,Korea,60,67,1786069354172,1786078566806,2026-08-07T02:22:34Z,2026-08-07T04:56:06Z,https://classic.warcraftlogs.com/reports/1zWXFCA2hYgjb3cD,1056,6,6,-1,TRUE,100,-1
qJrGwpMNBAnmTXZQ,SSC / TK,public,United States,1,68,1786064943780,1786076363990,2026-08-07T01:09:03Z,2026-08-07T04:19:23Z,https://classic.warcraftlogs.com/reports/qJrGwpMNBAnmTXZQ,1056,6,6,-1,TRUE,100,-1
RmMTdcnj78hzKH6F,25,public,Europe,62,74,1785948411400,1786078463088,2026-08-05T16:46:51Z,2026-08-07T04:54:23Z,https://classic.warcraftlogs.com/reports/RmMTdcnj78hzKH6F,1056,6,6,-1,TRUE,100,-1
XVYdbP2A3HxyNjwK,Tempest Keep 8-6-26,public,United States,1,31,1786069801093,1786078459606,2026-08-07T02:30:01Z,2026-08-07T04:54:19Z,https://classic.warcraftlogs.com/reports/XVYdbP2A3HxyNjwK,1056,6,6,-1,TRUE,100,-1
nBfqXr7Pgbc9RMaY,Rock Lobster,public,United States,1,25,1786057301767,1786072398991,2026-08-06T23:01:41Z,2026-08-07T03:13:18Z,https://classic.warcraftlogs.com/reports/nBfqXr7Pgbc9RMaY,1056,6,6,-1,TRUE,100,-1
vt2RrhcMaNPzwB7y,Incore,public,United States,1,6,1785974238183,1785981583754,2026-08-05T23:57:18Z,2026-08-06T01:59:43Z,https://classic.warcraftlogs.com/reports/vt2RrhcMaNPzwB7y,1056,6,6,-1,TRUE,100,-1
WZzvKMAxFG8pJq9n,TK 08/06/2026,public,United States,24,25,1786070556422,1786078416800,2026-08-07T02:42:36Z,2026-08-07T04:53:36Z,https://classic.warcraftlogs.com/reports/WZzvKMAxFG8pJq9n,1056,6,6,-1,TRUE,100,-1
twqhHLfGnAVxdyX8,SSC / TK,public,United States,9,38,1786068701014,1786076803110,2026-08-07T02:11:41Z,2026-08-07T04:26:43Z,https://classic.warcraftlogs.com/reports/twqhHLfGnAVxdyX8,1056,6,6,-1,TRUE,100,-1
rBHqZh1RgfXkKmw8,Tempest Keep 8-6-26,public,United States,34,34,1786069801093,1786078389745,2026-08-07T02:30:01Z,2026-08-07T04:53:09Z,https://classic.warcraftlogs.com/reports/rBHqZh1RgfXkKmw8,1056,6,6,-1,TRUE,100,-1
Y9pdg1Fnh2makfC6,Kae'lthas and Vashj pregnancy scare,public,United States,80,82,1786065828035,1786078368771,2026-08-07T01:23:48Z,2026-08-07T04:52:48Z,https://classic.warcraftlogs.com/reports/Y9pdg1Fnh2makfC6,1056,6,6,-1,TRUE,100,-1
ykqPbTFWQV1rvpCn,SSC 07 Aug 26,public,United States,1,50,1786061636018,1786078168930,2026-08-07T00:13:56Z,2026-08-07T04:49:28Z,https://classic.warcraftlogs.com/reports/ykqPbTFWQV1rvpCn,1056,6,6,-1,TRUE,100,-1
jhLFGVX1yHRgYNMQ,SSC / TK,public,United States,25,33,1786071003441,1786078356394,2026-08-07T02:50:03Z,2026-08-07T04:52:36Z,https://classic.warcraftlogs.com/reports/jhLFGVX1yHRgYNMQ,1056,6,6,-1,TRUE,100,-1
wmgMkyKvJ36DBR4a,TK/MAG Colon Massagers,public,United States,32,33,1786071177932,1786078354190,2026-08-07T02:52:57Z,2026-08-07T04:52:34Z,https://classic.warcraftlogs.com/reports/wmgMkyKvJ36DBR4a,1056,6,6,-1,TRUE,100,-1
HkxDtNFjc1n3MZBX,TK 8.6 ,public,United States,31,33,1786071177649,1786078354313,2026-08-07T02:52:57Z,2026-08-07T04:52:34Z,https://classic.warcraftlogs.com/reports/HkxDtNFjc1n3MZBX,1056,6,6,-1,TRUE,100,-1
NTGr9kWv3XPgJhjw,Thurs LC,public,United States,110,111,1786063841637,1786078353151,2026-08-07T00:50:41Z,2026-08-07T04:52:33Z,https://classic.warcraftlogs.com/reports/NTGr9kWv3XPgJhjw,1056,6,6,-1,TRUE,100,-1
hwdVnQxP6WfJptLj,SSC / TK,public,United States,21,34,1786067547185,1786078310691,2026-08-07T01:52:27Z,2026-08-07T04:51:50Z,https://classic.warcraftlogs.com/reports/hwdVnQxP6WfJptLj,1056,6,6,-1,TRUE,100,-1
AthjvMJaCF31mNHb,SSC / TK,public,United States,26,29,1786070824631,1786078264419,2026-08-07T02:47:04Z,2026-08-07T04:51:04Z,https://classic.warcraftlogs.com/reports/AthjvMJaCF31mNHb,1056,6,6,-1,TRUE,100,-1
VjPDMGn76aYrW83N,SSC/TK THURS,public,United States,33,65,1786066025577,1786078246888,2026-08-07T01:27:05Z,2026-08-07T04:50:46Z,https://classic.warcraftlogs.com/reports/VjPDMGn76aYrW83N,1056,6,6,-1,TRUE,100,-1
vkFP7AJhWaqYX9Lg,SSC / TK,public,United States,32,32,1786071818672,1786078247638,2026-08-07T03:03:38Z,2026-08-07T04:50:47Z,https://classic.warcraftlogs.com/reports/vkFP7AJhWaqYX9Lg,1056,6,6,-1,TRUE,100,-1
NHndfTGP2jBrvq8h,SSC / TK,public,United States,55,64,1786064740625,1786078246424,2026-08-07T01:05:40Z,2026-08-07T04:50:46Z,https://classic.warcraftlogs.com/reports/NHndfTGP2jBrvq8h,1056,6,6,-1,TRUE,100,-1
TLpPndkW68Gcw2zY,SSC / TK,public,United States,1,16,1786068506942,1786071042877,2026-08-07T02:08:26Z,2026-08-07T02:50:42Z,https://classic.warcraftlogs.com/reports/TLpPndkW68Gcw2zY,1056,6,6,-1,TRUE,100,-1
pzbHL8xV2fF7jthN,II high,public,United States,83,83,1786067233918,1786078209113,2026-08-07T01:47:13Z,2026-08-07T04:50:09Z,https://classic.warcraftlogs.com/reports/pzbHL8xV2fF7jthN,1056,6,6,-1,TRUE,100,-1
tfWGT2Mqvz1DCahP,Thurs Aug 6th Main Hunter,public,United States,72,83,1786067896616,1786078208498,2026-08-07T01:58:16Z,2026-08-07T04:50:08Z,https://classic.warcraftlogs.com/reports/tfWGT2Mqvz1DCahP,1056,6,6,-1,TRUE,100,-1
K6ntNGxCQ4j83Xhq,SSC,public,United States,56,57,1786063844279,1786078170064,2026-08-07T00:50:44Z,2026-08-07T04:49:30Z,https://classic.warcraftlogs.com/reports/K6ntNGxCQ4j83Xhq,1056,6,6,-1,TRUE,100,-1
JP3jbRvNM7BTg4Qp,SCC + TK,public,United States,2,37,1786063544561,1786076060385,2026-08-07T00:45:44Z,2026-08-07T04:14:20Z,https://classic.warcraftlogs.com/reports/JP3jbRvNM7BTg4Qp,1056,6,6,-1,TRUE,100,-1
CVgy81kjYBtzrqK2,8-6-26 CRANK TK ,public,United States,1,26,1786062238838,1786073283625,2026-08-07T00:23:58Z,2026-08-07T03:28:03Z,https://classic.warcraftlogs.com/reports/CVgy81kjYBtzrqK2,1056,6,6,-1,TRUE,100,-1
kHFdnhbgRDBjwCYM,SSC/TK - 8/6,public,United States,77,77,1786068069853,1786078158449,2026-08-07T02:01:09Z,2026-08-07T04:49:18Z,https://classic.warcraftlogs.com/reports/kHFdnhbgRDBjwCYM,1056,6,6,-1,TRUE,100,-1
fMrFhYG17KBLQHC4,Might please,public,United States,69,78,1786068234617,1786078118579,2026-08-07T02:03:54Z,2026-08-07T04:48:38Z,https://classic.warcraftlogs.com/reports/fMrFhYG17KBLQHC4,1056,6,6,-1,TRUE,100,-1
VhMXnvRwj92cAZzF,SSC Wk13,public,United States,2,6,1786063983504,1786071990705,2026-08-07T00:53:03Z,2026-08-07T03:06:30Z,https://classic.warcraftlogs.com/reports/VhMXnvRwj92cAZzF,1056,6,6,-1,TRUE,100,-1
rhVY1DRGxWZNL2X3,SSC / TK,public,United States,1,31,1786071572479,1786077995386,2026-08-07T02:59:32Z,2026-08-07T04:46:35Z,https://classic.warcraftlogs.com/reports/rhVY1DRGxWZNL2X3,1056,6,6,-1,TRUE,100,-1
AYWT3Hnz4wZgpD76,Void Reaver Kill me,public,United States,43,52,1786066397776,1786078080882,2026-08-07T01:33:17Z,2026-08-07T04:48:00Z,https://classic.warcraftlogs.com/reports/AYWT3Hnz4wZgpD76,1056,6,6,-1,TRUE,100,-1
wmhcy1VtY2apGfZM,SSC/TK Thurs 06/08/2026,public,United States,57,57,1786066054480,1786078082411,2026-08-07T01:27:34Z,2026-08-07T04:48:02Z,https://classic.warcraftlogs.com/reports/wmhcy1VtY2apGfZM,1056,6,6,-1,TRUE,100,-1
Wbp7BACy2Vnthc68,SSC / TK,public,United States,65,77,1786065800309,1786078067256,2026-08-07T01:23:20Z,2026-08-07T04:47:47Z,https://classic.warcraftlogs.com/reports/Wbp7BACy2Vnthc68,1056,6,6,-1,TRUE,100,-1
Vk6haJrjCBFXyxDg,5/6,public,United States,63,68,1786066942647,1786078027747,2026-08-07T01:42:22Z,2026-08-07T04:47:07Z,https://classic.warcraftlogs.com/reports/Vk6haJrjCBFXyxDg,1056,6,6,-1,TRUE,100,-1
k2NLrvXfyKnMTx8j,SSC / TK,public,United States,1,58,1786066732451,1786077982423,2026-08-07T01:38:52Z,2026-08-07T04:46:22Z,https://classic.warcraftlogs.com/reports/k2NLrvXfyKnMTx8j,1056,6,6,-1,TRUE,100,-1
1xQp2rmHcVRb4YXz,SSC/TK,public,United States,40,65,1786065342707,1786077992553,2026-08-07T01:15:42Z,2026-08-07T04:46:32Z,https://classic.warcraftlogs.com/reports/1xQp2rmHcVRb4YXz,1056,6,6,-1,TRUE,100,-1
hVBncdAq96TwFb7W,8-6-26 CRANK SSC,public,United States,2,22,1786062238838,1786068706777,2026-08-07T00:23:58Z,2026-08-07T02:11:46Z,https://classic.warcraftlogs.com/reports/hVBncdAq96TwFb7W,1056,7,7,-1,TRUE,100,-1
FPT41jQqmWRrbk3t,SSC / TK,public,United States,56,72,1786066731754,1786077891830,2026-08-07T01:38:51Z,2026-08-07T04:44:51Z,https://classic.warcraftlogs.com/reports/FPT41jQqmWRrbk3t,1056,7,7,-1,TRUE,100,-1
MVzJ1YrxyjbKfqac,Look Alive - Golden Gorillas - 08/06/2026 - Week 25,public,United States,77,77,1786066455686,1786077898250,2026-08-07T01:34:15Z,2026-08-07T04:44:58Z,https://classic.warcraftlogs.com/reports/MVzJ1YrxyjbKfqac,1056,7,7,-1,TRUE,100,-1
3k1R4btvW6jwHgLB,SSC / TK,public,United States,30,31,1786068300819,1786077896318,2026-08-07T02:05:00Z,2026-08-07T04:44:56Z,https://classic.warcraftlogs.com/reports/3k1R4btvW6jwHgLB,1056,7,7,-1,TRUE,100,-1
w8rhf3g7YmJNW6cz,SSC/TK - 08/06/2026,public,United States,72,78,1786066105978,1786077891677,2026-08-07T01:28:25Z,2026-08-07T04:44:51Z,https://classic.warcraftlogs.com/reports/w8rhf3g7YmJNW6cz,1056,7,7,-1,TRUE,100,-1
mpyAjYdxDTg8Wka7,SSC / TK,public,United States,71,78,1786066361122,1786077893345,2026-08-07T01:32:41Z,2026-08-07T04:44:53Z,https://classic.warcraftlogs.com/reports/mpyAjYdxDTg8Wka7,1056,7,7,-1,TRUE,100,-1
GhHx3RC2JVXynmcq,SSC / TK,public,China,1,58,1785990996459,1786002246499,2026-08-06T04:36:36Z,2026-08-06T07:44:06Z,https://classic.warcraftlogs.com/reports/GhHx3RC2JVXynmcq,1056,7,7,-1,TRUE,100,-1
4BXj7DcFwd3KvT2P,SSC/TK - GARBAGE RUN,public,United States,1,57,1786066276721,1786076959738,2026-08-07T01:31:16Z,2026-08-07T04:29:19Z,https://classic.warcraftlogs.com/reports/4BXj7DcFwd3KvT2P,1056,7,7,-1,TRUE,100,-1
gqfmQC2PXwNaYD9T,gruul,public,United States,22,36,1786068058296,1786077813388,2026-08-07T02:00:58Z,2026-08-07T04:43:33Z,https://classic.warcraftlogs.com/reports/gqfmQC2PXwNaYD9T,1056,7,7,-1,TRUE,100,-1
4fMWVn7pBa6vGHTk,tk,public,United States,41,45,1786066928901,1786077813442,2026-08-07T01:42:08Z,2026-08-07T04:43:33Z,https://classic.warcraftlogs.com/reports/4fMWVn7pBa6vGHTk,1056,7,7,-1,TRUE,100,-1
PFn2hfcZCLQzkMAB,SSC / TK,public,United States,82,82,1786068180203,1786077789212,2026-08-07T02:03:00Z,2026-08-07T04:43:09Z,https://classic.warcraftlogs.com/reports/PFn2hfcZCLQzkMAB,1056,7,7,-1,TRUE,100,-1
FCTRHQ2rVyzZtxdc,SSC / TK,public,United States,1,37,1786069427249,1786076989420,2026-08-07T02:23:47Z,2026-08-07T04:29:49Z,https://classic.warcraftlogs.com/reports/FCTRHQ2rVyzZtxdc,1056,7,7,-1,TRUE,100,-1
4NLrfhPcntQHKgZp,network tk / ssc,public,United States,38,73,1786066291309,1786077776795,2026-08-07T01:31:31Z,2026-08-07T04:42:56Z,https://classic.warcraftlogs.com/reports/4NLrfhPcntQHKgZp,1056,7,7,-1,TRUE,100,-1
4xraFNvTVLH7YhyP,SSC Wk13,public,United States,1,6,1786063983504,1786071990705,2026-08-07T00:53:03Z,2026-08-07T03:06:30Z,https://classic.warcraftlogs.com/reports/4xraFNvTVLH7YhyP,1056,7,7,-1,TRUE,100,-1
B29QApdX3LztGhJD,Incore,public,United States,1,16,1786061208934,1786077087697,2026-08-07T00:06:48Z,2026-08-07T04:31:27Z,https://classic.warcraftlogs.com/reports/B29QApdX3LztGhJD,1056,7,7,-1,TRUE,100,-1
PGZtQhwkmK4RbfCM,SSC / TK,public,United States,71,76,1786064463025,1786077761528,2026-08-07T01:01:03Z,2026-08-07T04:42:41Z,https://classic.warcraftlogs.com/reports/PGZtQhwkmK4RbfCM,1056,7,7,-1,TRUE,100,-1
TzGfA41rYMDWQvmN,SSC / TK,public,United States,69,77,1786065528866,1786077763367,2026-08-07T01:18:48Z,2026-08-07T04:42:43Z,https://classic.warcraftlogs.com/reports/TzGfA41rYMDWQvmN,1056,7,7,-1,TRUE,100,-1
7mYtgPGLzyjdDchV,SSC / TK,public,United States,53,72,1786062816202,1786077756391,2026-08-07T00:33:36Z,2026-08-07T04:42:36Z,https://classic.warcraftlogs.com/reports/7mYtgPGLzyjdDchV,1056,7,7,-1,TRUE,100,-1
fg68KVy7GmkZDNRb,ssc/tk,public,United States,65,73,1786062085461,1786077756594,2026-08-07T00:21:25Z,2026-08-07T04:42:36Z,https://classic.warcraftlogs.com/reports/fg68KVy7GmkZDNRb,1056,7,7,-1,TRUE,100,-1
XH12rT4yAJvCQabW,SSC / TK,public,United States,1,44,1786061309911,1786074359663,2026-08-07T00:08:29Z,2026-08-07T03:45:59Z,https://classic.warcraftlogs.com/reports/XH12rT4yAJvCQabW,1056,7,7,-1,TRUE,100,-1
t3jrdXm68BxTqhzy,SSC / TK,public,United States,76,77,1786065081534,1786077721119,2026-08-07T01:11:21Z,2026-08-07T04:42:01Z,https://classic.warcraftlogs.com/reports/t3jrdXm68BxTqhzy,1056,7,7,-1,TRUE,100,-1
JPXVYfQtKpg8mdHG,SSC / TK,public,China,27,54,1786067998606,1786077637703,2026-08-07T01:59:58Z,2026-08-07T04:40:37Z,https://classic.warcraftlogs.com/reports/JPXVYfQtKpg8mdHG,1056,7,7,-1,TRUE,100,-1
P1Dh3tX9y6K7Mmc8,SSC / TK,public,China,50,57,1786068382351,1786077641093,2026-08-07T02:06:22Z,2026-08-07T04:40:41Z,https://classic.warcraftlogs.com/reports/P1Dh3tX9y6K7Mmc8,1056,7,7,-1,TRUE,100,-1
j3r4mvaTbD7ZxpN9,SSC / TK,public,United States,25,67,1786065926049,1786077549051,2026-08-07T01:25:26Z,2026-08-07T04:39:09Z,https://classic.warcraftlogs.com/reports/j3r4mvaTbD7ZxpN9,1056,7,7,-1,TRUE,100,-1
ngrTAmV2h1MPYaq7,I should be playing EQ Legends instead,public,United States,69,75,1786066215837,1786077549798,2026-08-07T01:30:15Z,2026-08-07T04:39:09Z,https://classic.warcraftlogs.com/reports/ngrTAmV2h1MPYaq7,1056,7,7,-1,TRUE,100,-1
2xv6wb7Tdcy1RjGC,SSC / TK,public,United States,89,93,1786064217275,1786077531619,2026-08-07T00:56:57Z,2026-08-07T04:38:51Z,https://classic.warcraftlogs.com/reports/2xv6wb7Tdcy1RjGC,1056,7,7,-1,TRUE,100,-1
HV1QdJMLZYgah8Fb,SSC/TK 8/6/26,public,United States,41,72,1786064226097,1786077492295,2026-08-07T00:57:06Z,2026-08-07T04:38:12Z,https://classic.warcraftlogs.com/reports/HV1QdJMLZYgah8Fb,1056,7,7,-1,TRUE,100,-1
Vwzd83fPK1hk4xmn,SSC/TK Thursday 8/6,public,United States,77,84,1786064966388,1786077492703,2026-08-07T01:09:26Z,2026-08-07T04:38:12Z,https://classic.warcraftlogs.com/reports/Vwzd83fPK1hk4xmn,1056,7,7,-1,TRUE,100,-1
TvpF9mH6GqZBtydK,08/06 - KTH - SSC/TK,public,United States,80,80,1786064048999,1786077493794,2026-08-07T00:54:08Z,2026-08-07T04:38:13Z,https://classic.warcraftlogs.com/reports/TvpF9mH6GqZBtydK,1056,7,7,-1,TRUE,100,-1
cTy6g4ACVdZfkxYp,SSC / TK,public,China,1,7,1786066380336,1786075987387,2026-08-07T01:33:00Z,2026-08-07T04:13:07Z,https://classic.warcraftlogs.com/reports/cTy6g4ACVdZfkxYp,1056,7,7,-1,TRUE,100,-1
cTWkC9RqJFzGtZPn,SSC / TK,public,United States,45,50,1786064769048,1786077465471,2026-08-07T01:06:09Z,2026-08-07T04:37:45Z,https://classic.warcraftlogs.com/reports/cTWkC9RqJFzGtZPn,1056,7,7,-1,TRUE,100,-1
B6gRFtwxpD7KV1yq,SSC / TK,public,China,1,35,1786016073427,1786024979968,2026-08-06T11:34:33Z,2026-08-06T14:02:59Z,https://classic.warcraftlogs.com/reports/B6gRFtwxpD7KV1yq,1056,7,7,-1,TRUE,100,-1
wLfkWFVZ13QtM42D,8/6 gruul split 2,public,United States,17,62,1786065699039,1786077429584,2026-08-07T01:21:39Z,2026-08-07T04:37:09Z,https://classic.warcraftlogs.com/reports/wLfkWFVZ13QtM42D,1056,7,7,-1,TRUE,100,-1
W8vcMV2RPKJ9hBQq,SSC / TK,public,United States,45,66,1786066461565,1786077417655,2026-08-07T01:34:21Z,2026-08-07T04:36:57Z,https://classic.warcraftlogs.com/reports/W8vcMV2RPKJ9hBQq,1056,7,7,-1,TRUE,100,-1
3NKBAWpTrwd4Xxbc,SSC / TK,public,United States,78,79,1786064654900,1786077405777,2026-08-07T01:04:14Z,2026-08-07T04:36:45Z,https://classic.warcraftlogs.com/reports/3NKBAWpTrwd4Xxbc,1056,7,7,-1,TRUE,100,-1
czHtndW3YrB4QGC7,Fridge 8_6_26,public,United States,1,68,1786064236057,1786075470501,2026-08-07T00:57:16Z,2026-08-07T04:04:30Z,https://classic.warcraftlogs.com/reports/czHtndW3YrB4QGC7,1056,7,7,-1,TRUE,100,-1
L7xbAGMjrhRzKFcZ,SSC / TK,public,United States,53,83,1786062565778,1786077268910,2026-08-07T00:29:25Z,2026-08-07T04:34:28Z,https://classic.warcraftlogs.com/reports/L7xbAGMjrhRzKFcZ,1056,7,7,-1,TRUE,100,-1
k4N6gGmPqbFxBYVz,2026-08-06 - SSC / TK,public,United States,63,72,1786067578277,1786077231823,2026-08-07T01:52:58Z,2026-08-07T04:33:51Z,https://classic.warcraftlogs.com/reports/k4N6gGmPqbFxBYVz,1056,7,7,-1,TRUE,100,-1
xXGZ1d7wCTnjmA2r,SSC / TK,public,United States,1,19,1786069926380,1786077104681,2026-08-07T02:32:06Z,2026-08-07T04:31:44Z,https://classic.warcraftlogs.com/reports/xXGZ1d7wCTnjmA2r,1056,7,7,-1,TRUE,100,-1
dn7tV1JgbahDG8NZ,TABA SSC 8.6.26,public,United States,1,47,1786066349385,1786076971796,2026-08-07T01:32:29Z,2026-08-07T04:29:31Z,https://classic.warcraftlogs.com/reports/dn7tV1JgbahDG8NZ,1056,7,7,-1,TRUE,100,-1
XnDycH2Bp7V39CAq,SSC / TK,public,China,1,40,1786067356113,1786076549915,2026-08-07T01:49:16Z,2026-08-07T04:22:29Z,https://classic.warcraftlogs.com/reports/XnDycH2Bp7V39CAq,1056,7,7,-1,TRUE,100,-1
9tPF4Hw6dkJVQMpL,2026-08-06 SSC (Bridgeburner),public,United States,28,33,1786071931259,1786077123276,2026-08-07T03:05:31Z,2026-08-07T04:32:03Z,https://classic.warcraftlogs.com/reports/9tPF4Hw6dkJVQMpL,1056,7,7,-1,TRUE,100,-1
yD2496VaLQbHhmBP,Raid 2 SSC/TK 8-6-26,public,United States,64,70,1786064652690,1786077036650,2026-08-07T01:04:12Z,2026-08-07T04:30:36Z,https://classic.warcraftlogs.com/reports/yD2496VaLQbHhmBP,1056,7,7,-1,TRUE,100,-1
PR46FXVAGvxfWC9N,TK 8/6,public,United States,37,43,1786069427441,1786077026336,2026-08-07T02:23:47Z,2026-08-07T04:30:26Z,https://classic.warcraftlogs.com/reports/PR46FXVAGvxfWC9N,1056,7,7,-1,TRUE,100,-1
8CwGKxZhMLy3WNbB,SSC/TK 08-06-2026,public,United States,1,11,1786060112408,1786071897964,2026-08-06T23:48:32Z,2026-08-07T03:04:57Z,https://classic.warcraftlogs.com/reports/8CwGKxZhMLy3WNbB,1056,7,7,-1,TRUE,100,-1
pMt34zGnfJPDkdr2,SSC + TK (Raid 2),public,United States,68,68,1786066165061,1786076996321,2026-08-07T01:29:25Z,2026-08-07T04:29:56Z,https://classic.warcraftlogs.com/reports/pMt34zGnfJPDkdr2,1056,7,7,-1,TRUE,100,-1
FMXVcPfY8KTydHba,SSC / TK,public,United States,24,64,1786064536180,1786076938818,2026-08-07T01:02:16Z,2026-08-07T04:28:58Z,https://classic.warcraftlogs.com/reports/FMXVcPfY8KTydHba,1056,7,7,-1,TRUE,100,-1
kXT9RPGyJHpgW8c7,SSC/TK,public,United States,65,66,1786064839335,1786076939251,2026-08-07T01:07:19Z,2026-08-07T04:28:59Z,https://classic.warcraftlogs.com/reports/kXT9RPGyJHpgW8c7,1056,7,7,-1,TRUE,100,-1
q8FGDTMmp29zKkBw,SSC / TK,public,United States,65,70,1786064501148,1786075978607,2026-08-07T01:01:41Z,2026-08-07T04:12:58Z,https://classic.warcraftlogs.com/reports/q8FGDTMmp29zKkBw,1056,7,7,-1,TRUE,100,-1
dzny6CpNAY3hwqMx,Loxsley's SSC & TK - Week 13,public,United States,74,80,1786065211093,1786076894264,2026-08-07T01:13:31Z,2026-08-07T04:28:14Z,https://classic.warcraftlogs.com/reports/dzny6CpNAY3hwqMx,1056,7,7,-1,TRUE,100,-1
ZzDYx9cNaTXLhGPr,SSC/TK 8/6,public,United States,72,72,1786065549757,1786076864349,2026-08-07T01:19:09Z,2026-08-07T04:27:44Z,https://classic.warcraftlogs.com/reports/ZzDYx9cNaTXLhGPr,1056,7,7,-1,TRUE,100,-1
PY7M3nFgJ4KbVrTy,SSC/TK Thurs,public,United States,60,73,1786066067305,1786076867506,2026-08-07T01:27:47Z,2026-08-07T04:27:47Z,https://classic.warcraftlogs.com/reports/PY7M3nFgJ4KbVrTy,1056,7,7,-1,TRUE,100,-1
ZpLMxKQ4nhbXWg8R,8/6 alt,public,United States,61,71,1786066311319,1786076868473,2026-08-07T01:31:51Z,2026-08-07T04:27:48Z,https://classic.warcraftlogs.com/reports/ZpLMxKQ4nhbXWg8R,1056,7,7,-1,TRUE,100,-1
L3W6QXd2NxaVBGJf,SSC / TK,public,United States,1,24,1786072353348,1786076805718,2026-08-07T03:12:33Z,2026-08-07T04:26:45Z,https://classic.warcraftlogs.com/reports/L3W6QXd2NxaVBGJf,1056,7,7,-1,TRUE,100,-1
bMPXcLQrmgn8a2G7,TK,public,United States,1,28,1786072010910,1786076788119,2026-08-07T03:06:50Z,2026-08-07T04:26:28Z,https://classic.warcraftlogs.com/reports/bMPXcLQrmgn8a2G7,1056,7,7,-1,TRUE,100,-1
JjpzAbTGLaXh91tD,Core jueves,public,United States,46,67,1786065145862,1786076781397,2026-08-07T01:12:25Z,2026-08-07T04:26:21Z,https://classic.warcraftlogs.com/reports/JjpzAbTGLaXh91tD,1056,7,7,-1,TRUE,100,-1
mL79bzhfnPYA3rdB,SSC / TK,public,United States,10,43,1786065651192,1786075013231,2026-08-07T01:20:51Z,2026-08-07T03:56:53Z,https://classic.warcraftlogs.com/reports/mL79bzhfnPYA3rdB,1056,7,7,-1,TRUE,100,-1
Rw1G8avFQtqMdbA2,SSC / TK,public,United States,72,75,1786063967426,1786076733682,2026-08-07T00:52:47Z,2026-08-07T04:25:33Z,https://classic.warcraftlogs.com/reports/Rw1G8avFQtqMdbA2,1056,7,7,-1,TRUE,100,-1
D3VbQWXZCFcaHtMx,SSC / TK,public,United States,72,75,1786063131324,1786076733923,2026-08-07T00:38:51Z,2026-08-07T04:25:33Z,https://classic.warcraftlogs.com/reports/D3VbQWXZCFcaHtMx,1056,7,7,-1,TRUE,100,-1
FdP4wb9K1XN2M7Tm,SSC/TK - Paloids Group,public,United States,66,66,1786062581066,1786076734605,2026-08-07T00:29:41Z,2026-08-07T04:25:34Z,https://classic.warcraftlogs.com/reports/FdP4wb9K1XN2M7Tm,1056,7,7,-1,TRUE,100,-1
Va8xt29Bjp3MgvQh,SSC / TK - 2026-08-06,public,United States,65,65,1786068284096,1786076727180,2026-08-07T02:04:44Z,2026-08-07T04:25:27Z,https://classic.warcraftlogs.com/reports/Va8xt29Bjp3MgvQh,1056,7,7,-1,TRUE,100,-1
DdN73JGqra1CVWFm,Thursday SSC/TK (All Stars Only),public,United States,1,8,1786061874021,1786075333626,2026-08-07T00:17:54Z,2026-08-07T04:02:13Z,https://classic.warcraftlogs.com/reports/DdN73JGqra1CVWFm,1056,7,7,-1,TRUE,100,-1
ahpDcjmJZBAn1WPz,SSC / TK - 08.06,public,United States,1,58,1786066897365,1786076069454,2026-08-07T01:41:37Z,2026-08-07T04:14:29Z,https://classic.warcraftlogs.com/reports/ahpDcjmJZBAn1WPz,1056,7,7,-1,TRUE,100,-1
nRjABm7Hkth6Lgdr,Thursday - TK Partial (no alar) 8.6.26,public,United States,1,27,1786067733614,1786075254023,2026-08-07T01:55:33Z,2026-08-07T04:00:54Z,https://classic.warcraftlogs.com/reports/nRjABm7Hkth6Lgdr,1056,7,7,-1,TRUE,100,-1
BF49Vfm8dpwRz2tn,ele ssc tk 8/6,public,United States,73,77,1786063878121,1786076635080,2026-08-07T00:51:18Z,2026-08-07T04:23:55Z,https://classic.warcraftlogs.com/reports/BF49Vfm8dpwRz2tn,1056,7,7,-1,TRUE,100,-1
fgFTRDV1hpPYaAxW,<Lunch> Sky & Sewer Fuckening XIII,public,United States,78,86,1786062286712,1786076635047,2026-08-07T00:24:46Z,2026-08-07T04:23:55Z,https://classic.warcraftlogs.com/reports/fgFTRDV1hpPYaAxW,1056,7,7,-1,TRUE,100,-1
cfbXtrmHWD7jwG2q,SSC/TTK XIII,public,United States,94,94,1786061594330,1786076634913,2026-08-07T00:13:14Z,2026-08-07T04:23:54Z,https://classic.warcraftlogs.com/reports/cfbXtrmHWD7jwG2q,1056,7,7,-1,TRUE,100,-1
HNjTYhyf1bJtFvGr,TK - 08-06-26,public,United States,5,18,1786072393423,1786076571957,2026-08-07T03:13:13Z,2026-08-07T04:22:51Z,https://classic.warcraftlogs.com/reports/HNjTYhyf1bJtFvGr,1056,7,7,-1,TRUE,100,-1
KNpF1rXzR4kTP3mY,SSC / TK,public,China,1,54,1786063531648,1786075777565,2026-08-07T00:45:31Z,2026-08-07T04:09:37Z,https://classic.warcraftlogs.com/reports/KNpF1rXzR4kTP3mY,1056,7,7,-1,TRUE,100,-1
4QqxDv9Nb6d3fWTL,SSC / TK,public,United States,3,4,1786073833728,1786076614924,2026-08-07T03:37:13Z,2026-08-07T04:23:34Z,https://classic.warcraftlogs.com/reports/4QqxDv9Nb6d3fWTL,1056,7,7,-1,TRUE,100,-1
v7BDZ3wFbjVyfacq,8/6 T5,public,United States,46,65,1786063154148,1786076593028,2026-08-07T00:39:14Z,2026-08-07T04:23:13Z,https://classic.warcraftlogs.com/reports/v7BDZ3wFbjVyfacq,1056,7,7,-1,TRUE,100,-1
FZTvWGzkNxdp1jbn,8/6 TK & SSC,public,United States,25,32,1786071909236,1786076590280,2026-08-07T03:05:09Z,2026-08-07T04:23:10Z,https://classic.warcraftlogs.com/reports/FZTvWGzkNxdp1jbn,1056,7,7,-1,TRUE,100,-1
wTdvbGkqhrZ1PR67,SSC TK 08.06.2026,public,United States,68,73,1786063938142,1786076586402,2026-08-07T00:52:18Z,2026-08-07T04:23:06Z,https://classic.warcraftlogs.com/reports/wTdvbGkqhrZ1PR67,1056,7,7,-1,TRUE,100,-1
x8ArXMNwFJ69apdh,TK 8/6/26,public,United States,1,30,1786062832944,1786073273546,2026-08-07T00:33:52Z,2026-08-07T03:27:53Z,https://classic.warcraftlogs.com/reports/x8ArXMNwFJ69apdh,1056,7,7,-1,TRUE,100,-1
W8Vg37LAMFKtcRkw,TK,public,United States,1,31,1786065374405,1786075981392,2026-08-07T01:16:14Z,2026-08-07T04:13:01Z,https://classic.warcraftlogs.com/reports/W8Vg37LAMFKtcRkw,1056,7,7,-1,TRUE,100,-1
yKk3JPMVvX8Ba2W6,SSC / TK,public,United States,1,53,1786064328981,1786075852447,2026-08-07T00:58:48Z,2026-08-07T04:10:52Z,https://classic.warcraftlogs.com/reports/yKk3JPMVvX8Ba2W6,1056,7,7,-1,TRUE,100,-1
dVy1gL2QhXp9b6NG,CF SSC 8/6,public,United States,39,43,1786062664453,1786076509415,2026-08-07T00:31:04Z,2026-08-07T04:21:49Z,https://classic.warcraftlogs.com/reports/dVy1gL2QhXp9b6NG,1056,7,7,-1,TRUE,100,-1
7QcxrYGKFd4D8ZqL,8/7 SSC/TK,public,United States,1,65,1786063850571,1786074472693,2026-08-07T00:50:50Z,2026-08-07T03:47:52Z,https://classic.warcraftlogs.com/reports/7QcxrYGKFd4D8ZqL,1056,7,7,-1,TRUE,100,-1
WLR6rDg4qYPx39TB,SSC 8/6/26,public,United States,1,23,1786062832944,1786069225198,2026-08-07T00:33:52Z,2026-08-07T02:20:25Z,https://classic.warcraftlogs.com/reports/WLR6rDg4qYPx39TB,1056,7,7,-1,TRUE,100,-1
ydC4VW7rKJ6A8Dwt,SSC / TK,public,China,1,56,1786065629566,1786075427013,2026-08-07T01:20:29Z,2026-08-07T04:03:47Z,https://classic.warcraftlogs.com/reports/ydC4VW7rKJ6A8Dwt,1056,7,7,-1,TRUE,100,-1
yVQCPwaAx8d2L3hF,SSC,public,United States,1,15,1786065116738,1786075318488,2026-08-07T01:11:56Z,2026-08-07T04:01:58Z,https://classic.warcraftlogs.com/reports/yVQCPwaAx8d2L3hF,1056,7,7,-1,TRUE,100,-1
938wDNWVtgbyp2Ld,G7 SSC Lurker Seed :poggers:,public,United States,1,11,1786074095393,1786075840258,2026-08-07T03:41:35Z,2026-08-07T04:10:40Z,https://classic.warcraftlogs.com/reports/938wDNWVtgbyp2Ld,1056,7,7,-1,TRUE,100,-1
Pv8kJqNzwcdhT7Cj,SSC / TK,public,United States,1,36,1786066896203,1786074758027,2026-08-07T01:41:36Z,2026-08-07T03:52:38Z,https://classic.warcraftlogs.com/reports/Pv8kJqNzwcdhT7Cj,1056,7,7,-1,TRUE,100,-1
pc3bHkgWnY2fATr4,8/6 SSC/TK,public,United States,65,73,1786065699039,1786076434982,2026-08-07T01:21:39Z,2026-08-07T04:20:34Z,https://classic.warcraftlogs.com/reports/pc3bHkgWnY2fATr4,1056,7,7,-1,TRUE,100,-1
DkCVXPMfGTq21H8n,ssc/tk 8/6/26,public,United States,64,74,1786062832944,1786076387677,2026-08-07T00:33:52Z,2026-08-07T04:19:47Z,https://classic.warcraftlogs.com/reports/DkCVXPMfGTq21H8n,1056,7,7,-1,TRUE,100,-1
4YaNZA3612vMpfPD,SSC / TK,public,United States,61,71,1786064546497,1786076636961,2026-08-07T01:02:26Z,2026-08-07T04:23:56Z,https://classic.warcraftlogs.com/reports/4YaNZA3612vMpfPD,1056,7,7,-1,TRUE,100,-1
yNY8LJxb7mCr2DHF,SSC / TK,public,China,1,46,1786066273639,1786075959901,2026-08-07T01:31:13Z,2026-08-07T04:12:39Z,https://classic.warcraftlogs.com/reports/yNY8LJxb7mCr2DHF,1056,7,7,-1,TRUE,100,-1
XBYJDCgMnxWyR6Fj,SSC/TK,public,United States,34,70,1786063251287,1786076347815,2026-08-07T00:40:51Z,2026-08-07T04:19:07Z,https://classic.warcraftlogs.com/reports/XBYJDCgMnxWyR6Fj,1056,7,7,-1,TRUE,100,-1
TdDjGvVLQBya1NJq,SSC / TK,public,China,1,48,1786066410160,1786075959121,2026-08-07T01:33:30Z,2026-08-07T04:12:39Z,https://classic.warcraftlogs.com/reports/TdDjGvVLQBya1NJq,1056,7,7,-1,TRUE,100,-1
xMBLfzt2Db6VZ4pX,raid 1,public,United States,92,92,1786062505401,1786076493537,2026-08-07T00:28:25Z,2026-08-07T04:21:33Z,https://classic.warcraftlogs.com/reports/xMBLfzt2Db6VZ4pX,1056,7,7,-1,TRUE,100,-1
kBTwgHW6Kj4r7Ztq,<We The Peons> SSC/TK ,public,United States,44,84,1786061722173,1786076297380,2026-08-07T00:15:22Z,2026-08-07T04:18:17Z,https://classic.warcraftlogs.com/reports/kBTwgHW6Kj4r7Ztq,1056,7,7,-1,TRUE,100,-1
2vHJ7m6jGaXytxBf,8/6 SSC/TK,public,United States,42,62,1786066476931,1786076228852,2026-08-07T01:34:36Z,2026-08-07T04:17:08Z,https://classic.warcraftlogs.com/reports/2vHJ7m6jGaXytxBf,1056,7,7,-1,TRUE,100,-1
aVqYgRJbWxKLzNd6,SSC / TK,public,United States,1,15,1786069926380,1786075952009,2026-08-07T02:32:06Z,2026-08-07T04:12:32Z,https://classic.warcraftlogs.com/reports/aVqYgRJbWxKLzNd6,1056,7,7,-1,TRUE,100,-1
GCnfYZ7awrgLQvWN,SSC / TK,public,China,56,61,1786058225463,1786076180978,2026-08-06T23:17:05Z,2026-08-07T04:16:20Z,https://classic.warcraftlogs.com/reports/GCnfYZ7awrgLQvWN,1056,7,7,-1,TRUE,100,-1
tHrTRmh4GBagjDYz,SSC / TK,public,United States,1,30,1786062708816,1786069861848,2026-08-07T00:31:48Z,2026-08-07T02:31:01Z,https://classic.warcraftlogs.com/reports/tHrTRmh4GBagjDYz,1056,7,7,-1,TRUE,100,-1
LhXbTpZdnqF3yPGR,"prot warriors are real tanks, an essay by alex jones",public,United States,62,64,1786065839587,1786076154647,2026-08-07T01:23:59Z,2026-08-07T04:15:54Z,https://classic.warcraftlogs.com/reports/LhXbTpZdnqF3yPGR,1056,7,7,-1,TRUE,100,-1
xrYC6vZD3hX48J1A,Xiang Gang TK/SSC 06AUG2026,public,United States,61,63,1786065532418,1786076154648,2026-08-07T01:18:52Z,2026-08-07T04:15:54Z,https://classic.warcraftlogs.com/reports/xrYC6vZD3hX48J1A,1056,7,7,-1,TRUE,100,-1
qvprWA16hFTMnCHZ,SSC / TK,public,United States,61,63,1786060743175,1786076154876,2026-08-06T23:59:03Z,2026-08-07T04:15:54Z,https://classic.warcraftlogs.com/reports/qvprWA16hFTMnCHZ,1056,7,7,-1,TRUE,100,-1
W7VHyn6LmkzDBa4h,SSC / TK,public,United States,1,30,1786062708816,1786069861848,2026-08-07T00:31:48Z,2026-08-07T02:31:01Z,https://classic.warcraftlogs.com/reports/W7VHyn6LmkzDBa4h,1056,7,7,-1,TRUE,100,-1
32MaXhgp6TfnkCWv,Network week 13,public,United States,66,70,1786067468813,1786076070450,2026-08-07T01:51:08Z,2026-08-07T04:14:30Z,https://classic.warcraftlogs.com/reports/32MaXhgp6TfnkCWv,1056,7,7,-1,TRUE,100,-1
Q2xXjyz9GcWbd1pC,TK,public,United States,19,18,1786063544561,1786076060385,2026-08-07T00:45:44Z,2026-08-07T04:14:20Z,https://classic.warcraftlogs.com/reports/Q2xXjyz9GcWbd1pC,1056,8,8,-1,TRUE,100,-1
kzx7BADXWpjqCLQV,TTK 8/6,public,United States,28,31,1786069950893,1786076040702,2026-08-07T02:32:30Z,2026-08-07T04:14:00Z,https://classic.warcraftlogs.com/reports/kzx7BADXWpjqCLQV,1056,8,8,-1,TRUE,100,-1
jzwW7QHpx9fyZDar,8/6 SSC/TK,public,United States,82,87,1786063170166,1786076040491,2026-08-07T00:39:30Z,2026-08-07T04:14:00Z,https://classic.warcraftlogs.com/reports/jzwW7QHpx9fyZDar,1056,8,8,-1,TRUE,100,-1
vf6wcH98B7QZC3xP,SSC / TK,public,China,1,9,1786063531648,1786075777565,2026-08-07T00:45:31Z,2026-08-07T04:09:37Z,https://classic.warcraftlogs.com/reports/vf6wcH98B7QZC3xP,1056,8,8,-1,TRUE,100,-1
hkn1QKc9RpdL4Vy2,dfsasfadasdf,public,United States,54,68,1786066880215,1786076025209,2026-08-07T01:41:20Z,2026-08-07T04:13:45Z,https://classic.warcraftlogs.com/reports/hkn1QKc9RpdL4Vy2,1056,8,8,-1,TRUE,100,-1
AZx4mdwpFC2YabXg,SSC / TK 2026-08-06 TK,public,United States,26,26,1786066963072,1786074370552,2026-08-07T01:42:43Z,2026-08-07T03:46:10Z,https://classic.warcraftlogs.com/reports/AZx4mdwpFC2YabXg,1056,8,8,-1,TRUE,100,-1
FTnBXZr47ahkgRL9,SSC / TK,public,United States,1,43,1786066732451,1786076018977,2026-08-07T01:38:52Z,2026-08-07T04:13:38Z,https://classic.warcraftlogs.com/reports/FTnBXZr47ahkgRL9,1056,8,8,-1,TRUE,100,-1
jw8CNL6JBvd4zWq7,SSC / TK,public,United States,24,36,1786067612175,1786076010211,2026-08-07T01:53:32Z,2026-08-07T04:13:30Z,https://classic.warcraftlogs.com/reports/jw8CNL6JBvd4zWq7,1056,8,8,-1,TRUE,100,-1
ngR4FAqd1JCYDmPy,SSC / TK,public,China,1,24,1786070543532,1786075966740,2026-08-07T02:42:23Z,2026-08-07T04:12:46Z,https://classic.warcraftlogs.com/reports/ngR4FAqd1JCYDmPy,1056,8,8,-1,TRUE,100,-1
AjyabV7f4Y8FRWcw,SSC/TK Week 13,public,United States,78,81,1786064539517,1786075999020,2026-08-07T01:02:19Z,2026-08-07T04:13:19Z,https://classic.warcraftlogs.com/reports/AjyabV7f4Y8FRWcw,1056,8,8,-1,TRUE,100,-1
Bn9tcaCLA1WMJxyK,SSV TK 86,public,United States,45,78,1786063656039,1786075988721,2026-08-07T00:47:36Z,2026-08-07T04:13:08Z,https://classic.warcraftlogs.com/reports/Bn9tcaCLA1WMJxyK,1056,8,8,-1,TRUE,100,-1
6MkLb1hTFmXgNRD2,8/6 SSC-TK Thursday,public,United States,75,75,1786063994205,1786075979978,2026-08-07T00:53:14Z,2026-08-07T04:12:59Z,https://classic.warcraftlogs.com/reports/6MkLb1hTFmXgNRD2,1056,8,8,-1,TRUE,100,-1
xY98rnvGJh6AFaWz,g7 ssc,public,United States,1,12,1786071505083,1786075840275,2026-08-07T02:58:25Z,2026-08-07T04:10:40Z,https://classic.warcraftlogs.com/reports/xY98rnvGJh6AFaWz,1056,8,8,-1,TRUE,100,-1
89AMmwJ3V1Yyx47F,Critically 8/6/26 - TK,public,United States,37,45,1786068162303,1786075962947,2026-08-07T02:02:42Z,2026-08-07T04:12:42Z,https://classic.warcraftlogs.com/reports/89AMmwJ3V1Yyx47F,1056,8,8,-1,TRUE,100,-1
zAM1prc4GyKFYbtv,20260806 HUNKS Thursday,public,United States,52,64,1786068717463,1786075956924,2026-08-07T02:11:57Z,2026-08-07T04:12:36Z,https://classic.warcraftlogs.com/reports/zAM1prc4GyKFYbtv,1056,8,8,-1,TRUE,100,-1
WzMYfNXFc7BVKQhn,SSC and TK (8/7),public,United States,1,72,1786064021182,1786075539535,2026-08-07T00:53:41Z,2026-08-07T04:05:39Z,https://classic.warcraftlogs.com/reports/WzMYfNXFc7BVKQhn,1056,8,8,-1,TRUE,100,-1
TvRHa9dDKBn7XhAr,Blue Team - TK - 6 Aug 2026,public,United States,48,48,1786065493736,1786075948772,2026-08-07T01:18:13Z,2026-08-07T04:12:28Z,https://classic.warcraftlogs.com/reports/TvRHa9dDKBn7XhAr,1056,8,8,-1,TRUE,100,-1
pykbRPHGrZjK3v6w,TK 7,public,United States,18,18,1786073088261,1786075940089,2026-08-07T03:24:48Z,2026-08-07T04:12:20Z,https://classic.warcraftlogs.com/reports/pykbRPHGrZjK3v6w,1056,8,8,-1,TRUE,100,-1
9QHv4M8cZdhpkjmG,SSC / TK,public,United States,48,55,1786067661944,1786075930926,2026-08-07T01:54:21Z,2026-08-07T04:12:10Z,https://classic.warcraftlogs.com/reports/9QHv4M8cZdhpkjmG,1056,8,8,-1,TRUE,100,-1
ZA74YT8pbwQNLch2,Split 2 TK: HNNNNNNNNGGGGGHHHHHH,public,United States,1,24,1786065030986,1786072452550,2026-08-07T01:10:30Z,2026-08-07T03:14:12Z,https://classic.warcraftlogs.com/reports/ZA74YT8pbwQNLch2,1056,8,8,-1,TRUE,100,-1
zHRNj3FJPDcG1YVp,Salt Split 1 SSC TK 08062026,public,United States,108,108,1786059705323,1786075879443,2026-08-06T23:41:45Z,2026-08-07T04:11:19Z,https://classic.warcraftlogs.com/reports/zHRNj3FJPDcG1YVp,1056,8,8,-1,TRUE,100,-1
t1ywnpgbx7ZWDGQr,SSC - 08-06-26,public,United States,16,19,1786072393423,1786075835719,2026-08-07T03:13:13Z,2026-08-07T04:10:35Z,https://classic.warcraftlogs.com/reports/t1ywnpgbx7ZWDGQr,1056,8,8,-1,TRUE,100,-1
jvmpZankbD19BdcM,"8/6 -- TK/SSC/Gruul -- week 13 of ""accelerated release schedule"" ",public,United States,66,73,1786063225082,1786075824861,2026-08-07T00:40:25Z,2026-08-07T04:10:24Z,https://classic.warcraftlogs.com/reports/jvmpZankbD19BdcM,1056,8,8,-1,TRUE,100,-1
whzpG4rgJnCq2kxy,????,public,United States,42,57,1786065282752,1786075783389,2026-08-07T01:14:42Z,2026-08-07T04:09:43Z,https://classic.warcraftlogs.com/reports/whzpG4rgJnCq2kxy,1056,8,8,-1,TRUE,100,-1
6fyHk2jn9DrZ7dJp,SSC / TK,public,United States,1,19,1786066153430,1786069688108,2026-08-07T01:29:13Z,2026-08-07T02:28:08Z,https://classic.warcraftlogs.com/reports/6fyHk2jn9DrZ7dJp,1056,8,8,-1,TRUE,100,-1
NYV6TJ4AQCpRZ9WD,Split 1 SSC / TK Week 13,public,United States,102,106,1786060675353,1786075796082,2026-08-06T23:57:55Z,2026-08-07T04:09:56Z,https://classic.warcraftlogs.com/reports/NYV6TJ4AQCpRZ9WD,1056,8,8,-1,TRUE,100,-1
vkHnRmjfGBtdg1pa,SSC / TK,public,United States,38,40,1786066282776,1786075653798,2026-08-07T01:31:22Z,2026-08-07T04:07:33Z,https://classic.warcraftlogs.com/reports/vkHnRmjfGBtdg1pa,1056,8,8,-1,TRUE,100,-1
1PdQRFZX83CYGbpN,Thursday - Week 13,public,United States,54,80,1786062800091,1786075747741,2026-08-07T00:33:20Z,2026-08-07T04:09:07Z,https://classic.warcraftlogs.com/reports/1PdQRFZX83CYGbpN,1056,8,8,-1,TRUE,100,-1
Vj6hKPTXJ9wC4tNF,SHAMMY EZ week 13,public,United States,79,85,1786064339407,1786075750412,2026-08-07T00:58:59Z,2026-08-07T04:09:10Z,https://classic.warcraftlogs.com/reports/Vj6hKPTXJ9wC4tNF,1056,8,8,-1,TRUE,100,-1
bNjAft2mMycX8RkL,SSC / TK,public,United States,61,65,1786063580957,1786075744527,2026-08-07T00:46:20Z,2026-08-07T04:09:04Z,https://classic.warcraftlogs.com/reports/bNjAft2mMycX8RkL,1056,8,8,-1,TRUE,100,-1
R43r7TMXJ9xwzbvF,SSC / TK,public,China,1,8,1786065629566,1786075374328,2026-08-07T01:20:29Z,2026-08-07T04:02:54Z,https://classic.warcraftlogs.com/reports/R43r7TMXJ9xwzbvF,1056,8,8,-1,TRUE,100,-1
xgJCjHXmp1zdanVZ,ZQS,public,China,1,8,1786064119680,1786075413433,2026-08-07T00:55:19Z,2026-08-07T04:03:33Z,https://classic.warcraftlogs.com/reports/xgJCjHXmp1zdanVZ,1056,8,8,-1,TRUE,100,-1
KYgAjZwmF3Wc6VDQ,SSC / TK,public,United States,62,62,1786066005662,1786075651059,2026-08-07T01:26:45Z,2026-08-07T04:07:31Z,https://classic.warcraftlogs.com/reports/KYgAjZwmF3Wc6VDQ,1056,8,8,-1,TRUE,100,-1
vQmMTJhKkDFLcNrV,SSC / TK,public,United States,67,74,1786066037428,1786075632578,2026-08-07T01:27:17Z,2026-08-07T04:07:12Z,https://classic.warcraftlogs.com/reports/vQmMTJhKkDFLcNrV,1056,8,8,-1,TRUE,100,-1
HVCWYDAgNMGxBcv6,8/6/2026 - SSC and TK,public,United States,77,82,1786065319573,1786075594396,2026-08-07T01:15:19Z,2026-08-07T04:06:34Z,https://classic.warcraftlogs.com/reports/HVCWYDAgNMGxBcv6,1056,8,8,-1,TRUE,100,-1
1hTYLmzHQbpvPjAk,Warlock SSC/TK Week 13,public,United States,83,89,1786064077821,1786075595398,2026-08-07T00:54:37Z,2026-08-07T04:06:35Z,https://classic.warcraftlogs.com/reports/1hTYLmzHQbpvPjAk,1056,8,8,-1,TRUE,100,-1
7wyPGmWxj8c9THY2,Serpentshrine Cavern (SSC) - 08.06.2026,public,United States,38,48,1786069081410,1786075580482,2026-08-07T02:18:01Z,2026-08-07T04:06:20Z,https://classic.warcraftlogs.com/reports/7wyPGmWxj8c9THY2,1056,8,8,-1,TRUE,100,-1
VyqMLadQ3WpmA8Gc,PUG - SSC - WK13,public,United States,1,33,1786062848451,1786069021717,2026-08-07T00:34:08Z,2026-08-07T02:17:01Z,https://classic.warcraftlogs.com/reports/VyqMLadQ3WpmA8Gc,1056,8,8,-1,TRUE,100,-1
1hq84y3dw7p6GYQZ,SSC 8-6-2026,public,United States,1,37,1786064831925,1786074612066,2026-08-07T01:07:11Z,2026-08-07T03:50:12Z,https://classic.warcraftlogs.com/reports/1hq84y3dw7p6GYQZ,1056,8,8,-1,TRUE,100,-1
79JFjwLMqKf4Atkp,SSC / TK,public,China,49,54,1786063950596,1786075538326,2026-08-07T00:52:30Z,2026-08-07T04:05:38Z,https://classic.warcraftlogs.com/reports/79JFjwLMqKf4Atkp,1056,8,8,-1,TRUE,100,-1
NzpdhmCk3AjX1aHr,SSC / TK,public,China,53,58,1786062827252,1786075536328,2026-08-07T00:33:47Z,2026-08-07T04:05:36Z,https://classic.warcraftlogs.com/reports/NzpdhmCk3AjX1aHr,1056,8,8,-1,TRUE,100,-1
HXnZtfAqyaRj3xzB,SSC / TK,public,United States,83,87,1786062572079,1786075538242,2026-08-07T00:29:32Z,2026-08-07T04:05:38Z,https://classic.warcraftlogs.com/reports/HXnZtfAqyaRj3xzB,1056,8,8,-1,TRUE,100,-1
bZqGfTHC3P7z8FhB,SSC / TK,public,United States,77,82,1786062103351,1786075536346,2026-08-07T00:21:43Z,2026-08-07T04:05:36Z,https://classic.warcraftlogs.com/reports/bZqGfTHC3P7z8FhB,1056,8,8,-1,TRUE,100,-1
PRCw8r7Wzcn6HhxJ,TK SSC,public,United States,78,82,1786062785452,1786075536063,2026-08-07T00:33:05Z,2026-08-07T04:05:36Z,https://classic.warcraftlogs.com/reports/PRCw8r7Wzcn6HhxJ,1056,8,8,-1,TRUE,100,-1
Q8LKxGVWjn9byaC4,no on cum to raid,public,United States,26,30,1786068725696,1786075532343,2026-08-07T02:12:05Z,2026-08-07T04:05:32Z,https://classic.warcraftlogs.com/reports/Q8LKxGVWjn9byaC4,1056,8,8,-1,TRUE,100,-1
DVQdG3ghfMN1FrRY,"Raid 1 - a lot of dudes no chicks, kinda gay",public,United States,48,64,1786065601866,1786075527985,2026-08-07T01:20:01Z,2026-08-07T04:05:27Z,https://classic.warcraftlogs.com/reports/DVQdG3ghfMN1FrRY,1056,8,8,-1,TRUE,100,-1
CBb83yXHvx9ZWNRK,06 Aug 2026 SSC/TK,public,United States,1,62,1786064734916,1786075439261,2026-08-07T01:05:34Z,2026-08-07T04:03:59Z,https://classic.warcraftlogs.com/reports/CBb83yXHvx9ZWNRK,1056,8,8,-1,TRUE,100,-1
6HJzkvRyMZfBKPja,SSC / TK,public,Korea,61,65,1786064380452,1786075512953,2026-08-07T00:59:40Z,2026-08-07T04:05:12Z,https://classic.warcraftlogs.com/reports/6HJzkvRyMZfBKPja,1056,8,8,-1,TRUE,100,-1
LfvrQ2DjPxqwhGZT,SSC / TK,public,Korea,62,65,1786065086560,1786075516656,2026-08-07T01:11:26Z,2026-08-07T04:05:16Z,https://classic.warcraftlogs.com/reports/LfvrQ2DjPxqwhGZT,1056,8,8,-1,TRUE,100,-1
CphMRykwfnBTtXvP,SSC / TK,public,United States,1,32,1786068011567,1786073975224,2026-08-07T02:00:11Z,2026-08-07T03:39:35Z,https://classic.warcraftlogs.com/reports/CphMRykwfnBTtXvP,1056,8,8,-1,TRUE,100,-1
fWAVzTX3LaP1JHgb,SSC / TK,public,United States,59,68,1786065951140,1786075507124,2026-08-07T01:25:51Z,2026-08-07T04:05:07Z,https://classic.warcraftlogs.com/reports/fWAVzTX3LaP1JHgb,1056,8,8,-1,TRUE,100,-1
yfnmaGCDtRA78Mpb,ssc/tk,public,United States,69,78,1786063186933,1786075504547,2026-08-07T00:39:46Z,2026-08-07T04:05:04Z,https://classic.warcraftlogs.com/reports/yfnmaGCDtRA78Mpb,1056,8,8,-1,TRUE,100,-1
gXyFCNcdQYB9Gpnh,Hallow Logs!,public,United States,38,68,1786064420723,1786075506111,2026-08-07T01:00:20Z,2026-08-07T04:05:06Z,https://classic.warcraftlogs.com/reports/gXyFCNcdQYB9Gpnh,1056,8,8,-1,TRUE,100,-1
WNy69p1Fh7xrzDmt,Alt Broohke,public,United States,78,83,1786064238136,1786075503822,2026-08-07T00:57:18Z,2026-08-07T04:05:03Z,https://classic.warcraftlogs.com/reports/WNy69p1Fh7xrzDmt,1056,8,8,-1,TRUE,100,-1
TMwhF4aCp1xmZPfA,Honk 8/6 Thurs,public,United States,47,51,1786068986279,1786075502250,2026-08-07T02:16:26Z,2026-08-07T04:05:02Z,https://classic.warcraftlogs.com/reports/TMwhF4aCp1xmZPfA,1056,8,8,-1,TRUE,100,-1
T8QFBMJNpYZ2zHLn,SSC / TK,public,United States,1,7,1786064432606,1786066807988,2026-08-07T01:00:32Z,2026-08-07T01:40:07Z,https://classic.warcraftlogs.com/reports/T8QFBMJNpYZ2zHLn,1056,8,8,-1,TRUE,100,-1
bV9FCQZmXxKWq3pP,SSC / TK,public,United States,72,78,1786063901296,1786074486324,2026-08-07T00:51:41Z,2026-08-07T03:48:06Z,https://classic.warcraftlogs.com/reports/bV9FCQZmXxKWq3pP,1056,8,8,-1,TRUE,100,-1
wnPRd4AB2XG6KLHj,ZQS,public,China,52,54,1786064119680,1786075413433,2026-08-07T00:55:19Z,2026-08-07T04:03:33Z,https://classic.warcraftlogs.com/reports/wnPRd4AB2XG6KLHj,1056,8,8,-1,TRUE,100,-1
VL2fv6XzBYyRjNwr,SSC / TK,public,United States,1,44,1786063805667,1786073170279,2026-08-07T00:50:05Z,2026-08-07T03:26:10Z,https://classic.warcraftlogs.com/reports/VL2fv6XzBYyRjNwr,1056,8,8,-1,TRUE,100,-1
rhfzJVGZLv3mxR9C,TK August 8th,public,United States,1,8,1786065157342,1786075241720,2026-08-07T01:12:37Z,2026-08-07T04:00:41Z,https://classic.warcraftlogs.com/reports/rhfzJVGZLv3mxR9C,1056,8,8,-1,TRUE,100,-1
6czLX41WJtPK8nb9,Green Team Aug 6 raid,public,United States,74,76,1786063591995,1786075342422,2026-08-07T00:46:31Z,2026-08-07T04:02:22Z,https://classic.warcraftlogs.com/reports/6czLX41WJtPK8nb9,1056,8,8,-1,TRUE,100,-1
Fdj3QBm6gKYfztkH,8/6 Chan 4 news ssc/tk,public,United States,1,64,1786063012189,1786075120740,2026-08-07T00:36:52Z,2026-08-07T03:58:40Z,https://classic.warcraftlogs.com/reports/Fdj3QBm6gKYfztkH,1056,8,8,-1,TRUE,100,-1
6M7A8PVFfKR3TJWN,New Dawn Mag/Gruul 8/6,public,United States,13,44,1786064667442,1786075285392,2026-08-07T01:04:27Z,2026-08-07T04:01:25Z,https://classic.warcraftlogs.com/reports/6M7A8PVFfKR3TJWN,1056,8,8,-1,TRUE,100,-1
THa3Mv67wKBAzPCm,SSC / TK,public,United States,21,45,1786064244793,1786075283533,2026-08-07T00:57:24Z,2026-08-07T04:01:23Z,https://classic.warcraftlogs.com/reports/THa3Mv67wKBAzPCm,1056,8,8,-1,TRUE,100,-1
xCMadbAFgzV7HBRQ,SSC / TK,public,United States,21,45,1786063752793,1786075283772,2026-08-07T00:49:12Z,2026-08-07T04:01:23Z,https://classic.warcraftlogs.com/reports/xCMadbAFgzV7HBRQ,1056,8,8,-1,TRUE,100,-1
Vxjn2v1taTJ93LPD,SSC / TK,public,United States,1,74,1786061226821,1786075184999,2026-08-07T00:07:06Z,2026-08-07T03:59:44Z,https://classic.warcraftlogs.com/reports/Vxjn2v1taTJ93LPD,1056,8,8,-1,TRUE,100,-1
39MkXBYhj1T4KNcW,SSC / TK,public,China,1,9,1786063474197,1786075154613,2026-08-07T00:44:34Z,2026-08-07T03:59:14Z,https://classic.warcraftlogs.com/reports/39MkXBYhj1T4KNcW,1056,8,8,-1,TRUE,100,-1
Kzg8qcdNMVyvk6aW,SSC / TK,public,China,1,9,1786063363296,1786075152120,2026-08-07T00:42:43Z,2026-08-07T03:59:12Z,https://classic.warcraftlogs.com/reports/Kzg8qcdNMVyvk6aW,1056,8,8,-1,TRUE,100,-1
ra3WbV4T9Xg81Qhq,SSC / TK,public,United States,50,50,1786064793211,1786075247348,2026-08-07T01:06:33Z,2026-08-07T04:00:47Z,https://classic.warcraftlogs.com/reports/ra3WbV4T9Xg81Qhq,1056,8,8,-1,TRUE,100,-1
GZprCh2TvDRcPVWg,SSC/TK 8/6,public,United States,51,73,1786063323342,1786075223377,2026-08-07T00:42:03Z,2026-08-07T04:00:23Z,https://classic.warcraftlogs.com/reports/GZprCh2TvDRcPVWg,1056,8,8,-1,TRUE,100,-1
kr93Cn2RtFNPTvZz,SSC / TK,public,United States,62,69,1786065518403,1786075198459,2026-08-07T01:18:38Z,2026-08-07T03:59:58Z,https://classic.warcraftlogs.com/reports/kr93Cn2RtFNPTvZz,1056,8,8,-1,TRUE,100,-1
6Q9xq8JdAHVrtGLv,OJ Aug 6 2026,public,United States,74,81,1786063997251,1786075198584,2026-08-07T00:53:17Z,2026-08-07T03:59:58Z,https://classic.warcraftlogs.com/reports/6Q9xq8JdAHVrtGLv,1056,8,8,-1,TRUE,100,-1
vPwtFz1QVpLR7Y9a,SSC / TK,public,China,1,6,1786067044362,1786074847645,2026-08-07T01:44:04Z,2026-08-07T03:54:07Z,https://classic.warcraftlogs.com/reports/vPwtFz1QVpLR7Y9a,1056,8,8,-1,TRUE,100,-1
NTdCkQwgqFv143B9,SSC/TK 8/6/26,public,United States,30,79,1786062994885,1786075161059,2026-08-07T00:36:34Z,2026-08-07T03:59:21Z,https://classic.warcraftlogs.com/reports/NTdCkQwgqFv143B9,1056,8,8,-1,TRUE,100,-1
KBfCM9rvdthkgymw,ZAZA SSC Week 13,public,United States,1,46,1786064294870,1786075103771,2026-08-07T00:58:14Z,2026-08-07T03:58:23Z,https://classic.warcraftlogs.com/reports/KBfCM9rvdthkgymw,1056,8,8,-1,TRUE,100,-1
HwTXCKcZzxALJdvr,SSC/TK 06/08/26,public,United States,68,70,1786064164740,1786075147130,2026-08-07T00:56:04Z,2026-08-07T03:59:07Z,https://classic.warcraftlogs.com/reports/HwTXCKcZzxALJdvr,1056,8,8,-1,TRUE,100,-1
BJZvrMkKbxYD2gfP,SSC / TK,public,United States,1,54,1786063747631,1786074993080,2026-08-07T00:49:07Z,2026-08-07T03:56:33Z,https://classic.warcraftlogs.com/reports/BJZvrMkKbxYD2gfP,1056,8,8,-1,TRUE,100,-1
ZK7vQcYwXGrMBD1P,SSC / TK,public,United States,8,33,1786066997249,1786074752211,2026-08-07T01:43:17Z,2026-08-07T03:52:32Z,https://classic.warcraftlogs.com/reports/ZK7vQcYwXGrMBD1P,1056,8,8,-1,TRUE,100,-1
L9BQn3jDcgfXWxaJ,SSC / TK,public,United States,1,58,1786063738629,1786074271149,2026-08-07T00:48:58Z,2026-08-07T03:44:31Z,https://classic.warcraftlogs.com/reports/L9BQn3jDcgfXWxaJ,1056,8,8,-1,TRUE,100,-1
Ht4c9rKhN8pLAndD,i hate my job,public,United States,75,79,1786064756850,1786075121186,2026-08-07T01:05:56Z,2026-08-07T03:58:41Z,https://classic.warcraftlogs.com/reports/Ht4c9rKhN8pLAndD,1056,8,8,-1,TRUE,100,-1
cTGpq46jKf2y1QPn,8/6 SSC/Gruul,public,United States,1,43,1786066248796,1786074442205,2026-08-07T01:30:48Z,2026-08-07T03:47:22Z,https://classic.warcraftlogs.com/reports/cTGpq46jKf2y1QPn,1056,8,8,-1,TRUE,100,-1
BFApXqRjVLDhkHaN,8/6/26 SSC,public,United States,1,36,1786069262134,1786075038191,2026-08-07T02:21:02Z,2026-08-07T03:57:18Z,https://classic.warcraftlogs.com/reports/BFApXqRjVLDhkHaN,1056,8,8,-1,TRUE,100,-1
NQGP3CmWvw9KLF8q,8-6-26 T5 shit,public,United States,44,63,1786063976793,1786075079604,2026-08-07T00:52:56Z,2026-08-07T03:57:59Z,https://classic.warcraftlogs.com/reports/NQGP3CmWvw9KLF8q,1056,8,8,-1,TRUE,100,-1
Lfhcvp3ZFKtzqnxX,Girls don't like boys girls like cars and money,public,United States,63,68,1786063421806,1786075080085,2026-08-07T00:43:41Z,2026-08-07T03:58:00Z,https://classic.warcraftlogs.com/reports/Lfhcvp3ZFKtzqnxX,1056,8,8,-1,TRUE,100,-1
wfQkZyCNrDbgmh4d,SSC / TK,public,United States,1,17,1786063738629,1786067310937,2026-08-07T00:48:58Z,2026-08-07T01:48:30Z,https://classic.warcraftlogs.com/reports/wfQkZyCNrDbgmh4d,1056,8,8,-1,TRUE,100,-1
xyBXkt8jnCGhFaRD,SSC / TK,public,China,1,9,1786060965461,1786073385532,2026-08-07T00:02:45Z,2026-08-07T03:29:45Z,https://classic.warcraftlogs.com/reports/xyBXkt8jnCGhFaRD,1056,8,8,-1,TRUE,100,-1
pfQALavGTBzngxXq,SSC/TK Core 1 06/08/2026,public,United States,31,60,1786064759322,1786075010985,2026-08-07T01:05:59Z,2026-08-07T03:56:50Z,https://classic.warcraftlogs.com/reports/pfQALavGTBzngxXq,1056,8,8,-1,TRUE,100,-1
6Wv8CxXgQjbJz7qL,ssc/tk,public,United States,56,61,1786066179713,1786075008370,2026-08-07T01:29:39Z,2026-08-07T03:56:48Z,https://classic.warcraftlogs.com/reports/6Wv8CxXgQjbJz7qL,1056,8,8,-1,TRUE,100,-1
mfDyNtFLH8Tp7cBz,ZAZA SSC Week 13,public,United States,52,55,1786064294870,1786074995005,2026-08-07T00:58:14Z,2026-08-07T03:56:35Z,https://classic.warcraftlogs.com/reports/mfDyNtFLH8Tp7cBz,1056,8,8,-1,TRUE,100,-1
CGNbdj9nL8rtpWaP,Group 1 SSC/TK,public,United States,91,98,1786056981553,1786074981485,2026-08-06T22:56:21Z,2026-08-07T03:56:21Z,https://classic.warcraftlogs.com/reports/CGNbdj9nL8rtpWaP,1056,8,8,-1,TRUE,100,-1
MtvqrFfjTgZcydP7,SSC / TK 2026-08-06,public,United States,27,29,1786070982017,1786074949629,2026-08-07T02:49:42Z,2026-08-07T03:55:49Z,https://classic.warcraftlogs.com/reports/MtvqrFfjTgZcydP7,1056,8,8,-1,TRUE,100,-1
PJ1raX84pqDNfHgT,SSC 8/6/26,public,United States,11,38,1786060308604,1786074339568,2026-08-06T23:51:48Z,2026-08-07T03:45:39Z,https://classic.warcraftlogs.com/reports/PJ1raX84pqDNfHgT,1056,8,8,-1,TRUE,100,-1
cpmrGt1d9fbxPaqn,SSC / TK,public,United States,62,69,1786064924194,1786074922535,2026-08-07T01:08:44Z,2026-08-07T03:55:22Z,https://classic.warcraftlogs.com/reports/cpmrGt1d9fbxPaqn,1056,8,8,-1,TRUE,100,-1
GgNTqRkzCFXLDJ2w,SSC / TK,public,China,1,30,1786068555603,1786074401765,2026-08-07T02:09:15Z,2026-08-07T03:46:41Z,https://classic.warcraftlogs.com/reports/GgNTqRkzCFXLDJ2w,1056,8,8,-1,TRUE,100,-1
6LhMTRFZvjmkNq4A,8/6 SSC,public,United States,1,19,1786070679826,1786073712394,2026-08-07T02:44:39Z,2026-08-07T03:35:12Z,https://classic.warcraftlogs.com/reports/6LhMTRFZvjmkNq4A,1056,8,8,-1,TRUE,100,-1
w6dRBQ9Dg8WmHjNM,SSC / TK,public,United States,1,39,1786067108411,1786074764025,2026-08-07T01:45:08Z,2026-08-07T03:52:44Z,https://classic.warcraftlogs.com/reports/w6dRBQ9Dg8WmHjNM,1056,8,8,-1,TRUE,100,-1
DhqJKBafV4QjXMmT,SSC / TK,public,United States,1,34,1786068548808,1786074706392,2026-08-07T02:09:08Z,2026-08-07T03:51:46Z,https://classic.warcraftlogs.com/reports/DhqJKBafV4QjXMmT,1056,8,8,-1,TRUE,100,-1
Pfh8dNTxnzKXVjbW,TK - Thur,public,United States,33,36,1786064732371,1786074907902,2026-08-07T01:05:32Z,2026-08-07T03:55:07Z,https://classic.warcraftlogs.com/reports/Pfh8dNTxnzKXVjbW,1056,8,8,-1,TRUE,100,-1
FVPWYThDLzAZHM71,SSC / TK,public,China,1,8,1786062359246,1786074327277,2026-08-07T00:25:59Z,2026-08-07T03:45:27Z,https://classic.warcraftlogs.com/reports/FVPWYThDLzAZHM71,1056,8,8,-1,TRUE,100,-1
aCDfzAKXHqBxGcby,8/6 TK,public,United States,1,18,1786066154924,1786070193681,2026-08-07T01:29:14Z,2026-08-07T02:36:33Z,https://classic.warcraftlogs.com/reports/aCDfzAKXHqBxGcby,1056,8,8,-1,TRUE,100,-1
ghL91nJApC6tjfDM,8/6 TK pally,public,United States,1,22,1786062139258,1786073301322,2026-08-07T00:22:19Z,2026-08-07T03:28:21Z,https://classic.warcraftlogs.com/reports/ghL91nJApC6tjfDM,1056,9,9,-1,TRUE,100,-1
v4AaZyf6nHFcCbTx,SSC/TK,public,United States,1,59,1786064029000,1786073827487,2026-08-07T00:53:49Z,2026-08-07T03:37:07Z,https://classic.warcraftlogs.com/reports/v4AaZyf6nHFcCbTx,1056,9,9,-1,TRUE,100,-1
4ycDjzY9FrNatdwb,SSC MotN Weeknight,public,United States,1,39,1786063455969,1786074702151,2026-08-07T00:44:15Z,2026-08-07T03:51:42Z,https://classic.warcraftlogs.com/reports/4ycDjzY9FrNatdwb,1056,9,9,-1,TRUE,100,-1
83PZM7gFjLhGAcpd,SSC / TK,public,United States,1,27,1786066135731,1786074490878,2026-08-07T01:28:55Z,2026-08-07T03:48:10Z,https://classic.warcraftlogs.com/reports/83PZM7gFjLhGAcpd,1056,9,9,-1,TRUE,100,-1
xnf4bWP1NXQRTjAk,SSC / TK,public,United States,1,32,1785978468015,1785984494617,2026-08-06T01:07:48Z,2026-08-06T02:48:14Z,https://classic.warcraftlogs.com/reports/xnf4bWP1NXQRTjAk,1056,9,9,-1,TRUE,100,-1
mck8nPDCHrGN6A9V,SSC / TK,public,United States,50,55,1786066082685,1786074807322,2026-08-07T01:28:02Z,2026-08-07T03:53:27Z,https://classic.warcraftlogs.com/reports/mck8nPDCHrGN6A9V,1056,9,9,-1,TRUE,100,-1
kTjhPN9XA76xYVHa,SSC / TK,public,United States,48,52,1786066599450,1786074814158,2026-08-07T01:36:39Z,2026-08-07T03:53:34Z,https://classic.warcraftlogs.com/reports/kTjhPN9XA76xYVHa,1056,9,9,-1,TRUE,100,-1
vxmhr2pK1Dq4JWLY,TABA SSC/Gruul 8.6.26,public,United States,1,47,1786065397091,1786074658509,2026-08-07T01:16:37Z,2026-08-07T03:50:58Z,https://classic.warcraftlogs.com/reports/vxmhr2pK1Dq4JWLY,1056,9,9,-1,TRUE,100,-1
d4FnBNYDfJWhqc7A,8/6 SSC pally,public,United States,1,29,1786062139258,1786069315984,2026-08-07T00:22:19Z,2026-08-07T02:21:55Z,https://classic.warcraftlogs.com/reports/d4FnBNYDfJWhqc7A,1056,9,9,-1,TRUE,100,-1
34KHwDW8LvXGRmAk,SSC / TK,public,United States,1,29,1786059717293,1786072674569,2026-08-06T23:41:57Z,2026-08-07T03:17:54Z,https://classic.warcraftlogs.com/reports/34KHwDW8LvXGRmAk,1056,9,9,-1,TRUE,100,-1
NxZqrP6aY2kGmKpd,thurs - NO SMILING,public,United States,1,46,1786064701073,1786074246896,2026-08-07T01:05:01Z,2026-08-07T03:44:06Z,https://classic.warcraftlogs.com/reports/NxZqrP6aY2kGmKpd,1056,9,9,-1,TRUE,100,-1
QzwdgDFXbH7ZRqcp,SSC / TK,public,United States,61,64,1786061231851,1786074754639,2026-08-07T00:07:11Z,2026-08-07T03:52:34Z,https://classic.warcraftlogs.com/reports/QzwdgDFXbH7ZRqcp,1056,9,9,-1,TRUE,100,-1
fvwpkLG6YbhXCmqF,SSC / TK,public,United States,61,64,1786060452667,1786074756403,2026-08-06T23:54:12Z,2026-08-07T03:52:36Z,https://classic.warcraftlogs.com/reports/fvwpkLG6YbhXCmqF,1056,9,9,-1,TRUE,100,-1
Q6mHaD9p3YXnVfvK,SSC / TK,public,China,1,3,1786068555603,1786073402663,2026-08-07T02:09:15Z,2026-08-07T03:30:02Z,https://classic.warcraftlogs.com/reports/Q6mHaD9p3YXnVfvK,1056,9,9,-1,TRUE,100,-1
P2DVjzkATv7tNBKr,SSC / TK,public,United States,64,76,1786062667626,1786074748619,2026-08-07T00:31:07Z,2026-08-07T03:52:28Z,https://classic.warcraftlogs.com/reports/P2DVjzkATv7tNBKr,1056,9,9,-1,TRUE,100,-1
rc4tVy6AHmKazFYR,SSC 8/06/26,public,United States,20,39,1786067244758,1786074746389,2026-08-07T01:47:24Z,2026-08-07T03:52:26Z,https://classic.warcraftlogs.com/reports/rc4tVy6AHmKazFYR,1056,9,9,-1,TRUE,100,-1
jMrQHx4hcbCkdmFL,SSC / TK,public,United States,20,21,1786062368415,1786074747410,2026-08-07T00:26:08Z,2026-08-07T03:52:27Z,https://classic.warcraftlogs.com/reports/jMrQHx4hcbCkdmFL,1056,9,9,-1,TRUE,100,-1
FJfHqWTzMX8hPtcd,SSC / TK,public,China,1,10,1786066183882,1786074526806,2026-08-07T01:29:43Z,2026-08-07T03:48:46Z,https://classic.warcraftlogs.com/reports/FJfHqWTzMX8hPtcd,1056,9,9,-1,TRUE,100,-1
yNBr3LKnJCR9pv8g,SSC / TK,public,United States,33,71,1786063593382,1786074694159,2026-08-07T00:46:33Z,2026-08-07T03:51:34Z,https://classic.warcraftlogs.com/reports/yNBr3LKnJCR9pv8g,1056,9,9,-1,TRUE,100,-1
V4C7yRTYBcDd3fzQ,SSC / TK,public,United States,77,80,1786062396898,1786074694884,2026-08-07T00:26:36Z,2026-08-07T03:51:34Z,https://classic.warcraftlogs.com/reports/V4C7yRTYBcDd3fzQ,1056,9,9,-1,TRUE,100,-1
hVqdpPKWGfBvNR3Y,SSC / TK,public,United States,6,7,1786071393502,1786074690510,2026-08-07T02:56:33Z,2026-08-07T03:51:30Z,https://classic.warcraftlogs.com/reports/hVqdpPKWGfBvNR3Y,1056,9,9,-1,TRUE,100,-1
hqtMBgVcGZL8dbTr,SSC / TK,public,United States,114,158,1785889611149,1786074679402,2026-08-05T00:26:51Z,2026-08-07T03:51:19Z,https://classic.warcraftlogs.com/reports/hqtMBgVcGZL8dbTr,1056,9,9,-1,TRUE,100,-1
bg76avZzDNLj1CT9,8-6-26 TK 25M,public,United States,29,34,1786070496179,1786074670057,2026-08-07T02:41:36Z,2026-08-07T03:51:10Z,https://classic.warcraftlogs.com/reports/bg76avZzDNLj1CT9,1056,9,9,-1,TRUE,100,-1
6qVwgp2jh8AHkCnG,8/6 ssc + tk,public,United States,58,78,1786063460312,1786074670276,2026-08-07T00:44:20Z,2026-08-07T03:51:10Z,https://classic.warcraftlogs.com/reports/6qVwgp2jh8AHkCnG,1056,9,9,-1,TRUE,100,-1
dFA2Np6ZJVTaCB71,ssc/tk 8/6,public,United States,31,35,1786068058296,1786074669368,2026-08-07T02:00:58Z,2026-08-07T03:51:09Z,https://classic.warcraftlogs.com/reports/dFA2Np6ZJVTaCB71,1056,9,9,-1,TRUE,100,-1
G7RxpJdcT4QwC8KV,Rebellious - Week 13 - SSC - 8/06/26,public,United States,28,38,1786069181994,1786074659454,2026-08-07T02:19:41Z,2026-08-07T03:50:59Z,https://classic.warcraftlogs.com/reports/G7RxpJdcT4QwC8KV,1056,9,9,-1,TRUE,100,-1
hjvKNcM7wQfnHtVA,TK 8/6,public,United States,1,33,1786067949795,1786074599633,2026-08-07T01:59:09Z,2026-08-07T03:49:59Z,https://classic.warcraftlogs.com/reports/hjvKNcM7wQfnHtVA,1056,9,9,-1,TRUE,100,-1
yxDKJB4wht8f1dXQ,SSC / TK,public,United States,62,72,1786064019362,1786074661498,2026-08-07T00:53:39Z,2026-08-07T03:51:01Z,https://classic.warcraftlogs.com/reports/yxDKJB4wht8f1dXQ,1056,9,9,-1,TRUE,100,-1
YKDgQ4av2y73RCnA,SSC TK,public,United States,64,70,1786065038916,1786074652706,2026-08-07T01:10:38Z,2026-08-07T03:50:52Z,https://classic.warcraftlogs.com/reports/YKDgQ4av2y73RCnA,1056,9,9,-1,TRUE,100,-1
qCdNJTyRV2xPBcHa,TK SSC,public,United States,64,70,1786062953133,1786074655517,2026-08-07T00:35:53Z,2026-08-07T03:50:55Z,https://classic.warcraftlogs.com/reports/qCdNJTyRV2xPBcHa,1056,9,9,-1,TRUE,100,-1
Xjf1QcAHykBgYK3m,SSC 8.6.26,public,United States,40,52,1786062111556,1786074580130,2026-08-07T00:21:51Z,2026-08-07T03:49:40Z,https://classic.warcraftlogs.com/reports/Xjf1QcAHykBgYK3m,1056,9,9,-1,TRUE,100,-1
ynMcL9RZQ12HhFrp,SSC / TK,public,Korea,67,69,1786064534083,1786074623901,2026-08-07T01:02:14Z,2026-08-07T03:50:23Z,https://classic.warcraftlogs.com/reports/ynMcL9RZQ12HhFrp,1056,9,9,-1,TRUE,100,-1
DWxT92GK18QXgFC3,SSC / TK,public,United States,1,46,1786064719694,1786074451404,2026-08-07T01:05:19Z,2026-08-07T03:47:31Z,https://classic.warcraftlogs.com/reports/DWxT92GK18QXgFC3,1056,9,9,-1,TRUE,100,-1
tGATVwfMk2Dg4Pmn,08/06 Thursday TK,public,United States,1,36,1786067303234,1786074419205,2026-08-07T01:48:23Z,2026-08-07T03:46:59Z,https://classic.warcraftlogs.com/reports/tGATVwfMk2Dg4Pmn,1056,9,9,-1,TRUE,100,-1
MGQyDhmZ4RFHXV3Y,Thursday TK,public,United States,1,27,1786062682488,1786073783553,2026-08-07T00:31:22Z,2026-08-07T03:36:23Z,https://classic.warcraftlogs.com/reports/MGQyDhmZ4RFHXV3Y,1056,9,9,-1,TRUE,100,-1
3XtWjgKfZCHBMFQ9,SSC / TK,public,United States,31,73,1786059334400,1786074546314,2026-08-06T23:35:34Z,2026-08-07T03:49:06Z,https://classic.warcraftlogs.com/reports/3XtWjgKfZCHBMFQ9,1056,9,9,-1,TRUE,100,-1
mRfk7HMAFQdjzvtG,Subuwu's HFF TK 08062026,public,United States,1,32,1786061621290,1786074385221,2026-08-07T00:13:41Z,2026-08-07T03:46:25Z,https://classic.warcraftlogs.com/reports/mRfk7HMAFQdjzvtG,1056,9,9,-1,TRUE,100,-1
rMZgqtYR16phjk3C,SSC / TK,public,United States,58,66,1786064347420,1786074585960,2026-08-07T00:59:07Z,2026-08-07T03:49:45Z,https://classic.warcraftlogs.com/reports/rMZgqtYR16phjk3C,1056,9,9,-1,TRUE,100,-1
QP9Fgd2rtfbvkGZa,SSC/TK Single-Day,public,United States,46,62,1786063787820,1786074583162,2026-08-07T00:49:47Z,2026-08-07T03:49:43Z,https://classic.warcraftlogs.com/reports/QP9Fgd2rtfbvkGZa,1056,9,9,-1,TRUE,100,-1
1NCqa7Z8p3PHQRAn,SSC/TK - 8/6,public,United States,73,73,1786065336479,1786074577362,2026-08-07T01:15:36Z,2026-08-07T03:49:37Z,https://classic.warcraftlogs.com/reports/1NCqa7Z8p3PHQRAn,1056,9,9,-1,TRUE,100,-1
qpCdk62cfvWFBhjR,Aug. 6 - SSC/TK (Split 2),public,United States,1,67,1786061476783,1786073126166,2026-08-07T00:11:16Z,2026-08-07T03:25:26Z,https://classic.warcraftlogs.com/reports/qpCdk62cfvWFBhjR,1056,9,9,-1,TRUE,100,-1
zbGCjmYD26Nq487g,SSC / TK,public,United States,1,53,1786062094410,1786074404183,2026-08-07T00:21:34Z,2026-08-07T03:46:44Z,https://classic.warcraftlogs.com/reports/zbGCjmYD26Nq487g,1056,9,9,-1,TRUE,100,-1
y4KJRCX8ZV6BfHFx,SSC / TK,public,United States,72,76,1786063895764,1786074538354,2026-08-07T00:51:35Z,2026-08-07T03:48:58Z,https://classic.warcraftlogs.com/reports/y4KJRCX8ZV6BfHFx,1056,9,9,-1,TRUE,100,-1
WydK6McVLCxFY2pm,SSC / TK,public,United States,66,70,1786064553356,1786074515102,2026-08-07T01:02:33Z,2026-08-07T03:48:35Z,https://classic.warcraftlogs.com/reports/WydK6McVLCxFY2pm,1056,9,9,-1,TRUE,100,-1
86Xv3acfnF4M9zgP,2026.08.06 SSC/TK/Gruul (Split 2),public,United States,1,69,1786064403787,1786073942240,2026-08-07T01:00:03Z,2026-08-07T03:39:02Z,https://classic.warcraftlogs.com/reports/86Xv3acfnF4M9zgP,1056,9,9,-1,TRUE,100,-1
pBacgnNPHD8dqr9y,tk/ssc rising sun :asiancash:,public,United States,50,56,1786066989318,1786074473151,2026-08-07T01:43:09Z,2026-08-07T03:47:53Z,https://classic.warcraftlogs.com/reports/pBacgnNPHD8dqr9y,1056,9,9,-1,TRUE,100,-1
16N3rKzHFPMjBYxG,8/6 Rising Sun SSC/TK,public,United States,42,48,1786067776416,1786074475122,2026-08-07T01:56:16Z,2026-08-07T03:47:55Z,https://classic.warcraftlogs.com/reports/16N3rKzHFPMjBYxG,1056,9,9,-1,TRUE,100,-1
LGHgzNZmVr2bYjxt,SSC / TK,public,United States,37,41,1786067236366,1786074473200,2026-08-07T01:47:16Z,2026-08-07T03:47:53Z,https://classic.warcraftlogs.com/reports/LGHgzNZmVr2bYjxt,1056,9,9,-1,TRUE,100,-1
M1AFmpg8jP2xXJyK,SSC / TK,public,United States,48,50,1786064951409,1786074472744,2026-08-07T01:09:11Z,2026-08-07T03:47:52Z,https://classic.warcraftlogs.com/reports/M1AFmpg8jP2xXJyK,1056,9,9,-1,TRUE,100,-1
wqyKzbHrxtZkAfBa,8/6 SSC/TK,public,United States,74,79,1786062284361,1786074473067,2026-08-07T00:24:44Z,2026-08-07T03:47:53Z,https://classic.warcraftlogs.com/reports/wqyKzbHrxtZkAfBa,1056,9,9,-1,TRUE,100,-1
yYQxphP6dXaK8vRm,Thursday SSC,public,United States,1,29,1786062682488,1786069321799,2026-08-07T00:31:22Z,2026-08-07T02:22:01Z,https://classic.warcraftlogs.com/reports/yYQxphP6dXaK8vRm,1056,9,9,-1,TRUE,100,-1
yzLMgYp9hx1HXRKr,SSC / TK,public,United States,46,51,1786065651850,1786074464299,2026-08-07T01:20:51Z,2026-08-07T03:47:44Z,https://classic.warcraftlogs.com/reports/yzLMgYp9hx1HXRKr,1056,9,9,-1,TRUE,100,-1
yHFYVDBhQ8r3Jd94,SSC / TK,public,United States,57,57,1786061429265,1786074465114,2026-08-07T00:10:29Z,2026-08-07T03:47:45Z,https://classic.warcraftlogs.com/reports/yHFYVDBhQ8r3Jd94,1056,9,9,-1,TRUE,100,-1
Kn4PvL3qd8zB16GR,SSC / TK,public,United States,81,85,1786060968471,1786074463494,2026-08-07T00:02:48Z,2026-08-07T03:47:43Z,https://classic.warcraftlogs.com/reports/Kn4PvL3qd8zB16GR,1056,9,9,-1,TRUE,100,-1
9FRQwVX1pYArKqaD,SSC / TK,public,United States,32,39,1786068532966,1786074460970,2026-08-07T02:08:52Z,2026-08-07T03:47:40Z,https://classic.warcraftlogs.com/reports/9FRQwVX1pYArKqaD,1056,9,9,-1,TRUE,100,-1
h8z3xqyQpDRr4jnP,毒蛇,public,China,1,31,1786067120027,1786073969359,2026-08-07T01:45:20Z,2026-08-07T03:39:29Z,https://classic.warcraftlogs.com/reports/h8z3xqyQpDRr4jnP,1056,9,9,-1,TRUE,100,-1
zJbC32A74ndh6mky,08/06 SCC,public,United States,20,48,1786066458556,1786074420099,2026-08-07T01:34:18Z,2026-08-07T03:47:00Z,https://classic.warcraftlogs.com/reports/zJbC32A74ndh6mky,1056,9,9,-1,TRUE,100,-1
pAmXZjftKvTJ4Pc2,ssc hydross/lurker/tidewalker,public,United States,1,3,1786063579455,1786074236841,2026-08-07T00:46:19Z,2026-08-07T03:43:56Z,https://classic.warcraftlogs.com/reports/pAmXZjftKvTJ4Pc2,1056,9,9,-1,TRUE,100,-1
BrXdjaFCvc9JAzhm,SSC / TK,public,United States,44,50,1786066014380,1786074426404,2026-08-07T01:26:54Z,2026-08-07T03:47:06Z,https://classic.warcraftlogs.com/reports/BrXdjaFCvc9JAzhm,1056,9,9,-1,TRUE,100,-1
DBCyaJnRh968Hxzk,TK 8/6/26,public,United States,1,35,1786063555257,1786073469744,2026-08-07T00:45:55Z,2026-08-07T03:31:09Z,https://classic.warcraftlogs.com/reports/DBCyaJnRh968Hxzk,1056,9,9,-1,TRUE,100,-1
G4PDYtnLN7TmFXJ9,SSC / TK,public,United States,1,33,1786067736742,1786074207379,2026-08-07T01:55:36Z,2026-08-07T03:43:27Z,https://classic.warcraftlogs.com/reports/G4PDYtnLN7TmFXJ9,1056,9,9,-1,TRUE,100,-1
N2XakCtcARxKVf7h,SSC / TK,public,United States,47,71,1786063970804,1786074384455,2026-08-07T00:52:50Z,2026-08-07T03:46:24Z,https://classic.warcraftlogs.com/reports/N2XakCtcARxKVf7h,1056,9,9,-1,TRUE,100,-1
C4yqachftwQ9gHJb,SSC / TK,public,United States,60,66,1786061078856,1786074379847,2026-08-07T00:04:38Z,2026-08-07T03:46:19Z,https://classic.warcraftlogs.com/reports/C4yqachftwQ9gHJb,1056,9,9,-1,TRUE,100,-1
dxBvHqLzg1fKwVtQ,TK,public,United States,1,31,1786061302960,1786067063516,2026-08-07T00:08:22Z,2026-08-07T01:44:23Z,https://classic.warcraftlogs.com/reports/dxBvHqLzg1fKwVtQ,1056,9,9,-1,TRUE,100,-1
RGNLJ8fVyA9jWDHX,SSC / TK,public,United States,1,23,1786069054187,1786074344248,2026-08-07T02:17:34Z,2026-08-07T03:45:44Z,https://classic.warcraftlogs.com/reports/RGNLJ8fVyA9jWDHX,1056,9,9,-1,TRUE,100,-1
acnBrGkjLACb4D87,ssc,public,United States,24,28,1786069831465,1786074370224,2026-08-07T02:30:31Z,2026-08-07T03:46:10Z,https://classic.warcraftlogs.com/reports/acnBrGkjLACb4D87,1056,9,9,-1,TRUE,100,-1
784CVtjrvgmDw1JP,SSC / TK,public,United States,39,39,1786062265973,1786074364857,2026-08-07T00:24:25Z,2026-08-07T03:46:04Z,https://classic.warcraftlogs.com/reports/784CVtjrvgmDw1JP,1056,9,9,-1,TRUE,100,-1
4LvPBaAr29qGCbzg,SSC / TK,public,United States,71,77,1786063381571,1786074360686,2026-08-07T00:43:01Z,2026-08-07T03:46:00Z,https://classic.warcraftlogs.com/reports/4LvPBaAr29qGCbzg,1056,9,9,-1,TRUE,100,-1
72ZdfpWqNPcjg6wG,The Bears Strike Back! ep.5 - BT6 - Fel Guards - SSC/TK,public,United States,49,74,1786063106878,1786074360528,2026-08-07T00:38:26Z,2026-08-07T03:46:00Z,https://classic.warcraftlogs.com/reports/72ZdfpWqNPcjg6wG,1056,9,9,-1,TRUE,100,-1
bWKZa8Vg7JNnrpcf,CHEESE alliance 8/6,public,United States,1,12,1786064093624,1786073353643,2026-08-07T00:54:53Z,2026-08-07T03:29:13Z,https://classic.warcraftlogs.com/reports/bWKZa8Vg7JNnrpcf,1056,9,9,-1,TRUE,100,-1
ah1HvcQgdxV9RfCq,ssc+tk,public,United States,56,64,1786066471889,1786074353221,2026-08-07T01:34:31Z,2026-08-07T03:45:53Z,https://classic.warcraftlogs.com/reports/ah1HvcQgdxV9RfCq,1056,9,9,-1,TRUE,100,-1
dGMRzFCrJQ2cPt6H,SSC - We need to do better 8-6,public,United States,1,34,1786063610103,1786073328866,2026-08-07T00:46:50Z,2026-08-07T03:28:48Z,https://classic.warcraftlogs.com/reports/dGMRzFCrJQ2cPt6H,1056,9,9,-1,TRUE,100,-1
QmMcA4PNDKF6BaZ7,<Zz> THURSDAY NON-SPEED FEST,public,United States,1,52,1786064164334,1786073418205,2026-08-07T00:56:04Z,2026-08-07T03:30:18Z,https://classic.warcraftlogs.com/reports/QmMcA4PNDKF6BaZ7,1056,9,9,-1,TRUE,100,-1
7CTNjZphdxnkDBaY,SSC,public,United States,1,30,1786061302960,1786073187317,2026-08-07T00:08:22Z,2026-08-07T03:26:27Z,https://classic.warcraftlogs.com/reports/7CTNjZphdxnkDBaY,1056,9,9,-1,TRUE,100,-1
WLwAjQ8bmZhPFTXt,ruh roh,public,United States,1,22,1786065021741,1786074246972,2026-08-07T01:10:21Z,2026-08-07T03:44:06Z,https://classic.warcraftlogs.com/reports/WLwAjQ8bmZhPFTXt,1056,9,9,-1,TRUE,100,-1
A2GxCJvHgpnFzymd,SSC / TK,public,United States,39,49,1786065040098,1786074305282,2026-08-07T01:10:40Z,2026-08-07T03:45:05Z,https://classic.warcraftlogs.com/reports/A2GxCJvHgpnFzymd,1056,9,9,-1,TRUE,100,-1
7BmPc9hwZbHrNXQA,SSC / TK,public,United States,23,30,1786065281618,1786074300906,2026-08-07T01:14:41Z,2026-08-07T03:45:00Z,https://classic.warcraftlogs.com/reports/7BmPc9hwZbHrNXQA,1056,9,9,-1,TRUE,100,-1
hn1fXBc4jvzTYy7J,SSC / TK,public,Europe,1,10,1786066746407,1786074185168,2026-08-07T01:39:06Z,2026-08-07T03:43:05Z,https://classic.warcraftlogs.com/reports/hn1fXBc4jvzTYy7J,1056,9,9,-1,TRUE,100,-1
3hB2KzAQdFyV4tHR,SSC week 13,public,United States,1,31,1786066537756,1786073851474,2026-08-07T01:35:37Z,2026-08-07T03:37:31Z,https://classic.warcraftlogs.com/reports/3hB2KzAQdFyV4tHR,1056,9,9,-1,TRUE,100,-1
dXaMC9rKkx4Zpfn8,SSC / TK,public,United States,1,56,1786063731288,1786074038093,2026-08-07T00:48:51Z,2026-08-07T03:40:38Z,https://classic.warcraftlogs.com/reports/dXaMC9rKkx4Zpfn8,1056,9,9,-1,TRUE,100,-1
p489zcnfMYFABqaH,Thursday TK,public,United States,40,42,1786064345188,1786074213757,2026-08-07T00:59:05Z,2026-08-07T03:43:33Z,https://classic.warcraftlogs.com/reports/p489zcnfMYFABqaH,1056,9,9,-1,TRUE,100,-1
haj1QkRCYtF7DK64,SSC / TK,public,United States,2,31,1786068504153,1786074139943,2026-08-07T02:08:24Z,2026-08-07T03:42:19Z,https://classic.warcraftlogs.com/reports/haj1QkRCYtF7DK64,1056,9,9,-1,TRUE,100,-1
2n16mBcNQGVYzta3,3 pug TK,public,United States,40,45,1786067410842,1786074202866,2026-08-07T01:50:10Z,2026-08-07T03:43:22Z,https://classic.warcraftlogs.com/reports/2n16mBcNQGVYzta3,1056,9,9,-1,TRUE,100,-1
QgMtXdypb7KV1j2T,TK 8_6_26,public,United States,38,38,1786067240416,1786074167120,2026-08-07T01:47:20Z,2026-08-07T03:42:47Z,https://classic.warcraftlogs.com/reports/QgMtXdypb7KV1j2T,1056,9,9,-1,TRUE,100,-1
XyBZ6R2rxntLVpYJ,meme,public,United States,77,78,1786062342311,1786074150721,2026-08-07T00:25:42Z,2026-08-07T03:42:30Z,https://classic.warcraftlogs.com/reports/XyBZ6R2rxntLVpYJ,1056,9,9,-1,TRUE,100,-1
tfJ2LnhVFr9dAKpX,SSC / TK,public,United States,1,36,1786064620431,1786070914802,2026-08-07T01:03:40Z,2026-08-07T02:48:34Z,https://classic.warcraftlogs.com/reports/tfJ2LnhVFr9dAKpX,1056,9,9,-1,TRUE,100,-1
yNJBKC9dw1Q3v6V4,8.6 SSC/TK/Gruul/HK - Split 2,public,United States,1,73,1786061910660,1786073943352,2026-08-07T00:18:30Z,2026-08-07T03:39:03Z,https://classic.warcraftlogs.com/reports/yNJBKC9dw1Q3v6V4,1056,9,9,-1,TRUE,100,-1
KAbPpxjQ2R9Nvfzm,TK - 8/6,public,United States,21,23,1786065033454,1786074119790,2026-08-07T01:10:33Z,2026-08-07T03:41:59Z,https://classic.warcraftlogs.com/reports/KAbPpxjQ2R9Nvfzm,1056,9,9,-1,TRUE,100,-1
fgGKp3h14at9kZxn,SSC / TK,public,United States,1,36,1786064984593,1786070844646,2026-08-07T01:09:44Z,2026-08-07T02:47:24Z,https://classic.warcraftlogs.com/reports/fgGKp3h14at9kZxn,1056,9,9,-1,TRUE,100,-1
LF3Vq6aYDcBJ9ZyM,SSC / TK,public,United States,1,3,1786073280744,1786074029598,2026-08-07T03:28:00Z,2026-08-07T03:40:29Z,https://classic.warcraftlogs.com/reports/LF3Vq6aYDcBJ9ZyM,1056,9,9,-1,TRUE,100,-1
VjnFyRXYv2PtMAWb,8/6/26 - Barry TK/SSC,public,United States,1,59,1786063047289,1786073877299,2026-08-07T00:37:27Z,2026-08-07T03:37:57Z,https://classic.warcraftlogs.com/reports/VjnFyRXYv2PtMAWb,1056,9,9,-1,TRUE,100,-1
Tgnq9jVzRXMNHdp3,tk,public,United States,29,29,1786063941844,1786074089609,2026-08-07T00:52:21Z,2026-08-07T03:41:29Z,https://classic.warcraftlogs.com/reports/Tgnq9jVzRXMNHdp3,1056,9,9,-1,TRUE,100,-1
vhR9rqtVykfJHxZn,"Can't believe I'm saying this, last attempt.",public,United States,66,70,1786062763514,1786074088637,2026-08-07T00:32:43Z,2026-08-07T03:41:28Z,https://classic.warcraftlogs.com/reports/vhR9rqtVykfJHxZn,1056,9,9,-1,TRUE,100,-1
f26V8wB7dprQXTMk,SSC/TK,public,United States,236,244,1785891213957,1786074077313,2026-08-05T00:53:33Z,2026-08-07T03:41:17Z,https://classic.warcraftlogs.com/reports/f26V8wB7dprQXTMk,1056,9,9,-1,TRUE,100,-1
8nRTK3DCztLJAhaY,raid,public,United States,79,80,1786063041477,1786074065194,2026-08-07T00:37:21Z,2026-08-07T03:41:05Z,https://classic.warcraftlogs.com/reports/8nRTK3DCztLJAhaY,1056,9,9,-1,TRUE,100,-1
4BfvjXDCxJHcyK7w,Gruul/SSC/TK (BBPD),public,United States,87,89,1786061996610,1786074089703,2026-08-07T00:19:56Z,2026-08-07T03:41:29Z,https://classic.warcraftlogs.com/reports/4BfvjXDCxJHcyK7w,1056,9,9,-1,TRUE,100,-1
BhjLXq4WGJ2K8pcy,TK 8/6,public,United States,1,69,1786060442374,1786073971860,2026-08-06T23:54:02Z,2026-08-07T03:39:31Z,https://classic.warcraftlogs.com/reports/BhjLXq4WGJ2K8pcy,1056,9,9,-1,TRUE,100,-1
KM7jJPgqN32VhcXb,SSC / TK,public,United States,15,67,1786061247551,1786073339632,2026-08-07T00:07:27Z,2026-08-07T03:28:59Z,https://classic.warcraftlogs.com/reports/KM7jJPgqN32VhcXb,1056,9,9,-1,TRUE,100,-1
xbkhTRWH9v8NcynX,SSC / TK,public,United States,1,37,1786060494034,1786067654850,2026-08-06T23:54:54Z,2026-08-07T01:54:14Z,https://classic.warcraftlogs.com/reports/xbkhTRWH9v8NcynX,1056,9,9,-1,TRUE,100,-1
rqhPCN6Kbn4HtFJw,ACC TK,public,United States,33,77,1786062469752,1786073998065,2026-08-07T00:27:49Z,2026-08-07T03:39:58Z,https://classic.warcraftlogs.com/reports/rqhPCN6Kbn4HtFJw,1056,9,9,-1,TRUE,100,-1
x1nfrv6TPbXqVDtH,SSC / TK,public,United States,75,79,1786060514214,1786073976268,2026-08-06T23:55:14Z,2026-08-07T03:39:36Z,https://classic.warcraftlogs.com/reports/x1nfrv6TPbXqVDtH,1056,10,10,-1,TRUE,100,-1
fCvHDnQRGFw79j14,SSC / TK,public,United States,73,76,1786059947598,1786073976740,2026-08-06T23:45:47Z,2026-08-07T03:39:36Z,https://classic.warcraftlogs.com/reports/fCvHDnQRGFw79j14,1056,10,10,-1,TRUE,100,-1
3fvg1rX8pq2Vk7m6,SSC / TK,public,United States,46,46,1786058785395,1786073973258,2026-08-06T23:26:25Z,2026-08-07T03:39:33Z,https://classic.warcraftlogs.com/reports/3fvg1rX8pq2Vk7m6,1056,10,10,-1,TRUE,100,-1
ytKBzGgkhAPD9Qm8,TK 8/6/26,public,United States,33,42,1786063630152,1786073960515,2026-08-07T00:47:10Z,2026-08-07T03:39:20Z,https://classic.warcraftlogs.com/reports/ytKBzGgkhAPD9Qm8,1056,10,10,-1,TRUE,100,-1
acWrdDfbVwjRxBmG,SSC / TK,public,United States,35,43,1786062528073,1786073960272,2026-08-07T00:28:48Z,2026-08-07T03:39:20Z,https://classic.warcraftlogs.com/reports/acWrdDfbVwjRxBmG,1056,10,10,-1,TRUE,100,-1
C8fpAZHtaP2kTc9v,8/6/26 T5,public,United States,65,67,1786062510273,1786073960079,2026-08-07T00:28:30Z,2026-08-07T03:39:20Z,https://classic.warcraftlogs.com/reports/C8fpAZHtaP2kTc9v,1056,10,10,-1,TRUE,100,-1
Mgn3Cw6KPD9tWx27,SSC & TK | 8-6-26,public,United States,65,69,1786063735954,1786073948542,2026-08-07T00:48:55Z,2026-08-07T03:39:08Z,https://classic.warcraftlogs.com/reports/Mgn3Cw6KPD9tWx27,1056,10,10,-1,TRUE,100,-1
8DW41xAJdpyq6FYn,SSC,public,United States,30,36,1786060820207,1786073943213,2026-08-07T00:00:20Z,2026-08-07T03:39:03Z,https://classic.warcraftlogs.com/reports/8DW41xAJdpyq6FYn,1056,10,10,-1,TRUE,100,-1
BZA4vrVRfWFkcg8q,Bad Reputation,public,United States,1,28,1786057301767,1786065792081,2026-08-06T23:01:41Z,2026-08-07T01:23:12Z,https://classic.warcraftlogs.com/reports/BZA4vrVRfWFkcg8q,1056,10,10,-1,TRUE,100,-1
4anKvCNRjX2xYqTb,TK/GRUULS/SSC,public,United States,1,60,1786057404453,1786072744011,2026-08-06T23:03:24Z,2026-08-07T03:19:04Z,https://classic.warcraftlogs.com/reports/4anKvCNRjX2xYqTb,1056,10,10,-1,TRUE,100,-1
PRtGyWc9bkQ7xK3X,SSC / TK,public,United States,1,64,1786062710173,1786072308890,2026-08-07T00:31:50Z,2026-08-07T03:11:48Z,https://classic.warcraftlogs.com/reports/PRtGyWc9bkQ7xK3X,1056,10,10,-1,TRUE,100,-1
Qmc3rNBgCRZVzTLX,SSC / TK,public,United States,60,67,1786064227714,1786073880087,2026-08-07T00:57:07Z,2026-08-07T03:38:00Z,https://classic.warcraftlogs.com/reports/Qmc3rNBgCRZVzTLX,1056,10,10,-1,TRUE,100,-1
mwDVC7PgMX6pBxv9,SSC / TK,public,United States,59,66,1786063693412,1786073877219,2026-08-07T00:48:13Z,2026-08-07T03:37:57Z,https://classic.warcraftlogs.com/reports/mwDVC7PgMX6pBxv9,1056,10,10,-1,TRUE,100,-1
Qn1fANbaXyxVt8Pp,2026-08-06,public,United States,66,70,1786063265491,1786073843055,2026-08-07T00:41:05Z,2026-08-07T03:37:23Z,https://classic.warcraftlogs.com/reports/Qn1fANbaXyxVt8Pp,1056,10,10,-1,TRUE,100,-1
N7LDtCzdyVrAHBwK,SSC,public,United States,34,35,1786065456196,1786073862671,2026-08-07T01:17:36Z,2026-08-07T03:37:42Z,https://classic.warcraftlogs.com/reports/N7LDtCzdyVrAHBwK,1056,10,10,-1,TRUE,100,-1
W46qNvHPtwB13Ddh,SSC / TK,public,United States,49,56,1786065235779,1786073860292,2026-08-07T01:13:55Z,2026-08-07T03:37:40Z,https://classic.warcraftlogs.com/reports/W46qNvHPtwB13Ddh,1056,10,10,-1,TRUE,100,-1
PXcrtvgqjGd47JwZ,SSC/TK 08/06,public,United States,85,85,1786061405978,1786073829565,2026-08-07T00:10:05Z,2026-08-07T03:37:09Z,https://classic.warcraftlogs.com/reports/PXcrtvgqjGd47JwZ,1056,10,10,-1,TRUE,100,-1
9LcMbdNZgFrwTzhy,Thursday SSC/TK,public,United States,55,65,1786064572603,1786073807098,2026-08-07T01:02:52Z,2026-08-07T03:36:47Z,https://classic.warcraftlogs.com/reports/9LcMbdNZgFrwTzhy,1056,10,10,-1,TRUE,100,-1
wQfLXVz1r9xWCZTM,SSC / TK,public,United States,37,40,1786067884987,1786073785176,2026-08-07T01:58:04Z,2026-08-07T03:36:25Z,https://classic.warcraftlogs.com/reports/wQfLXVz1r9xWCZTM,1056,10,10,-1,TRUE,100,-1
b4zqC3DG2MJaY7gN,SSC / TK,public,United States,7,34,1786063855980,1786073778785,2026-08-07T00:50:55Z,2026-08-07T03:36:18Z,https://classic.warcraftlogs.com/reports/b4zqC3DG2MJaY7gN,1056,10,10,-1,TRUE,100,-1
zrvHtZ2yLQ8FmK6G,FULL CLEAR - TK / Gruul / MAG,public,United States,1,40,1786063863671,1786073555533,2026-08-07T00:51:03Z,2026-08-07T03:32:35Z,https://classic.warcraftlogs.com/reports/zrvHtZ2yLQ8FmK6G,1056,10,10,-1,TRUE,100,-1
1NtDF6faqLdMKYGQ,TK 08/06/2026,public,United States,30,34,1786066942119,1786073765627,2026-08-07T01:42:22Z,2026-08-07T03:36:05Z,https://classic.warcraftlogs.com/reports/1NtDF6faqLdMKYGQ,1056,10,10,-1,TRUE,100,-1
3M6y8zNcKQDBX7Yd,SSC / TK,public,United States,1,15,1785978061166,1785988571666,2026-08-06T01:01:01Z,2026-08-06T03:56:11Z,https://classic.warcraftlogs.com/reports/3M6y8zNcKQDBX7Yd,1056,10,10,-1,TRUE,100,-1
9AGzQ7b4daR6HLMt,SSC / TK,public,United States,1,68,1786059184510,1786071795686,2026-08-06T23:33:04Z,2026-08-07T03:03:15Z,https://classic.warcraftlogs.com/reports/9AGzQ7b4daR6HLMt,1056,10,10,-1,TRUE,100,-1
TJrgP37B1ZV4KRv6,SSC - Thursday,public,United States,1,22,1786063117866,1786073235078,2026-08-07T00:38:37Z,2026-08-07T03:27:15Z,https://classic.warcraftlogs.com/reports/TJrgP37B1ZV4KRv6,1056,10,10,-1,TRUE,100,-1
WHbg6myYrhBZwRnT,<HELLO KITTY> 08062026,public,United States,76,76,1786064163167,1786073717897,2026-08-07T00:56:03Z,2026-08-07T03:35:17Z,https://classic.warcraftlogs.com/reports/WHbg6myYrhBZwRnT,1056,10,10,-1,TRUE,100,-1
XrCa81jMnyJAY2mg,08/06/2026 - TK - Press Buttons,public,United States,1,29,1786061683172,1786071267311,2026-08-07T00:14:43Z,2026-08-07T02:54:27Z,https://classic.warcraftlogs.com/reports/XrCa81jMnyJAY2mg,1056,10,10,-1,TRUE,100,-1
1X642HkcKxP3VJjZ,8/6 SSC/TK,public,United States,67,78,1786064379830,1786073718777,2026-08-07T00:59:39Z,2026-08-07T03:35:18Z,https://classic.warcraftlogs.com/reports/1X642HkcKxP3VJjZ,1056,10,10,-1,TRUE,100,-1
yW2v1VKLTgzXbB3G,SSC / TK,public,United States,15,39,1786063812707,1786073717028,2026-08-07T00:50:12Z,2026-08-07T03:35:17Z,https://classic.warcraftlogs.com/reports/yW2v1VKLTgzXbB3G,1056,10,10,-1,TRUE,100,-1
K8CBhq1cAdNfv4Rb,TK 8/6,public,United States,44,74,1786060442374,1786073687096,2026-08-06T23:54:02Z,2026-08-07T03:34:47Z,https://classic.warcraftlogs.com/reports/K8CBhq1cAdNfv4Rb,1056,10,10,-1,TRUE,100,-1
DZLKWP6CG8Vw21fp,Void Team SSC and TK,public,United States,78,83,1786058954295,1786073687588,2026-08-06T23:29:14Z,2026-08-07T03:34:47Z,https://classic.warcraftlogs.com/reports/DZLKWP6CG8Vw21fp,1056,10,10,-1,TRUE,100,-1
xW6Qpr9NM1JdDqyj,25m SSC / TK 2026-08-06 14,public,United States,1,55,1786064575483,1786072174756,2026-08-07T01:02:55Z,2026-08-07T03:09:34Z,https://classic.warcraftlogs.com/reports/xW6Qpr9NM1JdDqyj,1056,10,10,-1,TRUE,100,-1
1BwQbPcGKHrv9tjm,SSC / TK,public,United States,1,35,1786063392953,1786073605006,2026-08-07T00:43:12Z,2026-08-07T03:33:25Z,https://classic.warcraftlogs.com/reports/1BwQbPcGKHrv9tjm,1056,10,10,-1,TRUE,100,-1
2Aj6xqdM9yGapRYF,SSC / TK,public,China,44,48,1786063180121,1786073666909,2026-08-07T00:39:40Z,2026-08-07T03:34:26Z,https://classic.warcraftlogs.com/reports/2Aj6xqdM9yGapRYF,1056,10,10,-1,TRUE,100,-1
GctMCAD2PXjhb7La,SSC / TK,public,China,1,9,1786060537542,1786073386357,2026-08-06T23:55:37Z,2026-08-07T03:29:46Z,https://classic.warcraftlogs.com/reports/GctMCAD2PXjhb7La,1056,10,10,-1,TRUE,100,-1
J7xhqR9mWc64NnYp,SSC / TK,public,United States,49,63,1786059728387,1786073616377,2026-08-06T23:42:08Z,2026-08-07T03:33:36Z,https://classic.warcraftlogs.com/reports/J7xhqR9mWc64NnYp,1056,10,10,-1,TRUE,100,-1
B7PbzRWCk9n1KQHf,SSC / TK,public,United States,1,58,1786061029607,1786073599863,2026-08-07T00:03:49Z,2026-08-07T03:33:19Z,https://classic.warcraftlogs.com/reports/B7PbzRWCk9n1KQHf,1056,10,10,-1,TRUE,100,-1
cZ9dx7trRJgzhFmn,Exile SSC 8/6,public,United States,27,39,1786062816318,1786073633754,2026-08-07T00:33:36Z,2026-08-07T03:33:53Z,https://classic.warcraftlogs.com/reports/cZ9dx7trRJgzhFmn,1056,10,10,-1,TRUE,100,-1
gJyM8BaXwmcVAxPh,SSC/TK,public,United States,1,56,1786062743157,1786072629855,2026-08-07T00:32:23Z,2026-08-07T03:17:09Z,https://classic.warcraftlogs.com/reports/gJyM8BaXwmcVAxPh,1056,10,10,-1,TRUE,100,-1
Kr7Qq1483YzjkvfV,ssc 8.6,public,United States,30,30,1786065502291,1786073634140,2026-08-07T01:18:22Z,2026-08-07T03:33:54Z,https://classic.warcraftlogs.com/reports/Kr7Qq1483YzjkvfV,1056,10,10,-1,TRUE,100,-1
P6V8vWYGn7LmgtfM,SSC / TK,public,United States,46,47,1786059777682,1786073646350,2026-08-06T23:42:57Z,2026-08-07T03:34:06Z,https://classic.warcraftlogs.com/reports/P6V8vWYGn7LmgtfM,1056,10,10,-1,TRUE,100,-1
L6QvyB1xwmzjpdrY,SSC / TK,public,United States,1,28,1786066732451,1786073556490,2026-08-07T01:38:52Z,2026-08-07T03:32:36Z,https://classic.warcraftlogs.com/reports/L6QvyB1xwmzjpdrY,1056,10,10,-1,TRUE,100,-1
tmzgvCxcTXQwR213,SWMG SSC/TK - 8/6,public,United States,48,56,1786064257056,1786073604898,2026-08-07T00:57:37Z,2026-08-07T03:33:24Z,https://classic.warcraftlogs.com/reports/tmzgvCxcTXQwR213,1056,10,10,-1,TRUE,100,-1
Y7nqPG3XmBD4V9Hx,SSC / TK,public,United States,1,36,1786063333467,1786073503609,2026-08-07T00:42:13Z,2026-08-07T03:31:43Z,https://classic.warcraftlogs.com/reports/Y7nqPG3XmBD4V9Hx,1056,10,10,-1,TRUE,100,-1
4NLa6ApvFVGdByck,SSC / TK,public,United States,35,44,1786066190378,1786073589014,2026-08-07T01:29:50Z,2026-08-07T03:33:09Z,https://classic.warcraftlogs.com/reports/4NLa6ApvFVGdByck,1056,10,10,-1,TRUE,100,-1
vr9M8Fc4hnGwgzjV,please save us lebron james please if you're listening save us,public,United States,79,86,1786061305393,1786073590001,2026-08-07T00:08:25Z,2026-08-07T03:33:10Z,https://classic.warcraftlogs.com/reports/vr9M8Fc4hnGwgzjV,1056,10,10,-1,TRUE,100,-1
yxVGjcw6zkHT3nd8,SSC / TK,public,United States,3,61,1786061104464,1786073589156,2026-08-07T00:05:04Z,2026-08-07T03:33:09Z,https://classic.warcraftlogs.com/reports/yxVGjcw6zkHT3nd8,1056,10,10,-1,TRUE,100,-1
yjFCML97v3bGwzTR,SSC / TK,public,United States,28,33,1786068479571,1786073572948,2026-08-07T02:07:59Z,2026-08-07T03:32:52Z,https://classic.warcraftlogs.com/reports/yjFCML97v3bGwzTR,1056,10,10,-1,TRUE,100,-1
fg3NXHMDba1qLQJ2,SSC / TK,public,Korea,56,64,1786063183144,1786073529458,2026-08-07T00:39:43Z,2026-08-07T03:32:09Z,https://classic.warcraftlogs.com/reports/fg3NXHMDba1qLQJ2,1056,10,10,-1,TRUE,100,-1
LYHNKtQFW68XRap9,SSC / TK,public,United States,48,70,1786061069791,1786073485167,2026-08-07T00:04:29Z,2026-08-07T03:31:25Z,https://classic.warcraftlogs.com/reports/LYHNKtQFW68XRap9,1056,10,10,-1,TRUE,100,-1
f129vjVkbXBJpWN8,SSC/TK,public,United States,69,75,1786062025992,1786073485406,2026-08-07T00:20:25Z,2026-08-07T03:31:25Z,https://classic.warcraftlogs.com/reports/f129vjVkbXBJpWN8,1056,10,10,-1,TRUE,100,-1
vmJNXFyHtABr1D6g,Red SSC,public,United States,1,14,1786064528358,1786073392197,2026-08-07T01:02:08Z,2026-08-07T03:29:52Z,https://classic.warcraftlogs.com/reports/vmJNXFyHtABr1D6g,1056,10,10,-1,TRUE,100,-1
akzgjYCnV7PND69K,SSC / TK,public,United States,54,67,1786061879694,1786073443371,2026-08-07T00:17:59Z,2026-08-07T03:30:43Z,https://classic.warcraftlogs.com/reports/akzgjYCnV7PND69K,1056,10,10,-1,TRUE,100,-1
fhBYLKb42myTDn68,SSC / TK,public,United States,6,28,1786067779886,1786073205202,2026-08-07T01:56:19Z,2026-08-07T03:26:45Z,https://classic.warcraftlogs.com/reports/fhBYLKb42myTDn68,1056,10,10,-1,TRUE,100,-1
wVq8d1nchWBg9jfK,TK + SSC,public,United States,67,75,1786060786964,1786073414825,2026-08-06T23:59:46Z,2026-08-07T03:30:14Z,https://classic.warcraftlogs.com/reports/wVq8d1nchWBg9jfK,1056,10,10,-1,TRUE,100,-1
HwfmcZh93xaKdXBr,SSC/TK,public,United States,66,73,1786060734890,1786073415448,2026-08-06T23:58:54Z,2026-08-07T03:30:15Z,https://classic.warcraftlogs.com/reports/HwfmcZh93xaKdXBr,1056,10,10,-1,TRUE,100,-1
HrzbN9wkg3nP2BAd,Infinity - Thursday Team - SSC/TK - No Vashj/KT,public,United States,1,8,1786063667534,1786070329435,2026-08-07T00:47:47Z,2026-08-07T02:38:49Z,https://classic.warcraftlogs.com/reports/HrzbN9wkg3nP2BAd,1056,10,10,-1,TRUE,100,-1
ZtPc8AFzhqKR2vDN,SSC / TK,public,United States,82,82,1786062710173,1786073384692,2026-08-07T00:31:50Z,2026-08-07T03:29:44Z,https://classic.warcraftlogs.com/reports/ZtPc8AFzhqKR2vDN,1056,10,10,-1,TRUE,100,-1
DcdzMktBqPCna876,THU SSC/TK,public,United States,74,81,1786061610968,1786073383833,2026-08-07T00:13:30Z,2026-08-07T03:29:43Z,https://classic.warcraftlogs.com/reports/DcdzMktBqPCna876,1056,10,10,-1,TRUE,100,-1
Fc6LzMvKnVx1N438,SSC you had me at zug,public,United States,47,49,1786064478600,1786073371868,2026-08-07T01:01:18Z,2026-08-07T03:29:31Z,https://classic.warcraftlogs.com/reports/Fc6LzMvKnVx1N438,1056,10,10,-1,TRUE,100,-1
BcXyxhgzZA8LfGqH,SSC / TK,public,United States,49,50,1786062911314,1786073372287,2026-08-07T00:35:11Z,2026-08-07T03:29:32Z,https://classic.warcraftlogs.com/reports/BcXyxhgzZA8LfGqH,1056,10,10,-1,TRUE,100,-1
QBZzD72NdPFb9Vcr,[Balls] TK - 8/6/26,public,United States,25,25,1786062506925,1786073369261,2026-08-07T00:28:26Z,2026-08-07T03:29:29Z,https://classic.warcraftlogs.com/reports/QBZzD72NdPFb9Vcr,1056,10,10,-1,TRUE,100,-1
D1Ww94YbrzTBgQXp,SSC / TK,public,United States,34,34,1786069148818,1786073365124,2026-08-07T02:19:08Z,2026-08-07T03:29:25Z,https://classic.warcraftlogs.com/reports/D1Ww94YbrzTBgQXp,1056,10,10,-1,TRUE,100,-1
7f8RDvjHm9XCk31W,080626 TK,public,United States,26,26,1786068699373,1786071566628,2026-08-07T02:11:39Z,2026-08-07T02:59:26Z,https://classic.warcraftlogs.com/reports/7f8RDvjHm9XCk31W,1056,10,10,-1,TRUE,100,-1
FKq97PytcLjZaDp8,8/6 SSC TK,public,United States,1,56,1786063961795,1786072967104,2026-08-07T00:52:41Z,2026-08-07T03:22:47Z,https://classic.warcraftlogs.com/reports/FKq97PytcLjZaDp8,1056,10,10,-1,TRUE,100,-1
K2C37LPk16n8d4N9,SSC,public,United States,7,36,1786064958490,1786071475657,2026-08-07T01:09:18Z,2026-08-07T02:57:55Z,https://classic.warcraftlogs.com/reports/K2C37LPk16n8d4N9,1056,10,10,-1,TRUE,100,-1
HCkQMLJKTAPhgfyp,SSC / TK,public,United States,57,74,1786059334400,1786073294641,2026-08-06T23:35:34Z,2026-08-07T03:28:14Z,https://classic.warcraftlogs.com/reports/HCkQMLJKTAPhgfyp,1056,10,10,-1,TRUE,100,-1
gcx946jHJM3trm1B,8/6/26 SSC/TK,public,United States,1,51,1786064097004,1786071994498,2026-08-07T00:54:57Z,2026-08-07T03:06:34Z,https://classic.warcraftlogs.com/reports/gcx946jHJM3trm1B,1056,10,10,-1,TRUE,100,-1
62Hf4pqVgxCDnYdN,SSC / TK,public,United States,1,33,1786064907898,1786073234886,2026-08-07T01:08:27Z,2026-08-07T03:27:14Z,https://classic.warcraftlogs.com/reports/62Hf4pqVgxCDnYdN,1056,10,10,-1,TRUE,100,-1
2AkGLc89CVrXqv4j,SSC / TK,public,United States,83,83,1786060589577,1786073284550,2026-08-06T23:56:29Z,2026-08-07T03:28:04Z,https://classic.warcraftlogs.com/reports/2AkGLc89CVrXqv4j,1056,10,10,-1,TRUE,100,-1
4zQZTJDhH8Mb71Cj,in new york i milly rock; suckin' on a cock,public,United States,64,64,1786064754750,1786073267205,2026-08-07T01:05:54Z,2026-08-07T03:27:47Z,https://classic.warcraftlogs.com/reports/4zQZTJDhH8Mb71Cj,1056,10,10,-1,TRUE,100,-1
vmfkLqR9DCQtJxpg,Moarbid's Neighbor's Basement Gas Leak,public,United States,54,85,1786060690841,1786073265511,2026-08-06T23:58:10Z,2026-08-07T03:27:45Z,https://classic.warcraftlogs.com/reports/vmfkLqR9DCQtJxpg,1056,10,10,-1,TRUE,100,-1
N68kxtXdDQLj1rPf,8/6 Vashj + TK,public,United States,41,52,1786061221874,1786073261383,2026-08-07T00:07:01Z,2026-08-07T03:27:41Z,https://classic.warcraftlogs.com/reports/N68kxtXdDQLj1rPf,1056,10,10,-1,TRUE,100,-1
jFa3ZMQ71dwVqhfL,SSC / TK,public,United States,53,53,1786057193159,1786073261439,2026-08-06T22:59:53Z,2026-08-07T03:27:41Z,https://classic.warcraftlogs.com/reports/jFa3ZMQ71dwVqhfL,1056,10,10,-1,TRUE,100,-1
4BC3JwhacZzYTRHb,TK & Magth - still no mount :( ,public,United States,1,35,1786063958613,1786072506415,2026-08-07T00:52:38Z,2026-08-07T03:15:06Z,https://classic.warcraftlogs.com/reports/4BC3JwhacZzYTRHb,1056,10,10,-1,TRUE,100,-1
QAFjRDhmJ9CabBNy,SSC / TK,public,United States,1,41,1786058359947,1786070283769,2026-08-06T23:19:19Z,2026-08-07T02:38:03Z,https://classic.warcraftlogs.com/reports/QAFjRDhmJ9CabBNy,1056,10,10,-1,TRUE,100,-1
nP9f4vXF1tqcKCQb,TK,public,United States,1,4,1786062963271,1786073153146,2026-08-07T00:36:03Z,2026-08-07T03:25:53Z,https://classic.warcraftlogs.com/reports/nP9f4vXF1tqcKCQb,1056,10,10,-1,TRUE,100,-1
KLrVbHxwQav4zPXk,SSC / TK,public,United States,1,61,1786061680605,1786073093934,2026-08-07T00:14:40Z,2026-08-07T03:24:53Z,https://classic.warcraftlogs.com/reports/KLrVbHxwQav4zPXk,1056,10,10,-1,TRUE,100,-1
tBAGhLJNX871wKnk,SSC WEEK 13,public,United States,1,41,1786063367357,1786072818371,2026-08-07T00:42:47Z,2026-08-07T03:20:18Z,https://classic.warcraftlogs.com/reports/tBAGhLJNX871wKnk,1056,10,10,-1,TRUE,100,-1
xyHnjDTz7fVZYv2r,SSC / TK,public,United States,13,58,1786064784421,1786073134967,2026-08-07T01:06:24Z,2026-08-07T03:25:34Z,https://classic.warcraftlogs.com/reports/xyHnjDTz7fVZYv2r,1056,10,10,-1,TRUE,100,-1
djMJcX2pbtf9azCA,Split 2 SSC/TK,public,United States,44,68,1786064201083,1786073172930,2026-08-07T00:56:41Z,2026-08-07T03:26:12Z,https://classic.warcraftlogs.com/reports/djMJcX2pbtf9azCA,1056,10,10,-1,TRUE,100,-1
B3LDHRmtV7QX9qr1,P2W13 Thur PM,public,United States,82,130,1786062485724,1786073176308,2026-08-07T00:28:05Z,2026-08-07T03:26:16Z,https://classic.warcraftlogs.com/reports/B3LDHRmtV7QX9qr1,1056,10,10,-1,TRUE,100,-1
Tq34kY6JwCFZyWcL,SSC / TK,public,United States,1,33,1786064820399,1786073013736,2026-08-07T01:07:00Z,2026-08-07T03:23:33Z,https://classic.warcraftlogs.com/reports/Tq34kY6JwCFZyWcL,1056,10,10,-1,TRUE,100,-1
2t9FRvcgKP3Ykzb6,tk was good ssc was not,public,United States,1,50,1786063859313,1786071794158,2026-08-07T00:50:59Z,2026-08-07T03:03:14Z,https://classic.warcraftlogs.com/reports/2t9FRvcgKP3Ykzb6,1056,10,10,-1,TRUE,100,-1
bAQLhvtrBzkKpqgM,SSC / TK,public,United States,1,31,1786067740032,1786072908792,2026-08-07T01:55:40Z,2026-08-07T03:21:48Z,https://classic.warcraftlogs.com/reports/bAQLhvtrBzkKpqgM,1056,10,10,-1,TRUE,100,-1
ntWKgTVA6Z8NfDJh,SSC,public,United States,1,39,1785974828666,1785988836099,2026-08-06T00:07:08Z,2026-08-06T04:00:36Z,https://classic.warcraftlogs.com/reports/ntWKgTVA6Z8NfDJh,1056,10,10,-1,TRUE,100,-1
T6a9kxRFhbW4w18D,SSC / TK,public,United States,131,155,1785889232315,1786073129692,2026-08-05T00:20:32Z,2026-08-07T03:25:29Z,https://classic.warcraftlogs.com/reports/T6a9kxRFhbW4w18D,1056,10,10,-1,TRUE,100,-1
zFNbqYKyPtAnGrHm,8.6 TK Split 2,public,United States,40,41,1786061910660,1786073127389,2026-08-07T00:18:30Z,2026-08-07T03:25:27Z,https://classic.warcraftlogs.com/reports/zFNbqYKyPtAnGrHm,1056,10,10,-1,TRUE,100,-1
CpQWZDAMVahFfR3y,TK - 2026-08-06,public,United States,34,34,1786068271155,1786073113223,2026-08-07T02:04:31Z,2026-08-07T03:25:13Z,https://classic.warcraftlogs.com/reports/CpQWZDAMVahFfR3y,1056,10,10,-1,TRUE,100,-1
jbVP34GWMqzXL7HY,SSC/TK Thursday 8/6,public,United States,1,63,1786062486457,1786072967634,2026-08-07T00:28:06Z,2026-08-07T03:22:47Z,https://classic.warcraftlogs.com/reports/jbVP34GWMqzXL7HY,1056,10,10,-1,TRUE,100,-1
rm4yqLRh8gxPAZvf,Lilmamacita w/ Big Body - 1st Raid SSC/TK,public,United States,68,71,1786062384173,1786073038330,2026-08-07T00:26:24Z,2026-08-07T03:23:58Z,https://classic.warcraftlogs.com/reports/rm4yqLRh8gxPAZvf,1056,10,10,-1,TRUE,100,-1
YJh6F94fMzPqxt7p,SSC / TK,public,United States,72,73,1786064880906,1786073005642,2026-08-07T01:08:00Z,2026-08-07T03:23:25Z,https://classic.warcraftlogs.com/reports/YJh6F94fMzPqxt7p,1056,10,10,-1,TRUE,100,-1
69gvt8zP7wyDZcdF,TK/SSC,public,United States,72,73,1786061272709,1786072995262,2026-08-07T00:07:52Z,2026-08-07T03:23:15Z,https://classic.warcraftlogs.com/reports/69gvt8zP7wyDZcdF,1056,10,10,-1,TRUE,100,-1
q13NR2nMQCBfKvTw,SSC,public,United States,26,30,1786067595293,1786072990545,2026-08-07T01:53:15Z,2026-08-07T03:23:10Z,https://classic.warcraftlogs.com/reports/q13NR2nMQCBfKvTw,1056,10,10,-1,TRUE,100,-1
wQWgLVHpbKyFJBkN,August 6 SSC,public,United States,29,32,1786067812727,1786072990351,2026-08-07T01:56:52Z,2026-08-07T03:23:10Z,https://classic.warcraftlogs.com/reports/wQWgLVHpbKyFJBkN,1056,10,10,-1,TRUE,100,-1
9HcFKAvNrCfgBDLQ,CAOS DE RAID ,public,United States,1,21,1786065475156,1786070449683,2026-08-07T01:17:55Z,2026-08-07T02:40:49Z,https://classic.warcraftlogs.com/reports/9HcFKAvNrCfgBDLQ,1056,10,10,-1,TRUE,100,-1
xRp6kwX72A4GWKNg,SSC / TK,public,United States,60,63,1786063927106,1786072970931,2026-08-07T00:52:07Z,2026-08-07T03:22:50Z,https://classic.warcraftlogs.com/reports/xRp6kwX72A4GWKNg,1056,10,10,-1,TRUE,100,-1
31ZAh7nXBjkNVM68,s,public,United States,12,16,1786069099621,1786072652475,2026-08-07T02:18:19Z,2026-08-07T03:17:32Z,https://classic.warcraftlogs.com/reports/31ZAh7nXBjkNVM68,1056,10,10,-1,TRUE,100,-1
bXr9qntQxRjVKPhZ,DADS Lunchables SSC 8/6,public,United States,29,29,1786066537157,1786072963770,2026-08-07T01:35:37Z,2026-08-07T03:22:43Z,https://classic.warcraftlogs.com/reports/bXr9qntQxRjVKPhZ,1056,10,10,-1,TRUE,100,-1
DgCrWKG64fkHt27M,SSC / TK,public,United States,59,64,1786062842733,1786072964303,2026-08-07T00:34:02Z,2026-08-07T03:22:44Z,https://classic.warcraftlogs.com/reports/DgCrWKG64fkHt27M,1056,10,10,-1,TRUE,100,-1
7AXCm3Bp2Rt1rVPN,SSC / TK,public,United States,50,58,1786059582859,1786072961582,2026-08-06T23:39:42Z,2026-08-07T03:22:41Z,https://classic.warcraftlogs.com/reports/7AXCm3Bp2Rt1rVPN,1056,11,11,-1,TRUE,100,-1
z7Nh2yYDnaM1XQdV,Thursday SSC/TK,public,United States,59,59,1786060329185,1786072962265,2026-08-06T23:52:09Z,2026-08-07T03:22:42Z,https://classic.warcraftlogs.com/reports/z7Nh2yYDnaM1XQdV,1056,11,11,-1,TRUE,100,-1
qjdc1nNbzZAfHX36,42069 Scrolls,public,United States,18,18,1786063294264,1786072954053,2026-08-07T00:41:34Z,2026-08-07T03:22:34Z,https://classic.warcraftlogs.com/reports/qjdc1nNbzZAfHX36,1056,11,11,-1,TRUE,100,-1
PK3GLQXHtCMgmdhy,SSC / TK,public,United States,58,60,1786064137050,1786072941009,2026-08-07T00:55:37Z,2026-08-07T03:22:21Z,https://classic.warcraftlogs.com/reports/PK3GLQXHtCMgmdhy,1056,11,11,-1,TRUE,100,-1
qxwRyYLWKDtck7BX,SSC / TK,public,United States,69,74,1786064429033,1786072933105,2026-08-07T01:00:29Z,2026-08-07T03:22:13Z,https://classic.warcraftlogs.com/reports/qxwRyYLWKDtck7BX,1056,11,11,-1,TRUE,100,-1
tvFMhnZk7BmrWgab,SSC / TK,public,United States,15,17,1786070150592,1786072931598,2026-08-07T02:35:50Z,2026-08-07T03:22:11Z,https://classic.warcraftlogs.com/reports/tvFMhnZk7BmrWgab,1056,11,11,-1,TRUE,100,-1
F1MGd7k4gpjYNKXa,SSC 8/6/26,public,United States,29,33,1786067968763,1786072919329,2026-08-07T01:59:28Z,2026-08-07T03:21:59Z,https://classic.warcraftlogs.com/reports/F1MGd7k4gpjYNKXa,1056,11,11,-1,TRUE,100,-1
QPZYaLqym7nGJWVf,ya,public,United States,1,31,1786066213437,1786072523769,2026-08-07T01:30:13Z,2026-08-07T03:15:23Z,https://classic.warcraftlogs.com/reports/QPZYaLqym7nGJWVf,1056,11,11,-1,TRUE,100,-1
DfX72LhF4ZWmvrRn,TK/SSC,public,United States,1,22,1786061394761,1786072861145,2026-08-07T00:09:54Z,2026-08-07T03:21:01Z,https://classic.warcraftlogs.com/reports/DfX72LhF4ZWmvrRn,1056,11,11,-1,TRUE,100,-1
YbwVP9MGXvmgafNt,TK w/friends,public,United States,47,47,1786063077082,1786072849755,2026-08-07T00:37:57Z,2026-08-07T03:20:49Z,https://classic.warcraftlogs.com/reports/YbwVP9MGXvmgafNt,1056,11,11,-1,TRUE,100,-1
6BchVqmxFwtHgDkb,tk-lock,public,United States,50,55,1786061492455,1786072848106,2026-08-07T00:11:32Z,2026-08-07T03:20:48Z,https://classic.warcraftlogs.com/reports/6BchVqmxFwtHgDkb,1056,11,11,-1,TRUE,100,-1
Z8wxnNr9GJWYbLdA,SSC / TK,public,United States,1,28,1786064656772,1786069853331,2026-08-07T01:04:16Z,2026-08-07T02:30:53Z,https://classic.warcraftlogs.com/reports/Z8wxnNr9GJWYbLdA,1056,11,11,-1,TRUE,100,-1
wdjaQtRMpcJNDvq1,SSC / TK,public,United States,72,74,1786059991610,1786072838564,2026-08-06T23:46:31Z,2026-08-07T03:20:38Z,https://classic.warcraftlogs.com/reports/wdjaQtRMpcJNDvq1,1056,11,11,-1,TRUE,100,-1
BdfXGYDAVp1F9Ck4,SSC TK 8 / 6 ,public,United States,73,74,1786063002992,1786072821846,2026-08-07T00:36:42Z,2026-08-07T03:20:21Z,https://classic.warcraftlogs.com/reports/BdfXGYDAVp1F9Ck4,1056,11,11,-1,TRUE,100,-1
ChybFmptj2cGM4ZJ,SSC / TK,public,United States,45,52,1786063320736,1786072815480,2026-08-07T00:42:00Z,2026-08-07T03:20:15Z,https://classic.warcraftlogs.com/reports/ChybFmptj2cGM4ZJ,1056,11,11,-1,TRUE,100,-1
fNa79jRzYZ2nB6qW,SSC / TK,public,China,53,61,1786060490166,1786072812085,2026-08-06T23:54:50Z,2026-08-07T03:20:12Z,https://classic.warcraftlogs.com/reports/fNa79jRzYZ2nB6qW,1056,11,11,-1,TRUE,100,-1
V9TBdbGmzWQ73kjZ,Poundtown - SSC/TK,public,United States,90,90,1786058904567,1786072809076,2026-08-06T23:28:24Z,2026-08-07T03:20:09Z,https://classic.warcraftlogs.com/reports/V9TBdbGmzWQ73kjZ,1056,11,11,-1,TRUE,100,-1
aGB3tFyp2mWV7djL,SSC / TK,public,United States,85,90,1786058373530,1786072808703,2026-08-06T23:19:33Z,2026-08-07T03:20:08Z,https://classic.warcraftlogs.com/reports/aGB3tFyp2mWV7djL,1056,11,11,-1,TRUE,100,-1
XHvBM6Yym9gfzaF7,Poundtown SSC/TK,public,United States,63,87,1786058095569,1786072807753,2026-08-06T23:14:55Z,2026-08-07T03:20:07Z,https://classic.warcraftlogs.com/reports/XHvBM6Yym9gfzaF7,1056,11,11,-1,TRUE,100,-1
76ZdtmgYjMKDGwbC,Captain 'Gnac Sparrow,public,United States,69,74,1786062136825,1786072804601,2026-08-07T00:22:16Z,2026-08-07T03:20:04Z,https://classic.warcraftlogs.com/reports/76ZdtmgYjMKDGwbC,1056,11,11,-1,TRUE,100,-1
CyT36ptHaB7MVLAm,SSC TK Week 12,public,United States,83,84,1786061162713,1786072789720,2026-08-07T00:06:02Z,2026-08-07T03:19:49Z,https://classic.warcraftlogs.com/reports/CyT36ptHaB7MVLAm,1056,11,11,-1,TRUE,100,-1
Vk89j7LFGnJBQaKt,TIF25 Week Whatevertheshit SSC/TK,public,United States,81,80,1786060820532,1786072790677,2026-08-07T00:00:20Z,2026-08-07T03:19:50Z,https://classic.warcraftlogs.com/reports/Vk89j7LFGnJBQaKt,1056,11,11,-1,TRUE,100,-1
tyPcBXkjYMwTmVRD,SSC / TK,public,United States,13,14,1786064571180,1786072784953,2026-08-07T01:02:51Z,2026-08-07T03:19:44Z,https://classic.warcraftlogs.com/reports/tyPcBXkjYMwTmVRD,1056,11,11,-1,TRUE,100,-1
Tna6Cv9ZHfFAX8z2,SSC / TK,public,United States,1,17,1786066153430,1786072465041,2026-08-07T01:29:13Z,2026-08-07T03:14:25Z,https://classic.warcraftlogs.com/reports/Tna6Cv9ZHfFAX8z2,1056,11,11,-1,TRUE,100,-1
4n6atxPg7zfqpHMr,SSC / TK,public,United States,43,44,1786063234236,1786072777902,2026-08-07T00:40:34Z,2026-08-07T03:19:37Z,https://classic.warcraftlogs.com/reports/4n6atxPg7zfqpHMr,1056,11,11,-1,TRUE,100,-1
JPV7wd4hg3M9KF2B,SSC / TK,public,United States,1,39,1786064638979,1786072265588,2026-08-07T01:03:58Z,2026-08-07T03:11:05Z,https://classic.warcraftlogs.com/reports/JPV7wd4hg3M9KF2B,1056,11,11,-1,TRUE,100,-1
hg4qa71vPYAfw3kR,SSC / TK,public,United States,1,72,1786052920338,1786072052324,2026-08-06T21:48:40Z,2026-08-07T03:07:32Z,https://classic.warcraftlogs.com/reports/hg4qa71vPYAfw3kR,1056,11,11,-1,TRUE,100,-1
B9ayjrRcfWx1wdDQ,SSC / TK,public,United States,37,42,1786066485489,1786072750936,2026-08-07T01:34:45Z,2026-08-07T03:19:10Z,https://classic.warcraftlogs.com/reports/B9ayjrRcfWx1wdDQ,1056,11,11,-1,TRUE,100,-1
hqb6dpwr84Xy2fxD,SSC / TK,public,United States,81,84,1786056570076,1786072749453,2026-08-06T22:49:30Z,2026-08-07T03:19:09Z,https://classic.warcraftlogs.com/reports/hqb6dpwr84Xy2fxD,1056,11,11,-1,TRUE,100,-1
7DBjPYAtrgdK2f8R,SSC / TK,public,United States,1,25,1786065938682,1786072518445,2026-08-07T01:25:38Z,2026-08-07T03:15:18Z,https://classic.warcraftlogs.com/reports/7DBjPYAtrgdK2f8R,1056,11,11,-1,TRUE,100,-1
qzf9WwGv3FtcYmhN,TK 8/6,public,United States,26,35,1786065964255,1786072730321,2026-08-07T01:26:04Z,2026-08-07T03:18:50Z,https://classic.warcraftlogs.com/reports/qzf9WwGv3FtcYmhN,1056,11,11,-1,TRUE,100,-1
zXQJHCLt9gvZarA4,SSC & TK,public,United States,52,77,1786059497414,1786072715192,2026-08-06T23:38:17Z,2026-08-07T03:18:35Z,https://classic.warcraftlogs.com/reports/zXQJHCLt9gvZarA4,1056,11,11,-1,TRUE,100,-1
Thk4CHYtWXLf1amZ,SSC / TK,public,United States,50,77,1786060269994,1786072716458,2026-08-06T23:51:09Z,2026-08-07T03:18:36Z,https://classic.warcraftlogs.com/reports/Thk4CHYtWXLf1amZ,1056,11,11,-1,TRUE,100,-1
Mxv4tKT2qPhAD8N1,TK,public,United States,18,31,1786064885994,1786072714559,2026-08-07T01:08:05Z,2026-08-07T03:18:34Z,https://classic.warcraftlogs.com/reports/Mxv4tKT2qPhAD8N1,1056,11,11,-1,TRUE,100,-1
JLGAxmg4B3p1TRHt,SSC / TK,public,United States,32,34,1786066128838,1786072713214,2026-08-07T01:28:48Z,2026-08-07T03:18:33Z,https://classic.warcraftlogs.com/reports/JLGAxmg4B3p1TRHt,1056,11,11,-1,TRUE,100,-1
WJXp1gxq8492hPK3,SSC / TK,public,United States,45,48,1786064426858,1786072705222,2026-08-07T01:00:26Z,2026-08-07T03:18:25Z,https://classic.warcraftlogs.com/reports/WJXp1gxq8492hPK3,1056,11,11,-1,TRUE,100,-1
x7VRjqYkhHp8dr9z,Crimson - TK,public,United States,43,42,1786066020984,1786072647696,2026-08-07T01:27:00Z,2026-08-07T03:17:27Z,https://classic.warcraftlogs.com/reports/x7VRjqYkhHp8dr9z,1056,11,11,-1,TRUE,100,-1
jDWJ6R9VnTFyHLAt,Lunar's Gooners 8/6 TK,public,United States,31,35,1786067711458,1786072694142,2026-08-07T01:55:11Z,2026-08-07T03:18:14Z,https://classic.warcraftlogs.com/reports/jDWJ6R9VnTFyHLAt,1056,11,11,-1,TRUE,100,-1
4q3LhJNbdYytwjPH,SSC / TK,public,United States,1,58,1785894739016,1785909317603,2026-08-05T01:52:19Z,2026-08-05T05:55:17Z,https://classic.warcraftlogs.com/reports/4q3LhJNbdYytwjPH,1056,11,11,-1,TRUE,100,-1
2XhnrK17CMdpWHgc,TK 8/6,public,United States,48,48,1786065521454,1786072690415,2026-08-07T01:18:41Z,2026-08-07T03:18:10Z,https://classic.warcraftlogs.com/reports/2XhnrK17CMdpWHgc,1056,11,11,-1,TRUE,100,-1
m8TR21JzGHhjPAyL,SSC / TK,public,United States,11,11,1786064039777,1786072675977,2026-08-07T00:53:59Z,2026-08-07T03:17:55Z,https://classic.warcraftlogs.com/reports/m8TR21JzGHhjPAyL,1056,11,11,-1,TRUE,100,-1
fCa16Gy2j8RQz3c7,8/6/26 TK,public,United States,32,32,1786068171336,1786072674206,2026-08-07T02:02:51Z,2026-08-07T03:17:54Z,https://classic.warcraftlogs.com/reports/fCa16Gy2j8RQz3c7,1056,11,11,-1,TRUE,100,-1
QRYbJdVmCN4z9BHZ,SSC / TK,public,United States,22,24,1786067715964,1786072659461,2026-08-07T01:55:15Z,2026-08-07T03:17:39Z,https://classic.warcraftlogs.com/reports/QRYbJdVmCN4z9BHZ,1056,11,11,-1,TRUE,100,-1
XpWBThHP79Fdwk6Y,<LE> SSC + TK 8.6.26,public,United States,63,69,1786061521682,1786072641451,2026-08-07T00:12:01Z,2026-08-07T03:17:21Z,https://classic.warcraftlogs.com/reports/XpWBThHP79Fdwk6Y,1056,11,11,-1,TRUE,100,-1
w2CtmAbgn9RKcPpL,Raid 8/6,public,United States,21,49,1786065967437,1786072611468,2026-08-07T01:26:07Z,2026-08-07T03:16:51Z,https://classic.warcraftlogs.com/reports/w2CtmAbgn9RKcPpL,1056,11,11,-1,TRUE,100,-1
hxT3L9Hqt8cFKb2m,Thursday SSC/TK,public,United States,30,51,1786065957129,1786072617025,2026-08-07T01:25:57Z,2026-08-07T03:16:57Z,https://classic.warcraftlogs.com/reports/hxT3L9Hqt8cFKb2m,1056,11,11,-1,TRUE,100,-1
CKdqGcBxnmvJ43wM,Split 1 Week 13 SSC / TK,public,United States,93,93,1786059400557,1786072615283,2026-08-06T23:36:40Z,2026-08-07T03:16:55Z,https://classic.warcraftlogs.com/reports/CKdqGcBxnmvJ43wM,1056,11,11,-1,TRUE,100,-1
Hz3YwV7JLdZhtKPb,Core II (TK),public,United States,34,34,1786068822000,1786072605737,2026-08-07T02:13:42Z,2026-08-07T03:16:45Z,https://classic.warcraftlogs.com/reports/Hz3YwV7JLdZhtKPb,1056,11,11,-1,TRUE,100,-1
2F1ZWaqN6RH8nbKr,TK 6 Aug 2026,public,United States,15,37,1786064070893,1786072598550,2026-08-07T00:54:30Z,2026-08-07T03:16:38Z,https://classic.warcraftlogs.com/reports/2F1ZWaqN6RH8nbKr,1056,11,11,-1,TRUE,100,-1
xBtdQTfr79LhJHjq,SSC / TK,public,United States,76,84,1785806039473,1786072497176,2026-08-04T01:13:59Z,2026-08-07T03:14:57Z,https://classic.warcraftlogs.com/reports/xBtdQTfr79LhJHjq,1056,11,11,-1,TRUE,100,-1
7CXHMDnWFRb8rVjG,8/6 TK boom,public,United States,20,25,1786067055722,1786072529298,2026-08-07T01:44:15Z,2026-08-07T03:15:29Z,https://classic.warcraftlogs.com/reports/7CXHMDnWFRb8rVjG,1056,11,11,-1,TRUE,100,-1
dYyGXzmrcbKQtkBW,SSC / TK,public,United States,36,35,1786064897300,1786072527431,2026-08-07T01:08:17Z,2026-08-07T03:15:27Z,https://classic.warcraftlogs.com/reports/dYyGXzmrcbKQtkBW,1056,11,11,-1,TRUE,100,-1
19gjq8YF3PVZzCDw,SSC / TK,public,United States,76,77,1786061896100,1786072526252,2026-08-07T00:18:16Z,2026-08-07T03:15:26Z,https://classic.warcraftlogs.com/reports/19gjq8YF3PVZzCDw,1056,11,11,-1,TRUE,100,-1
KzDkwThfLYdc869m,SSC / TK,public,United States,31,36,1786066088122,1786072527257,2026-08-07T01:28:08Z,2026-08-07T03:15:27Z,https://classic.warcraftlogs.com/reports/KzDkwThfLYdc869m,1056,11,11,-1,TRUE,100,-1
bqQGWkPTJDt3pK7a,8/6 Red SSC/TK- Belt of 100 Dongs Recovery Mission ,public,United States,81,88,1786062783970,1786072523857,2026-08-07T00:33:03Z,2026-08-07T03:15:23Z,https://classic.warcraftlogs.com/reports/bqQGWkPTJDt3pK7a,1056,11,11,-1,TRUE,100,-1
fr7NMwv9YQ4x1hHq,SSC / TK,public,United States,1,35,1786061209397,1786067939276,2026-08-07T00:06:49Z,2026-08-07T01:58:59Z,https://classic.warcraftlogs.com/reports/fr7NMwv9YQ4x1hHq,1056,11,11,-1,TRUE,100,-1
vybtkJ9wWfMH6BPg,SSC / TK,public,United States,1,47,1786063307996,1786072340483,2026-08-07T00:41:47Z,2026-08-07T03:12:20Z,https://classic.warcraftlogs.com/reports/vybtkJ9wWfMH6BPg,1056,11,11,-1,TRUE,100,-1
hckqFTMxyjt1KGbP,SSC / TK,public,United States,33,42,1786063491030,1786072512007,2026-08-07T00:44:51Z,2026-08-07T03:15:12Z,https://classic.warcraftlogs.com/reports/hckqFTMxyjt1KGbP,1056,11,11,-1,TRUE,100,-1
D8VNPTXqyRxLfHhd,TK ONE NIGHT CLEAR BBY,public,United States,28,36,1786064356450,1786072507095,2026-08-07T00:59:16Z,2026-08-07T03:15:07Z,https://classic.warcraftlogs.com/reports/D8VNPTXqyRxLfHhd,1056,11,11,-1,TRUE,100,-1
vjz9WDn83ZLwKgAT,SSC / TK,public,China,1,5,1786015116426,1786025445374,2026-08-06T11:18:36Z,2026-08-06T14:10:45Z,https://classic.warcraftlogs.com/reports/vjz9WDn83ZLwKgAT,1056,11,11,-1,TRUE,100,-1
kMbt6gDxaH3jGpmw,8/6 SSC Split 2,public,United States,45,45,1786066116071,1786072478408,2026-08-07T01:28:36Z,2026-08-07T03:14:38Z,https://classic.warcraftlogs.com/reports/kMbt6gDxaH3jGpmw,1056,11,11,-1,TRUE,100,-1
4AhKzNmbLQCrgxq9,SSC / TK,public,United States,1,60,1786060799973,1786072408910,2026-08-06T23:59:59Z,2026-08-07T03:13:28Z,https://classic.warcraftlogs.com/reports/4AhKzNmbLQCrgxq9,1056,11,11,-1,TRUE,100,-1
RxQcVmgNWAztqapZ,SSC / TK,public,United States,31,32,1786066630387,1786072450421,2026-08-07T01:37:10Z,2026-08-07T03:14:10Z,https://classic.warcraftlogs.com/reports/RxQcVmgNWAztqapZ,1056,11,11,-1,TRUE,100,-1
rm8YA1D4bdBhGLV6,SSC / TK,public,United States,43,43,1786066153430,1786072450103,2026-08-07T01:29:13Z,2026-08-07T03:14:10Z,https://classic.warcraftlogs.com/reports/rm8YA1D4bdBhGLV6,1056,11,11,-1,TRUE,100,-1
3m1NTvYQqy7VJBMj,tksimp86,public,United States,46,46,1786063579491,1786072445119,2026-08-07T00:46:19Z,2026-08-07T03:14:05Z,https://classic.warcraftlogs.com/reports/3m1NTvYQqy7VJBMj,1056,11,11,-1,TRUE,100,-1
n8X6NqtL2KQvRk3Z,SSC/TK 8/6/2026,public,United States,73,75,1786059238262,1786072415884,2026-08-06T23:33:58Z,2026-08-07T03:13:35Z,https://classic.warcraftlogs.com/reports/n8X6NqtL2KQvRk3Z,1056,11,11,-1,TRUE,100,-1
nCaQR3q4NyVzJTpD,2026-08-06-ssc-enclave,public,United States,33,41,1786064271381,1786072404257,2026-08-07T00:57:51Z,2026-08-07T03:13:24Z,https://classic.warcraftlogs.com/reports/nCaQR3q4NyVzJTpD,1056,11,11,-1,TRUE,100,-1
w7NDAtT8Cj6WZk3d,SSC/TK 8/6,public,United States,69,73,1786059636801,1786072397841,2026-08-06T23:40:36Z,2026-08-07T03:13:17Z,https://classic.warcraftlogs.com/reports/w7NDAtT8Cj6WZk3d,1056,11,11,-1,TRUE,100,-1
VG7jPL2Cvtb6xRfN,Locked in SSC,public,United States,29,33,1786060975583,1786072361520,2026-08-07T00:02:55Z,2026-08-07T03:12:41Z,https://classic.warcraftlogs.com/reports/VG7jPL2Cvtb6xRfN,1056,11,11,-1,TRUE,100,-1
VjFxLMa79CgXfbtK,SSC / TK,public,United States,41,41,1786062462900,1786072383267,2026-08-07T00:27:42Z,2026-08-07T03:13:03Z,https://classic.warcraftlogs.com/reports/VjFxLMa79CgXfbtK,1056,11,11,-1,TRUE,100,-1
Yqjg4RGQXPh3KFA9,SSC / TK,public,United States,37,42,1786062610470,1786072354297,2026-08-07T00:30:10Z,2026-08-07T03:12:34Z,https://classic.warcraftlogs.com/reports/Yqjg4RGQXPh3KFA9,1056,11,11,-1,TRUE,100,-1
gnkJZtBy98pF2LHR,"SSC - Thursday Aug 6, 2026",public,United States,53,55,1786065317514,1786072314957,2026-08-07T01:15:17Z,2026-08-07T03:11:54Z,https://classic.warcraftlogs.com/reports/gnkJZtBy98pF2LHR,1056,11,11,-1,TRUE,100,-1
aK4FcHr8PyYqJMCB,SSC / TK,public,United States,40,54,1786063307996,1786072314914,2026-08-07T00:41:47Z,2026-08-07T03:11:54Z,https://classic.warcraftlogs.com/reports/aK4FcHr8PyYqJMCB,1056,11,11,-1,TRUE,100,-1
khaNjDPmYRfQdAx9,8/6 SSC,public,United States,53,55,1786064781469,1786072314688,2026-08-07T01:06:21Z,2026-08-07T03:11:54Z,https://classic.warcraftlogs.com/reports/khaNjDPmYRfQdAx9,1056,11,11,-1,TRUE,100,-1
RmYGNwzy7c96jAWH,SSC / TK,public,United States,33,37,1786064682546,1786072301511,2026-08-07T01:04:42Z,2026-08-07T03:11:41Z,https://classic.warcraftlogs.com/reports/RmYGNwzy7c96jAWH,1056,11,11,-1,TRUE,100,-1
pMFVxBkwGAbjtWg6,alexander hamilton,public,United States,71,71,1786063601487,1786072288894,2026-08-07T00:46:41Z,2026-08-07T03:11:28Z,https://classic.warcraftlogs.com/reports/pMFVxBkwGAbjtWg6,1056,11,11,-1,TRUE,100,-1
n7Y2rZRg1hAH9dFb,SSC / TK,public,United States,26,26,1786067210544,1786072273587,2026-08-07T01:46:50Z,2026-08-07T03:11:13Z,https://classic.warcraftlogs.com/reports/n7Y2rZRg1hAH9dFb,1056,11,11,-1,TRUE,100,-1
4CTtHjpYfPdXmN6v,SSC / TK,public,United States,25,39,1786064312412,1786072273929,2026-08-07T00:58:32Z,2026-08-07T03:11:13Z,https://classic.warcraftlogs.com/reports/4CTtHjpYfPdXmN6v,1056,11,11,-1,TRUE,100,-1
ahXCADzxjcBW1VTw,tk,public,United States,26,30,1786066271906,1786072273260,2026-08-07T01:31:11Z,2026-08-07T03:11:13Z,https://classic.warcraftlogs.com/reports/ahXCADzxjcBW1VTw,1056,11,11,-1,TRUE,100,-1
PDamcR163BhtkvNH,Witness TK 8.6.26,public,United States,40,40,1786064263552,1786072274037,2026-08-07T00:57:43Z,2026-08-07T03:11:14Z,https://classic.warcraftlogs.com/reports/PDamcR163BhtkvNH,1056,11,11,-1,TRUE,100,-1
tTVCxgq7GJ8rcWXB,8/6 TK ,public,United States,1,40,1786063980583,1786071962601,2026-08-07T00:53:00Z,2026-08-07T03:06:02Z,https://classic.warcraftlogs.com/reports/tTVCxgq7GJ8rcWXB,1056,11,11,-1,TRUE,100,-1
9BY8mwhNQAFntdJK,SSC / TK,public,United States,4,36,1786053397286,1786070980977,2026-08-06T21:56:37Z,2026-08-07T02:49:40Z,https://classic.warcraftlogs.com/reports/9BY8mwhNQAFntdJK,1056,11,11,-1,TRUE,100,-1
PyBr2aT7dcqW9G16,SSC / TK,public,United States,1,14,1786063230705,1786066849229,2026-08-07T00:40:30Z,2026-08-07T01:40:49Z,https://classic.warcraftlogs.com/reports/PyBr2aT7dcqW9G16,1056,11,11,-1,TRUE,100,-1
nLCrRt82xhfcVkdF,SSC 8/6/26,public,United States,42,44,1786064307783,1786072228910,2026-08-07T00:58:27Z,2026-08-07T03:10:28Z,https://classic.warcraftlogs.com/reports/nLCrRt82xhfcVkdF,1056,11,11,-1,TRUE,100,-1
LGcw6R2WK9kvh4VQ,7/30,public,United States,33,33,1785468935781,1785478755617,2026-07-31T03:35:35Z,2026-07-31T06:19:15Z,https://classic.warcraftlogs.com/reports/LGcw6R2WK9kvh4VQ,1056,11,11,-1,TRUE,100,-1
Fj4yp9aH1McZTAtx,New Dawn TK 8/6,public,United States,1,31,1786064667442,1786072208847,2026-08-07T01:04:27Z,2026-08-07T03:10:08Z,https://classic.warcraftlogs.com/reports/Fj4yp9aH1McZTAtx,1056,11,11,-1,TRUE,100,-1
L9zH3mWn4PdaZwbt,SSC,public,United States,71,73,1786061431263,1786072220092,2026-08-07T00:10:31Z,2026-08-07T03:10:20Z,https://classic.warcraftlogs.com/reports/L9zH3mWn4PdaZwbt,1056,11,11,-1,TRUE,100,-1
jwxA4Vm3QPGb7h9C,SSC / TK Team 2,public,United States,2,71,1786058735103,1786072020725,2026-08-06T23:25:35Z,2026-08-07T03:07:00Z,https://classic.warcraftlogs.com/reports/jwxA4Vm3QPGb7h9C,1056,11,11,-1,TRUE,100,-1
mMf7ydAn2QzB1N9x,2026-08-06 SSC + TK,public,United States,22,42,1786063061623,1786072208935,2026-08-07T00:37:41Z,2026-08-07T03:10:08Z,https://classic.warcraftlogs.com/reports/mMf7ydAn2QzB1N9x,1056,11,11,-1,TRUE,100,-1
YwQ9x1qT2AmZM4Dy,SSC / TK,public,United States,41,41,1786065080367,1786072209186,2026-08-07T01:11:20Z,2026-08-07T03:10:09Z,https://classic.warcraftlogs.com/reports/YwQ9x1qT2AmZM4Dy,1056,11,11,-1,TRUE,100,-1
8GwKaQAP32VCWN4F,SSC / TK,public,United States,1,6,1786063230705,1786071114964,2026-08-07T00:40:30Z,2026-08-07T02:51:54Z,https://classic.warcraftlogs.com/reports/8GwKaQAP32VCWN4F,1056,11,11,-1,TRUE,100,-1
7ckvQgmRbWVFAZ4x,SSC / TK,public,United States,64,66,1786064100029,1786072188685,2026-08-07T00:55:00Z,2026-08-07T03:09:48Z,https://classic.warcraftlogs.com/reports/7ckvQgmRbWVFAZ4x,1056,11,11,-1,TRUE,100,-1
9JcXf6TxMqdLGwN4,SSC / TK,public,United States,76,81,1786062277085,1786072188936,2026-08-07T00:24:37Z,2026-08-07T03:09:48Z,https://classic.warcraftlogs.com/reports/9JcXf6TxMqdLGwN4,1056,11,11,-1,TRUE,100,-1
94cMV6WRnZXvtT1Q,HAB SSC/TK Thu 8/6,public,United States,1,56,1786064420924,1786071611144,2026-08-07T01:00:20Z,2026-08-07T03:00:11Z,https://classic.warcraftlogs.com/reports/94cMV6WRnZXvtT1Q,1056,11,11,-1,TRUE,100,-1
xt92FfzKPXcHqprT,thurs,public,United States,46,52,1786063682222,1786072188267,2026-08-07T00:48:02Z,2026-08-07T03:09:48Z,https://classic.warcraftlogs.com/reports/xt92FfzKPXcHqprT,1056,11,11,-1,TRUE,100,-1
af9g4HCQMjn6DPmT,SSC,public,United States,47,49,1786058450349,1786072178595,2026-08-06T23:20:50Z,2026-08-07T03:09:38Z,https://classic.warcraftlogs.com/reports/af9g4HCQMjn6DPmT,1056,11,11,-1,TRUE,100,-1
rBVpdXxayhDktwLQ,SSC / TK,public,United States,44,47,1786063264289,1786072178358,2026-08-07T00:41:04Z,2026-08-07T03:09:38Z,https://classic.warcraftlogs.com/reports/rBVpdXxayhDktwLQ,1056,11,11,-1,TRUE,100,-1
Ba6V3jpzdG2C7HXP,TK/SSC,public,United States,1,49,1786064094185,1786071744232,2026-08-07T00:54:54Z,2026-08-07T03:02:24Z,https://classic.warcraftlogs.com/reports/Ba6V3jpzdG2C7HXP,1056,11,11,-1,TRUE,100,-1
BXykgWbhYM4nL7Qw,ess ess see,public,United States,26,38,1786065900487,1786072147401,2026-08-07T01:25:00Z,2026-08-07T03:09:07Z,https://classic.warcraftlogs.com/reports/BXykgWbhYM4nL7Qw,1056,11,11,-1,TRUE,100,-1
gY2XpFMfDTbvrR3d,Tempest Keep,public,United States,1,29,1786066986541,1786071260431,2026-08-07T01:43:06Z,2026-08-07T02:54:20Z,https://classic.warcraftlogs.com/reports/gY2XpFMfDTbvrR3d,1056,11,11,-1,TRUE,100,-1
3GqFB2XAkHgrPLD6,SSC + Gruul,public,United States,11,45,1786062431175,1786072124130,2026-08-07T00:27:11Z,2026-08-07T03:08:44Z,https://classic.warcraftlogs.com/reports/3GqFB2XAkHgrPLD6,1056,12,12,-1,TRUE,100,-1
HFVACfpqZhnmDr4z,SSC/TK,public,United States,1,57,1786062614704,1786071962754,2026-08-07T00:30:14Z,2026-08-07T03:06:02Z,https://classic.warcraftlogs.com/reports/HFVACfpqZhnmDr4z,1056,12,12,-1,TRUE,100,-1
nzBQXVAbWG2DL7tp,8.6.26 SSC,public,United States,44,46,1786063278575,1786072085684,2026-08-07T00:41:18Z,2026-08-07T03:08:05Z,https://classic.warcraftlogs.com/reports/nzBQXVAbWG2DL7tp,1056,12,12,-1,TRUE,100,-1
HpPdNgQyam2YbGxR,SSC / TK,public,United States,1,32,1786064448309,1786072115219,2026-08-07T01:00:48Z,2026-08-07T03:08:35Z,https://classic.warcraftlogs.com/reports/HpPdNgQyam2YbGxR,1056,12,12,-1,TRUE,100,-1
7kVH62MaP3nLmbx1,TK,public,United States,1,39,1786061537914,1786071923812,2026-08-07T00:12:17Z,2026-08-07T03:05:23Z,https://classic.warcraftlogs.com/reports/7kVH62MaP3nLmbx1,1056,12,12,-1,TRUE,100,-1
QX3Bv4yjrtwkZ71K,dont check porks meta gem,public,United States,1,48,1786064477736,1786072021508,2026-08-07T01:01:17Z,2026-08-07T03:07:01Z,https://classic.warcraftlogs.com/reports/QX3Bv4yjrtwkZ71K,1056,12,12,-1,TRUE,100,-1
yV7tqTDx2F3XaR1n,SSC / TK,public,United States,1,49,1785979214650,1785995453088,2026-08-06T01:20:14Z,2026-08-06T05:50:53Z,https://classic.warcraftlogs.com/reports/yV7tqTDx2F3XaR1n,1056,12,12,-1,TRUE,100,-1
nFjhKy1xz7f4P3Lc,SSC / TK,public,United States,1,1,1786068746316,1786071864722,2026-08-07T02:12:26Z,2026-08-07T03:04:24Z,https://classic.warcraftlogs.com/reports/nFjhKy1xz7f4P3Lc,1056,12,12,-1,TRUE,100,-1
KqJv632nbkpV8mFf,Bogling Roots 08/06,public,United States,51,51,1786063986958,1786072066825,2026-08-07T00:53:06Z,2026-08-07T03:07:46Z,https://classic.warcraftlogs.com/reports/KqJv632nbkpV8mFf,1056,12,12,-1,TRUE,100,-1
8RgpMW1qYfGktAJj,SSC / TK,public,United States,13,38,1786064250187,1786072069147,2026-08-07T00:57:30Z,2026-08-07T03:07:49Z,https://classic.warcraftlogs.com/reports/8RgpMW1qYfGktAJj,1056,12,12,-1,TRUE,100,-1
xLYHpdF8hj9V1WNq,Dragon TK/Gruul,public,United States,1,38,1786066129062,1786072022700,2026-08-07T01:28:49Z,2026-08-07T03:07:02Z,https://classic.warcraftlogs.com/reports/xLYHpdF8hj9V1WNq,1056,12,12,-1,TRUE,100,-1
z18hrNpdJYyQvkGB,ELC SSC,public,United States,38,39,1786064891499,1786072019812,2026-08-07T01:08:11Z,2026-08-07T03:06:59Z,https://classic.warcraftlogs.com/reports/z18hrNpdJYyQvkGB,1056,12,12,-1,TRUE,100,-1
Q6Vrp7kTXJDWcHtv,SSC / TK,public,United States,40,42,1786064891572,1786072015835,2026-08-07T01:08:11Z,2026-08-07T03:06:55Z,https://classic.warcraftlogs.com/reports/Q6Vrp7kTXJDWcHtv,1056,12,12,-1,TRUE,100,-1
zfYL3ZdDAgQhxRJ6,Thursday 8/6/26,public,United States,32,46,1786064189781,1786072007869,2026-08-07T00:56:29Z,2026-08-07T03:06:47Z,https://classic.warcraftlogs.com/reports/zfYL3ZdDAgQhxRJ6,1056,12,12,-1,TRUE,100,-1
d1QGcBFX8WYxPhwJ,CHZ TK,public,United States,14,41,1786059905802,1786071988579,2026-08-06T23:45:05Z,2026-08-07T03:06:28Z,https://classic.warcraftlogs.com/reports/d1QGcBFX8WYxPhwJ,1056,12,12,-1,TRUE,100,-1
2w1rmpgVMGTjW4y7,8/6 SSC WEEK 13,public,United States,1,37,1786063405462,1786071593597,2026-08-07T00:43:25Z,2026-08-07T02:59:53Z,https://classic.warcraftlogs.com/reports/2w1rmpgVMGTjW4y7,1056,12,12,-1,TRUE,100,-1
bKzXQxdhGJaB9kyt,SSC / TK,public,United States,10,34,1786063747422,1786071563229,2026-08-07T00:49:07Z,2026-08-07T02:59:23Z,https://classic.warcraftlogs.com/reports/bKzXQxdhGJaB9kyt,1056,12,12,-1,TRUE,100,-1
Zzp3DfKrakqQ7L9H,2026-08-06 - TK - Thursday,public,United States,1,30,1786063241972,1786071867003,2026-08-07T00:40:41Z,2026-08-07T03:04:27Z,https://classic.warcraftlogs.com/reports/Zzp3DfKrakqQ7L9H,1056,12,12,-1,TRUE,100,-1
q1FPXH3dmrtQRh97,TK (How do you layer a taco?) 8-6-26,public,United States,1,4,1786067173734,1786071683344,2026-08-07T01:46:13Z,2026-08-07T03:01:23Z,https://classic.warcraftlogs.com/reports/q1FPXH3dmrtQRh97,1056,12,12,-1,TRUE,100,-1
gA3wRDhJT8pkFKBz,dont check porks meta gem,public,United States,1,24,1786064477736,1786071794372,2026-08-07T01:01:17Z,2026-08-07T03:03:14Z,https://classic.warcraftlogs.com/reports/gA3wRDhJT8pkFKBz,1056,12,12,-1,TRUE,100,-1
XaTjJd27ADGZLH6V,8/6 SSC,public,United States,1,32,1786064096054,1786071751998,2026-08-07T00:54:56Z,2026-08-07T03:02:31Z,https://classic.warcraftlogs.com/reports/XaTjJd27ADGZLH6V,1056,12,12,-1,TRUE,100,-1
XDhCRQFzZjLPxmyY,we did it team!,public,United States,1,12,1786063905298,1786071661054,2026-08-07T00:51:45Z,2026-08-07T03:01:01Z,https://classic.warcraftlogs.com/reports/XDhCRQFzZjLPxmyY,1056,12,12,-1,TRUE,100,-1
TnZKmMDbqQVWzCYr,SSC / TK,public,United States,41,42,1786063523170,1786071911847,2026-08-07T00:45:23Z,2026-08-07T03:05:11Z,https://classic.warcraftlogs.com/reports/TnZKmMDbqQVWzCYr,1056,12,12,-1,TRUE,100,-1
PDtKhGkqnj31vA4B,SSC / TK,public,United States,35,36,1786064959275,1786071907608,2026-08-07T01:09:19Z,2026-08-07T03:05:07Z,https://classic.warcraftlogs.com/reports/PDtKhGkqnj31vA4B,1056,12,12,-1,TRUE,100,-1
34pVBtLKRdbYXzgc,SSC / TK,public,United States,71,77,1786059612379,1786071901923,2026-08-06T23:40:12Z,2026-08-07T03:05:01Z,https://classic.warcraftlogs.com/reports/34pVBtLKRdbYXzgc,1056,12,12,-1,TRUE,100,-1
dbZPvHQFr682MWya,TK: something something power,public,United States,28,33,1786067040755,1786071883809,2026-08-07T01:44:00Z,2026-08-07T03:04:43Z,https://classic.warcraftlogs.com/reports/dbZPvHQFr682MWya,1056,12,12,-1,TRUE,100,-1
fQXtG2RqzxbDVaFB,SSC/TK 06 Aout,public,United States,1,56,1786061068393,1786071855586,2026-08-07T00:04:28Z,2026-08-07T03:04:15Z,https://classic.warcraftlogs.com/reports/fQXtG2RqzxbDVaFB,1056,12,12,-1,TRUE,100,-1
D97hk3bwJHf1W2Bz,SSC ,public,United States,1,29,1786064129893,1786070821757,2026-08-07T00:55:29Z,2026-08-07T02:47:01Z,https://classic.warcraftlogs.com/reports/D97hk3bwJHf1W2Bz,1056,12,12,-1,TRUE,100,-1
wZFmcVWbjL2YD4nf,SSC / TK,public,United States,1,40,1786059907455,1786068598414,2026-08-06T23:45:07Z,2026-08-07T02:09:58Z,https://classic.warcraftlogs.com/reports/wZFmcVWbjL2YD4nf,1056,12,12,-1,TRUE,100,-1
8g47KJ2VWntrXDfm,SSC/TK Thurs 8/6,public,United States,1,45,1786063606870,1786071630620,2026-08-07T00:46:46Z,2026-08-07T03:00:30Z,https://classic.warcraftlogs.com/reports/8g47KJ2VWntrXDfm,1056,12,12,-1,TRUE,100,-1
fjZRzBFJkAXPNL2K,SSC / TK,public,United States,53,66,1786061018879,1786071806909,2026-08-07T00:03:38Z,2026-08-07T03:03:26Z,https://classic.warcraftlogs.com/reports/fjZRzBFJkAXPNL2K,1056,12,12,-1,TRUE,100,-1
3pM8tARQGWdH6vNJ,SSC/TK 8/6/26,public,United States,65,67,1786060008595,1786071806331,2026-08-06T23:46:48Z,2026-08-07T03:03:26Z,https://classic.warcraftlogs.com/reports/3pM8tARQGWdH6vNJ,1056,12,12,-1,TRUE,100,-1
JCHkpm8qgaFZMLvW,SSC / TK,public,United States,71,77,1786060150646,1786071803822,2026-08-06T23:49:10Z,2026-08-07T03:03:23Z,https://classic.warcraftlogs.com/reports/JCHkpm8qgaFZMLvW,1056,12,12,-1,TRUE,100,-1
qphHXcDmFT6Q4Y9d,SSC / TK,public,United States,27,43,1786059469287,1786071806005,2026-08-06T23:37:49Z,2026-08-07T03:03:26Z,https://classic.warcraftlogs.com/reports/qphHXcDmFT6Q4Y9d,1056,12,12,-1,TRUE,100,-1
BxNZpQCJ84wgXLqW,SSC / TK,public,United States,1,5,1786066182043,1786070892549,2026-08-07T01:29:42Z,2026-08-07T02:48:12Z,https://classic.warcraftlogs.com/reports/BxNZpQCJ84wgXLqW,1056,12,12,-1,TRUE,100,-1
mFR98PyBxQv3hNdb,Beastmode Thursday SSC,public,United States,1,9,1786064658188,1786071391018,2026-08-07T01:04:18Z,2026-08-07T02:56:31Z,https://classic.warcraftlogs.com/reports/mFR98PyBxQv3hNdb,1056,12,12,-1,TRUE,100,-1
NgJ3Z9kW4X7MTfVz,SSC 8/6/2026,public,United States,51,52,1786063088325,1786071770491,2026-08-07T00:38:08Z,2026-08-07T03:02:50Z,https://classic.warcraftlogs.com/reports/NgJ3Z9kW4X7MTfVz,1056,12,12,-1,TRUE,100,-1
tPCWVFGvMNhjw8Xk,ssc/tk,public,United States,30,39,1786059825816,1786071756848,2026-08-06T23:43:45Z,2026-08-07T03:02:36Z,https://classic.warcraftlogs.com/reports/tPCWVFGvMNhjw8Xk,1056,12,12,-1,TRUE,100,-1
y3adTPw6RAxGZNbq,scc/tk 8/6,public,United States,42,42,1786060335868,1786071758012,2026-08-06T23:52:15Z,2026-08-07T03:02:38Z,https://classic.warcraftlogs.com/reports/y3adTPw6RAxGZNbq,1056,12,12,-1,TRUE,100,-1
QDLjpxFqyCtWBMbX,"Bob here but moist still do, idk thing is on might as well post it amirite",public,United States,35,46,1786066307569,1786071745378,2026-08-07T01:31:47Z,2026-08-07T03:02:25Z,https://classic.warcraftlogs.com/reports/QDLjpxFqyCtWBMbX,1056,12,12,-1,TRUE,100,-1
1jR9rgZf7tT8Xhc2,"Steve got a job we're losing him, good luck with the m-f 9-5 steve",public,United States,40,47,1786065976814,1786071746063,2026-08-07T01:26:16Z,2026-08-07T03:02:26Z,https://classic.warcraftlogs.com/reports/1jR9rgZf7tT8Xhc2,1056,12,12,-1,TRUE,100,-1
qKD2xyrzj8HgLmZa,SSC / TK,public,United States,33,36,1786064598913,1786071746966,2026-08-07T01:03:18Z,2026-08-07T03:02:26Z,https://classic.warcraftlogs.com/reports/qKD2xyrzj8HgLmZa,1056,12,12,-1,TRUE,100,-1
nHqMLb74vF1yVrC6,SSC / TK,public,United States,1,68,1786059829038,1786071636098,2026-08-06T23:43:49Z,2026-08-07T03:00:36Z,https://classic.warcraftlogs.com/reports/nHqMLb74vF1yVrC6,1056,12,12,-1,TRUE,100,-1
kwz2ADb4KxBTmNpF,SSC / TK,public,United States,39,45,1786061205701,1786071716846,2026-08-07T00:06:45Z,2026-08-07T03:01:56Z,https://classic.warcraftlogs.com/reports/kwz2ADb4KxBTmNpF,1056,12,12,-1,TRUE,100,-1
FGct4yzhaLfrR9BK,SSC,public,United States,1,35,1786063999525,1786071393958,2026-08-07T00:53:19Z,2026-08-07T02:56:33Z,https://classic.warcraftlogs.com/reports/FGct4yzhaLfrR9BK,1056,12,12,-1,TRUE,100,-1
LN3qHpbDgZkJhWr4,SSC / TK,public,United States,1,23,1786066732451,1786071690764,2026-08-07T01:38:52Z,2026-08-07T03:01:30Z,https://classic.warcraftlogs.com/reports/LN3qHpbDgZkJhWr4,1056,12,12,-1,TRUE,100,-1
fxnK9hYqjBJL68w4,its time,public,United States,69,80,1786058665853,1786071707946,2026-08-06T23:24:25Z,2026-08-07T03:01:47Z,https://classic.warcraftlogs.com/reports/fxnK9hYqjBJL68w4,1056,12,12,-1,TRUE,100,-1
K2H9BXmbcVdZqGT3,TK 8_6,public,United States,42,42,1786064994198,1786071706594,2026-08-07T01:09:54Z,2026-08-07T03:01:46Z,https://classic.warcraftlogs.com/reports/K2H9BXmbcVdZqGT3,1056,12,12,-1,TRUE,100,-1
BpYXM3TH2PytdmfV,SSC 84,public,United States,45,52,1785896817708,1786071692380,2026-08-05T02:26:57Z,2026-08-07T03:01:32Z,https://classic.warcraftlogs.com/reports/BpYXM3TH2PytdmfV,1056,12,12,-1,TRUE,100,-1
YJ3c8XzDxmRd4LT7,SSC / TK,public,United States,33,34,1786063981241,1786071674068,2026-08-07T00:53:01Z,2026-08-07T03:01:14Z,https://classic.warcraftlogs.com/reports/YJ3c8XzDxmRd4LT7,1056,12,12,-1,TRUE,100,-1
GAm4a8PcqLgvnBhw,Suspiciously Silent Docking - SSC 8/6,public,United States,45,46,1786063018371,1786071672898,2026-08-07T00:36:58Z,2026-08-07T03:01:12Z,https://classic.warcraftlogs.com/reports/GAm4a8PcqLgvnBhw,1056,12,12,-1,TRUE,100,-1
DpYQaZNjXH9TM2wg,SSC/TK THURSDAY,public,United States,97,97,1786060588289,1786071658476,2026-08-06T23:56:28Z,2026-08-07T03:00:58Z,https://classic.warcraftlogs.com/reports/DpYQaZNjXH9TM2wg,1056,12,12,-1,TRUE,100,-1
ZJcbtzgqBy4MjLWk,SSC / TK,public,United States,27,32,1786067384557,1786071656078,2026-08-07T01:49:44Z,2026-08-07T03:00:56Z,https://classic.warcraftlogs.com/reports/ZJcbtzgqBy4MjLWk,1056,12,12,-1,TRUE,100,-1
rx2LZqDw16MHXWgv,8/6 thursday tk,public,United States,1,30,1786057668677,1786068829090,2026-08-06T23:07:48Z,2026-08-07T02:13:49Z,https://classic.warcraftlogs.com/reports/rx2LZqDw16MHXWgv,1056,12,12,-1,TRUE,100,-1
rytCkT6J4GAqNWKa,SSC Guild Run,public,United States,39,42,1786064983075,1786071652943,2026-08-07T01:09:43Z,2026-08-07T03:00:52Z,https://classic.warcraftlogs.com/reports/rytCkT6J4GAqNWKa,1056,12,12,-1,TRUE,100,-1
r3G46N2LDwpj8zVq,tk but for some reason we keep coming back even though we don't need any gear or anything,public,United States,21,29,1786068132981,1786071648309,2026-08-07T02:02:12Z,2026-08-07T03:00:48Z,https://classic.warcraftlogs.com/reports/r3G46N2LDwpj8zVq,1056,12,12,-1,TRUE,100,-1
Yf362bnqQyBFhdJL,WEEK #13 - SR RAID ,public,United States,35,49,1786061105655,1786071646010,2026-08-07T00:05:05Z,2026-08-07T03:00:46Z,https://classic.warcraftlogs.com/reports/Yf362bnqQyBFhdJL,1056,12,12,-1,TRUE,100,-1
BYw2PKCLRQpX6VFH,ssc/tk,public,United States,121,129,1785975670804,1786071647145,2026-08-06T00:21:10Z,2026-08-07T03:00:47Z,https://classic.warcraftlogs.com/reports/BYw2PKCLRQpX6VFH,1056,12,12,-1,TRUE,100,-1
xFJ9tWXQ2cRk4ghD,SSC / TK,public,United States,52,52,1786063471604,1786071633633,2026-08-07T00:44:31Z,2026-08-07T03:00:33Z,https://classic.warcraftlogs.com/reports/xFJ9tWXQ2cRk4ghD,1056,12,12,-1,TRUE,100,-1
7dCxDKVXBG6H9JaA,TK3 - Aug 6,public,United States,1,24,1786063831989,1786071512723,2026-08-07T00:50:31Z,2026-08-07T02:58:32Z,https://classic.warcraftlogs.com/reports/7dCxDKVXBG6H9JaA,1056,12,12,-1,TRUE,100,-1
HXjpG3yYMF6CnNqr,8/6 SSC Galroth,public,United States,46,46,1786058877409,1786071602111,2026-08-06T23:27:57Z,2026-08-07T03:00:02Z,https://classic.warcraftlogs.com/reports/HXjpG3yYMF6CnNqr,1056,12,12,-1,TRUE,100,-1
xyCbtaFvKY6j9rc8,SSC / TK,public,United States,5,17,1786067545299,1786071404539,2026-08-07T01:52:25Z,2026-08-07T02:56:44Z,https://classic.warcraftlogs.com/reports/xyCbtaFvKY6j9rc8,1056,12,12,-1,TRUE,100,-1
KD6XYCPRN1B8xQGb,SSC / TK,public,United States,70,76,1786059294721,1786071585819,2026-08-06T23:34:54Z,2026-08-07T02:59:45Z,https://classic.warcraftlogs.com/reports/KD6XYCPRN1B8xQGb,1056,12,12,-1,TRUE,100,-1
R6CM3mPhLqxbfvDy,SSC/tk 11,public,United States,59,65,1786060246892,1786071512828,2026-08-06T23:50:46Z,2026-08-07T02:58:32Z,https://classic.warcraftlogs.com/reports/R6CM3mPhLqxbfvDy,1056,12,12,-1,TRUE,100,-1
jrPgkQ7FJxvcX6BK,SSC / TK,public,United States,1,30,1786063782996,1786070966501,2026-08-07T00:49:42Z,2026-08-07T02:49:26Z,https://classic.warcraftlogs.com/reports/jrPgkQ7FJxvcX6BK,1056,12,12,-1,TRUE,100,-1
7YLnw4dCFvkfpVMj,8/6 thursday ssc,public,United States,1,32,1786057668677,1786064759443,2026-08-06T23:07:48Z,2026-08-07T01:05:59Z,https://classic.warcraftlogs.com/reports/7YLnw4dCFvkfpVMj,1056,12,12,-1,TRUE,100,-1
Dn683qLRarZNFb9Q,Gargoyle TK 8/6/26,public,United States,25,27,1786068316784,1786071534337,2026-08-07T02:05:16Z,2026-08-07T02:58:54Z,https://classic.warcraftlogs.com/reports/Dn683qLRarZNFb9Q,1056,12,12,-1,TRUE,100,-1
HFgTbxhznwP84KX6,SSC / TK,public,United States,35,53,1786061833359,1786071513224,2026-08-07T00:17:13Z,2026-08-07T02:58:33Z,https://classic.warcraftlogs.com/reports/HFgTbxhznwP84KX6,1056,12,12,-1,TRUE,100,-1
AnLqwYhJgGCt1c47,Sai/Pers SSC/TK 080626,public,United States,48,66,1786056180724,1786071514194,2026-08-06T22:43:00Z,2026-08-07T02:58:34Z,https://classic.warcraftlogs.com/reports/AnLqwYhJgGCt1c47,1056,12,12,-1,TRUE,100,-1
k62PyzjD8KrZY73X,8/6 TK,public,United States,1,17,1786063533208,1786071436756,2026-08-07T00:45:33Z,2026-08-07T02:57:16Z,https://classic.warcraftlogs.com/reports/k62PyzjD8KrZY73X,1056,12,12,-1,TRUE,100,-1
CgKf9JnQ8vLa7A3m,Thurs SSC,public,United States,37,40,1786064828778,1786071493626,2026-08-07T01:07:08Z,2026-08-07T02:58:13Z,https://classic.warcraftlogs.com/reports/CgKf9JnQ8vLa7A3m,1056,12,12,-1,TRUE,100,-1
VvW3Fghcfpa9w8zQ,pullen sin miedo,public,United States,28,26,1786068507566,1786071487900,2026-08-07T02:08:27Z,2026-08-07T02:58:07Z,https://classic.warcraftlogs.com/reports/VvW3Fghcfpa9w8zQ,1056,12,12,-1,TRUE,100,-1
ZYHyrKfkj23T1qgw,CLEAN LEO,public,United States,42,60,1786062232093,1786071476486,2026-08-07T00:23:52Z,2026-08-07T02:57:56Z,https://classic.warcraftlogs.com/reports/ZYHyrKfkj23T1qgw,1056,12,12,-1,TRUE,100,-1
x1GmD6qhZk7p4WdX,SSC 8/06,public,United States,44,47,1786064813776,1786071463004,2026-08-07T01:06:53Z,2026-08-07T02:57:43Z,https://classic.warcraftlogs.com/reports/x1GmD6qhZk7p4WdX,1056,12,12,-1,TRUE,100,-1
64dCKzwfb29BXNFA,SSC / TK,public,United States,55,78,1785977313412,1786071463111,2026-08-06T00:48:33Z,2026-08-07T02:57:43Z,https://classic.warcraftlogs.com/reports/64dCKzwfb29BXNFA,1056,12,12,-1,TRUE,100,-1
X9Wn2AHq1dckpzjK,8/6 TK,public,United States,41,41,1786061256007,1786071458570,2026-08-07T00:07:36Z,2026-08-07T02:57:38Z,https://classic.warcraftlogs.com/reports/X9Wn2AHq1dckpzjK,1056,12,12,-1,TRUE,100,-1
hG4pXZ3R9TjFWwLx,SSC / TK,public,Korea,56,61,1786062379735,1786071455486,2026-08-07T00:26:19Z,2026-08-07T02:57:35Z,https://classic.warcraftlogs.com/reports/hG4pXZ3R9TjFWwLx,1056,12,12,-1,TRUE,100,-1
ptzkGLHy9Pfjdh12,SSC / TK 2026-08-06,public,United States,37,39,1786063404704,1786071453996,2026-08-07T00:43:24Z,2026-08-07T02:57:33Z,https://classic.warcraftlogs.com/reports/ptzkGLHy9Pfjdh12,1056,12,12,-1,TRUE,100,-1
hVd1rLTQmq4xtYzB,Number one morogrim hater,public,United States,1,56,1786060014986,1786071218323,2026-08-06T23:46:54Z,2026-08-07T02:53:38Z,https://classic.warcraftlogs.com/reports/hVd1rLTQmq4xtYzB,1056,12,12,-1,TRUE,100,-1
J1pdRk6xh8jBKQrT,SSC / TK,public,United States,19,43,1786063140441,1786071436083,2026-08-07T00:39:00Z,2026-08-07T02:57:16Z,https://classic.warcraftlogs.com/reports/J1pdRk6xh8jBKQrT,1056,12,12,-1,TRUE,100,-1
NPHjmXKqtfQ79zVy,TK 080626,public,United States,22,39,1786063914772,1786071436717,2026-08-07T00:51:54Z,2026-08-07T02:57:16Z,https://classic.warcraftlogs.com/reports/NPHjmXKqtfQ79zVy,1056,12,12,-1,TRUE,100,-1
W7n2FYRC1zxKXJwT,EO,public,United States,38,39,1786063405936,1786071425765,2026-08-07T00:43:25Z,2026-08-07T02:57:05Z,https://classic.warcraftlogs.com/reports/W7n2FYRC1zxKXJwT,1056,12,12,-1,TRUE,100,-1
fbgvyJZnzaMpWtKN,EO DaddEOs SSC/TK 8/6,public,United States,38,39,1786063459111,1786071427317,2026-08-07T00:44:19Z,2026-08-07T02:57:07Z,https://classic.warcraftlogs.com/reports/fbgvyJZnzaMpWtKN,1056,12,12,-1,TRUE,100,-1
tPbTHdhj6qzGBRC4,raiding is fun,public,United States,1,64,1786060942387,1786071098103,2026-08-07T00:02:22Z,2026-08-07T02:51:38Z,https://classic.warcraftlogs.com/reports/tPbTHdhj6qzGBRC4,1056,12,12,-1,TRUE,100,-1
1zd2jBr3FnP7LcVZ,Butter SSC,public,United States,38,40,1786066603181,1786071417554,2026-08-07T01:36:43Z,2026-08-07T02:56:57Z,https://classic.warcraftlogs.com/reports/1zd2jBr3FnP7LcVZ,1056,12,12,-1,TRUE,100,-1
ZDkvV1X8gmWALrHC,SSC / TK,public,United States,1,62,1786055027787,1786071213173,2026-08-06T22:23:47Z,2026-08-07T02:53:33Z,https://classic.warcraftlogs.com/reports/ZDkvV1X8gmWALrHC,1056,12,12,-1,TRUE,100,-1
q2DdptaYBz3KM8WL,SSC/TK,public,United States,43,44,1786063762079,1786071413441,2026-08-07T00:49:22Z,2026-08-07T02:56:53Z,https://classic.warcraftlogs.com/reports/q2DdptaYBz3KM8WL,1056,12,12,-1,TRUE,100,-1
aJyCn9hV4FwYjBPc,BUGELTAS Y 5to DST,public,United States,1,8,1786062675422,1786067586285,2026-08-07T00:31:15Z,2026-08-07T01:53:06Z,https://classic.warcraftlogs.com/reports/aJyCn9hV4FwYjBPc,1056,12,12,-1,TRUE,100,-1
dyfhavBk8JpYTVgq,SSC / TK,public,United States,1,35,1786063022640,1786071395083,2026-08-07T00:37:02Z,2026-08-07T02:56:35Z,https://classic.warcraftlogs.com/reports/dyfhavBk8JpYTVgq,1056,12,12,-1,TRUE,100,-1
CwbAqB6rmnphRyGN,TK pug,public,United States,32,36,1786066612569,1786071405240,2026-08-07T01:36:52Z,2026-08-07T02:56:45Z,https://classic.warcraftlogs.com/reports/CwbAqB6rmnphRyGN,1056,12,12,-1,TRUE,100,-1
Xyhwmfaz8tJvQnkp,SSC / TK,public,United States,67,75,1786059186647,1786071354127,2026-08-06T23:33:06Z,2026-08-07T02:55:54Z,https://classic.warcraftlogs.com/reports/Xyhwmfaz8tJvQnkp,1056,12,12,-1,TRUE,100,-1
4KazH8mtCd2BxrXD,<Focused> SSC + TK - 8.6.26,public,United States,65,74,1786059475463,1786071358270,2026-08-06T23:37:55Z,2026-08-07T02:55:58Z,https://classic.warcraftlogs.com/reports/4KazH8mtCd2BxrXD,1056,12,12,-1,TRUE,100,-1
WmqhAw9CnVfMyK1x,SSC / TK,public,United States,72,76,1786059269483,1786071356396,2026-08-06T23:34:29Z,2026-08-07T02:55:56Z,https://classic.warcraftlogs.com/reports/WmqhAw9CnVfMyK1x,1056,12,12,-1,TRUE,100,-1
xHmBFYjwdQKhG3gP,Thursday 9PM SSC/TK! :),public,United States,59,65,1786062755443,1786071354314,2026-08-07T00:32:35Z,2026-08-07T02:55:54Z,https://classic.warcraftlogs.com/reports/xHmBFYjwdQKhG3gP,1056,12,12,-1,TRUE,100,-1
8YGAnyV9mktfrpzM,Raid Night 8/6,public,United States,59,65,1786063082087,1786071352105,2026-08-07T00:38:02Z,2026-08-07T02:55:52Z,https://classic.warcraftlogs.com/reports/8YGAnyV9mktfrpzM,1056,12,12,-1,TRUE,100,-1
6dvtCAZmNJQVkq1r,SSC / TK,public,United States,4,21,1786064428429,1786071254744,2026-08-07T01:00:28Z,2026-08-07T02:54:14Z,https://classic.warcraftlogs.com/reports/6dvtCAZmNJQVkq1r,1056,12,12,-1,TRUE,100,-1
YpP7GLxVwBcNWkCn,Void Lords SSC/TK 8/6 part 2?,public,United States,1,19,1786068189565,1786070981382,2026-08-07T02:03:09Z,2026-08-07T02:49:41Z,https://classic.warcraftlogs.com/reports/YpP7GLxVwBcNWkCn,1056,12,12,-1,TRUE,100,-1
vaKb7GRdHxgXwnjW,SSC / TK,public,United States,33,35,1786065513171,1786071312291,2026-08-07T01:18:33Z,2026-08-07T02:55:12Z,https://classic.warcraftlogs.com/reports/vaKb7GRdHxgXwnjW,1056,12,12,-1,TRUE,100,-1
LTZKHMQRqV7N2vr4,TK 8/6,public,United States,33,35,1786064951349,1786071312013,2026-08-07T01:09:11Z,2026-08-07T02:55:12Z,https://classic.warcraftlogs.com/reports/LTZKHMQRqV7N2vr4,1056,12,12,-1,TRUE,100,-1
zx6rL3bQyX2HV78J,SSC 08-06-26,public,United States,60,66,1786062315751,1786071314791,2026-08-07T00:25:15Z,2026-08-07T02:55:14Z,https://classic.warcraftlogs.com/reports/zx6rL3bQyX2HV78J,1056,12,12,-1,TRUE,100,-1
cg6nqzxjka7tXbFN,TK 08.06.26 - Stankonia,public,United States,44,45,1786064384813,1786071300034,2026-08-07T00:59:44Z,2026-08-07T02:55:00Z,https://classic.warcraftlogs.com/reports/cg6nqzxjka7tXbFN,1056,13,13,-1,TRUE,100,-1
h8HT3a1pMCP9VDbk,SSC / TK,public,United States,46,49,1786063029781,1786071295274,2026-08-07T00:37:09Z,2026-08-07T02:54:55Z,https://classic.warcraftlogs.com/reports/h8HT3a1pMCP9VDbk,1056,13,13,-1,TRUE,100,-1
NpYJxLvhbjBdqRtm,SSC / TK,public,China,1,2,1786067044362,1786071012890,2026-08-07T01:44:04Z,2026-08-07T02:50:12Z,https://classic.warcraftlogs.com/reports/NpYJxLvhbjBdqRtm,1056,13,13,-1,TRUE,100,-1
Zmyc6prnQCLBwd3b,SSC / TK,public,United States,26,32,1786062017898,1786071296725,2026-08-07T00:20:17Z,2026-08-07T02:54:56Z,https://classic.warcraftlogs.com/reports/Zmyc6prnQCLBwd3b,1056,13,13,-1,TRUE,100,-1
4hzp971yNDLQtbxB,SSC / TK,public,United States,1,44,1786059996912,1786069833947,2026-08-06T23:46:36Z,2026-08-07T02:30:33Z,https://classic.warcraftlogs.com/reports/4hzp971yNDLQtbxB,1056,13,13,-1,TRUE,100,-1
QkMVLwgmxPNW7DrF,SSC / TK,public,United States,38,38,1786065547052,1786071282826,2026-08-07T01:19:07Z,2026-08-07T02:54:42Z,https://classic.warcraftlogs.com/reports/QkMVLwgmxPNW7DrF,1056,13,13,-1,TRUE,100,-1
WbM1yrYgqHtKdN7h,Purple Team TK 08/06/2026,public,United States,1,33,1786064584134,1786071140857,2026-08-07T01:03:04Z,2026-08-07T02:52:20Z,https://classic.warcraftlogs.com/reports/WbM1yrYgqHtKdN7h,1056,13,13,-1,TRUE,100,-1
W1nwXa26pMNqYG38,SSC / TK,public,United States,46,69,1785891475498,1786071273278,2026-08-05T00:57:55Z,2026-08-07T02:54:33Z,https://classic.warcraftlogs.com/reports/W1nwXa26pMNqYG38,1056,13,13,-1,TRUE,100,-1
hbLvHtzATG6cZYCD,TK 8/6/26,public,United States,1,33,1786065111904,1786071169857,2026-08-07T01:11:51Z,2026-08-07T02:52:49Z,https://classic.warcraftlogs.com/reports/hbLvHtzATG6cZYCD,1056,13,13,-1,TRUE,100,-1
71HYyakrvftTXdRW,SSC / TK,public,United States,5,33,1786062664635,1786069776114,2026-08-07T00:31:04Z,2026-08-07T02:29:36Z,https://classic.warcraftlogs.com/reports/71HYyakrvftTXdRW,1056,13,13,-1,TRUE,100,-1
A6P2avhqYD1wytKJ,Void Lords SSC/TK 8/6,public,United States,1,48,1786060764462,1786067907134,2026-08-06T23:59:24Z,2026-08-07T01:58:27Z,https://classic.warcraftlogs.com/reports/A6P2avhqYD1wytKJ,1056,13,13,-1,TRUE,100,-1
daMrHb2QfVYgZ1Fk,Purple Team SSC 08/06/2026,public,United States,1,28,1786056986252,1786063453454,2026-08-06T22:56:26Z,2026-08-07T00:44:13Z,https://classic.warcraftlogs.com/reports/daMrHb2QfVYgZ1Fk,1056,13,13,-1,TRUE,100,-1
pjPA7DKw6dkGhQxm,dddddddddffffff,public,United States,4,40,1786062711191,1786071231914,2026-08-07T00:31:51Z,2026-08-07T02:53:51Z,https://classic.warcraftlogs.com/reports/pjPA7DKw6dkGhQxm,1056,13,13,-1,TRUE,100,-1
qwDz1BgKZQ9tfYTA,Infinity - Thursday Team - SSC/TK,public,United States,66,66,1786063667534,1786071222825,2026-08-07T00:47:47Z,2026-08-07T02:53:42Z,https://classic.warcraftlogs.com/reports/qwDz1BgKZQ9tfYTA,1056,13,13,-1,TRUE,100,-1
76Xpw839NnLH4Zjb,8/6 TK,public,United States,32,36,1786065967879,1786071196255,2026-08-07T01:26:07Z,2026-08-07T02:53:16Z,https://classic.warcraftlogs.com/reports/76Xpw839NnLH4Zjb,1056,13,13,-1,TRUE,100,-1
7KwjbnTck4fL8FmA,SSC / TK,public,United States,1,31,1786062318139,1786068658061,2026-08-07T00:25:18Z,2026-08-07T02:10:58Z,https://classic.warcraftlogs.com/reports/7KwjbnTck4fL8FmA,1056,13,13,-1,TRUE,100,-1
vPyM9X7fTgthq2QN,it keeps happening - SSC TK 8/6/2026,public,United States,1,62,1786060916598,1786071108037,2026-08-07T00:01:56Z,2026-08-07T02:51:48Z,https://classic.warcraftlogs.com/reports/vPyM9X7fTgthq2QN,1056,13,13,-1,TRUE,100,-1
kZH6JV7tXafnR8Lj,周四毒蛇风暴,public,United States,10,16,1786066414790,1786071161711,2026-08-07T01:33:34Z,2026-08-07T02:52:41Z,https://classic.warcraftlogs.com/reports/kZH6JV7tXafnR8Lj,1056,13,13,-1,TRUE,100,-1
RQV7wL6M1nmkKTYd,SSC / TK,public,United States,8,42,1786061888459,1786071157061,2026-08-07T00:18:08Z,2026-08-07T02:52:37Z,https://classic.warcraftlogs.com/reports/RQV7wL6M1nmkKTYd,1056,13,13,-1,TRUE,100,-1
nkxy7MfT6pV4R9Dd,ONE NIGHT?,public,United States,67,69,1786057671055,1786071148302,2026-08-06T23:07:51Z,2026-08-07T02:52:28Z,https://classic.warcraftlogs.com/reports/nkxy7MfT6pV4R9Dd,1056,13,13,-1,TRUE,100,-1
rNkBQhRptnx3PH7Y,SSC / TK,public,United States,1,34,1786064951056,1786070942848,2026-08-07T01:09:11Z,2026-08-07T02:49:02Z,https://classic.warcraftlogs.com/reports/rNkBQhRptnx3PH7Y,1056,13,13,-1,TRUE,100,-1
JZtDK1nVywYcFjbm,SSC / TK,public,United States,38,43,1786063748887,1786071132567,2026-08-07T00:49:08Z,2026-08-07T02:52:12Z,https://classic.warcraftlogs.com/reports/JZtDK1nVywYcFjbm,1056,13,13,-1,TRUE,100,-1
VwM29JgQWTP34dvL,SSC / TK,public,United States,45,70,1786060150564,1786071125070,2026-08-06T23:49:10Z,2026-08-07T02:52:05Z,https://classic.warcraftlogs.com/reports/VwM29JgQWTP34dvL,1056,13,13,-1,TRUE,100,-1
GctwD43hgPyNkXVd,SCC,public,United States,2,19,1786063544561,1786070576008,2026-08-07T00:45:44Z,2026-08-07T02:42:56Z,https://classic.warcraftlogs.com/reports/GctwD43hgPyNkXVd,1056,13,13,-1,TRUE,100,-1
WRPmXrK6ykDAxvLY,SSC / TK,public,United States,39,40,1786063230705,1786071114964,2026-08-07T00:40:30Z,2026-08-07T02:51:54Z,https://classic.warcraftlogs.com/reports/WRPmXrK6ykDAxvLY,1056,13,13,-1,TRUE,100,-1
LyB3WcYPkQ2jrVNX,TK - 06AUG26,public,United States,1,34,1786062960692,1786070644464,2026-08-07T00:36:00Z,2026-08-07T02:44:04Z,https://classic.warcraftlogs.com/reports/LyB3WcYPkQ2jrVNX,1056,13,13,-1,TRUE,100,-1
1mnvkwFDa2TXZr8W,SSC / TK,public,United States,42,42,1786064637683,1786071093058,2026-08-07T01:03:57Z,2026-08-07T02:51:33Z,https://classic.warcraftlogs.com/reports/1mnvkwFDa2TXZr8W,1056,13,13,-1,TRUE,100,-1
3czFqw9TWkmdYhrK,<OOF> SSC Cric Poppin' Destro Pots,public,United States,1,34,1785981528210,1785992978329,2026-08-06T01:58:48Z,2026-08-06T05:09:38Z,https://classic.warcraftlogs.com/reports/3czFqw9TWkmdYhrK,1056,13,13,-1,TRUE,100,-1
XHQfqmdjhDNy13Ck,SSC / TK,public,United States,22,22,1786065373470,1786071087573,2026-08-07T01:16:13Z,2026-08-07T02:51:27Z,https://classic.warcraftlogs.com/reports/XHQfqmdjhDNy13Ck,1056,13,13,-1,TRUE,100,-1
Hhrb97aDL1FV4wPx,8.6 KT + Mag,public,United States,16,16,1786063674347,1786071087297,2026-08-07T00:47:54Z,2026-08-07T02:51:27Z,https://classic.warcraftlogs.com/reports/Hhrb97aDL1FV4wPx,1056,13,13,-1,TRUE,100,-1
DKGBa9QtkRFxNcMr,SSC / TK,public,China,14,14,1786063057181,1786071082957,2026-08-07T00:37:37Z,2026-08-07T02:51:22Z,https://classic.warcraftlogs.com/reports/DKGBa9QtkRFxNcMr,1056,13,13,-1,TRUE,100,-1
8AdxbG1kPCQmLT4J,BTC 2026-08-05 SSC / TK P2,public,United States,91,91,1785981131252,1786071064242,2026-08-06T01:52:11Z,2026-08-07T02:51:04Z,https://classic.warcraftlogs.com/reports/8AdxbG1kPCQmLT4J,1056,13,13,-1,TRUE,100,-1
f6HB7Qatb43Aqpv8,OOF SSC 1/2,public,United States,1,32,1785983506090,1785992738269,2026-08-06T02:31:46Z,2026-08-06T05:05:38Z,https://classic.warcraftlogs.com/reports/f6HB7Qatb43Aqpv8,1056,13,13,-1,TRUE,100,-1
A2d1YB8xhCmR6PDJ,SSC / TK,public,United States,10,57,1786058428037,1786070670390,2026-08-06T23:20:28Z,2026-08-07T02:44:30Z,https://classic.warcraftlogs.com/reports/A2d1YB8xhCmR6PDJ,1056,13,13,-1,TRUE,100,-1
6qyd7RgL8GkfnMhC,tk (late),public,United States,16,53,1786060630207,1786071016934,2026-08-06T23:57:10Z,2026-08-07T02:50:16Z,https://classic.warcraftlogs.com/reports/6qyd7RgL8GkfnMhC,1056,13,13,-1,TRUE,100,-1
AC3FWkR1JBP7mH9w,SSC-0806,public,United States,37,46,1786063651715,1786071012445,2026-08-07T00:47:31Z,2026-08-07T02:50:12Z,https://classic.warcraftlogs.com/reports/AC3FWkR1JBP7mH9w,1056,13,13,-1,TRUE,100,-1
gMRnf89xW6FwTpCj,SSC / TK - 2026-08-06,public,United States,44,44,1786063272081,1786070977376,2026-08-07T00:41:12Z,2026-08-07T02:49:37Z,https://classic.warcraftlogs.com/reports/gMRnf89xW6FwTpCj,1056,13,13,-1,TRUE,100,-1
ArD2njg3h9bBVcwT,Fakuga 8/6/26,public,United States,80,84,1786060005591,1786070964304,2026-08-06T23:46:45Z,2026-08-07T02:49:24Z,https://classic.warcraftlogs.com/reports/ArD2njg3h9bBVcwT,1056,13,13,-1,TRUE,100,-1
WnhPkLVBJzwx7vAp,TK,public,United States,15,15,1786065007535,1786071010633,2026-08-07T01:10:07Z,2026-08-07T02:50:10Z,https://classic.warcraftlogs.com/reports/WnhPkLVBJzwx7vAp,1056,13,13,-1,TRUE,100,-1
kXBJLzTHnAWwfMg2,Attuned IRL SSC/TK,public,United States,1,64,1786060008697,1786070559405,2026-08-06T23:46:48Z,2026-08-07T02:42:39Z,https://classic.warcraftlogs.com/reports/kXBJLzTHnAWwfMg2,1056,13,13,-1,TRUE,100,-1
h4rAvzcbkyLN9VCg,Pug ssc/tk 92875925729572,public,United States,45,45,1786061548153,1786070904557,2026-08-07T00:12:28Z,2026-08-07T02:48:24Z,https://classic.warcraftlogs.com/reports/h4rAvzcbkyLN9VCg,1056,13,13,-1,TRUE,100,-1
q37nFQpBLbRGcCHX,Thursday 2026-08-06,public,United States,1,32,1786062267676,1786066937089,2026-08-07T00:24:27Z,2026-08-07T01:42:17Z,https://classic.warcraftlogs.com/reports/q37nFQpBLbRGcCHX,1056,13,13,-1,TRUE,100,-1
mNJqKC82h7crxX4y,SSC / TK,public,United States,43,45,1786062207057,1786070874149,2026-08-07T00:23:27Z,2026-08-07T02:47:54Z,https://classic.warcraftlogs.com/reports/mNJqKC82h7crxX4y,1056,13,13,-1,TRUE,100,-1
2RN7hkGwaqx31jgt,SSC 8-6,public,United States,43,44,1786062087778,1786070875849,2026-08-07T00:21:27Z,2026-08-07T02:47:55Z,https://classic.warcraftlogs.com/reports/2RN7hkGwaqx31jgt,1056,13,13,-1,TRUE,100,-1
v2gX8nWfkxtpbJPq,SSC / TK,public,United States,39,39,1786062862533,1786070873271,2026-08-07T00:34:22Z,2026-08-07T02:47:53Z,https://classic.warcraftlogs.com/reports/v2gX8nWfkxtpbJPq,1056,13,13,-1,TRUE,100,-1
baKHcGV6CvPBXw3p,SSC / TK,public,Korea,1,10,1786070004034,1786070873090,2026-08-07T02:33:24Z,2026-08-07T02:47:53Z,https://classic.warcraftlogs.com/reports/baKHcGV6CvPBXw3p,1056,13,13,-1,TRUE,100,-1
kda8vbnFNXj7TgpA,SSC/TK 6 Aug,public,United States,68,69,1786060440156,1786070854404,2026-08-06T23:54:00Z,2026-08-07T02:47:34Z,https://classic.warcraftlogs.com/reports/kda8vbnFNXj7TgpA,1056,13,13,-1,TRUE,100,-1
1QpcCm7jgqfz2MJP,SSC/TK Thursday Raid - 08/06/26,public,United States,68,69,1786060707590,1786070854769,2026-08-06T23:58:27Z,2026-08-07T02:47:34Z,https://classic.warcraftlogs.com/reports/1QpcCm7jgqfz2MJP,1056,13,13,-1,TRUE,100,-1
79qfzdNg1p2WrbKQ,SSC / TK,public,United States,1,39,1786060283576,1786069618541,2026-08-06T23:51:23Z,2026-08-07T02:26:58Z,https://classic.warcraftlogs.com/reports/79qfzdNg1p2WrbKQ,1056,13,13,-1,TRUE,100,-1
tVPFn8BKCxpajr4D,TK 8/6/26,public,United States,38,40,1786064514135,1786070833322,2026-08-07T01:01:54Z,2026-08-07T02:47:13Z,https://classic.warcraftlogs.com/reports/tVPFn8BKCxpajr4D,1056,13,13,-1,TRUE,100,-1
g2d7rjp3BCMKAYcb,TK 8/6,public,United States,1,30,1786064513062,1786070333474,2026-08-07T01:01:53Z,2026-08-07T02:38:53Z,https://classic.warcraftlogs.com/reports/g2d7rjp3BCMKAYcb,1056,13,13,-1,TRUE,100,-1
NzCcyDRbpMXd6ag9,SSC / TK,public,United States,76,78,1786060211886,1786070795489,2026-08-06T23:50:11Z,2026-08-07T02:46:35Z,https://classic.warcraftlogs.com/reports/NzCcyDRbpMXd6ag9,1056,13,13,-1,TRUE,100,-1
93DNXq7Px1Kh6ygQ,Tempest Keep 8/6/26,public,United States,33,33,1786059486338,1786070802055,2026-08-06T23:38:06Z,2026-08-07T02:46:42Z,https://classic.warcraftlogs.com/reports/93DNXq7Px1Kh6ygQ,1056,13,13,-1,TRUE,100,-1
pWMm9Krx8gwa1Xnj,tk,public,United States,1,35,1786063579455,1786070647055,2026-08-07T00:46:19Z,2026-08-07T02:44:07Z,https://classic.warcraftlogs.com/reports/pWMm9Krx8gwa1Xnj,1056,13,13,-1,TRUE,100,-1
xZLYagRvwHzbXQfK,SSC / TK,public,United States,39,39,1786064225605,1786070781951,2026-08-07T00:57:05Z,2026-08-07T02:46:21Z,https://classic.warcraftlogs.com/reports/xZLYagRvwHzbXQfK,1056,13,13,-1,TRUE,100,-1
XtJk4FHdaMN639gn,F Poker - SSC/TK - 8/6/26,public,United States,80,80,1786058765606,1786070766983,2026-08-06T23:26:05Z,2026-08-07T02:46:06Z,https://classic.warcraftlogs.com/reports/XtJk4FHdaMN639gn,1056,13,13,-1,TRUE,100,-1
ghbx3DY8kcrj4LK6,"SSC - August 6, 2026",public,United States,45,45,1786061109303,1786070733090,2026-08-07T00:05:09Z,2026-08-07T02:45:33Z,https://classic.warcraftlogs.com/reports/ghbx3DY8kcrj4LK6,1056,13,13,-1,TRUE,100,-1
djMKkYNGapF4ZnQH,SSC / TK,public,United States,53,67,1786060132486,1786070723215,2026-08-06T23:48:52Z,2026-08-07T02:45:23Z,https://classic.warcraftlogs.com/reports/djMKkYNGapF4ZnQH,1056,13,13,-1,TRUE,100,-1
1YRdc3kXDHBbF6nr,ssc thursd,public,United States,40,43,1786062084259,1786070717514,2026-08-07T00:21:24Z,2026-08-07T02:45:17Z,https://classic.warcraftlogs.com/reports/1YRdc3kXDHBbF6nr,1056,13,13,-1,TRUE,100,-1
TKRWBmrpvQyAzHX8,SSC / TK,public,United States,35,36,1786062442300,1786070710557,2026-08-07T00:27:22Z,2026-08-07T02:45:10Z,https://classic.warcraftlogs.com/reports/TKRWBmrpvQyAzHX8,1056,13,13,-1,TRUE,100,-1
HmvaxL1yP3KN6A2T,Tk ,public,United States,1,4,1786065173418,1786069640476,2026-08-07T01:12:53Z,2026-08-07T02:27:20Z,https://classic.warcraftlogs.com/reports/HmvaxL1yP3KN6A2T,1056,13,13,-1,TRUE,100,-1
zZwrXDaxN9mcBfLp,SSC 8/6,public,United States,1,36,1786059288824,1786069720613,2026-08-06T23:34:48Z,2026-08-07T02:28:40Z,https://classic.warcraftlogs.com/reports/zZwrXDaxN9mcBfLp,1056,13,13,-1,TRUE,100,-1
6B2qrRC4a1YjM8tW,Attuned IRL TK ,public,United States,1,31,1786060008697,1786070559405,2026-08-06T23:46:48Z,2026-08-07T02:42:39Z,https://classic.warcraftlogs.com/reports/6B2qrRC4a1YjM8tW,1056,13,13,-1,TRUE,100,-1
LjTKgxYwhr2cP4VZ,SSC / TK,public,United States,34,36,1786066083587,1786070676324,2026-08-07T01:28:03Z,2026-08-07T02:44:36Z,https://classic.warcraftlogs.com/reports/LjTKgxYwhr2cP4VZ,1056,13,13,-1,TRUE,100,-1
vZYHKm9xGp8MzacA,8/6/26,public,United States,41,43,1786064011480,1786070676725,2026-08-07T00:53:31Z,2026-08-07T02:44:36Z,https://classic.warcraftlogs.com/reports/vZYHKm9xGp8MzacA,1056,13,13,-1,TRUE,100,-1
4WKngLMpRBzxXNb9,Guild SSC/Gruul - 8.6.26,public,United States,1,35,1786060661930,1786068280878,2026-08-06T23:57:41Z,2026-08-07T02:04:40Z,https://classic.warcraftlogs.com/reports/4WKngLMpRBzxXNb9,1056,13,13,-1,TRUE,100,-1
JLQnVNHDj4Wg1MAB,SSC / TK,public,United States,35,43,1786063079822,1786070643725,2026-08-07T00:37:59Z,2026-08-07T02:44:03Z,https://classic.warcraftlogs.com/reports/JLQnVNHDj4Wg1MAB,1056,13,13,-1,TRUE,100,-1
RktmfavnBTJbc3wC,SSC/ TK 08/06/26,public,United States,79,82,1786060285463,1786070631641,2026-08-06T23:51:25Z,2026-08-07T02:43:51Z,https://classic.warcraftlogs.com/reports/RktmfavnBTJbc3wC,1056,13,13,-1,TRUE,100,-1
RBdWbkZAzMxmnPpy,SSC / TK,public,United States,80,83,1786061003489,1786070627641,2026-08-07T00:03:23Z,2026-08-07T02:43:47Z,https://classic.warcraftlogs.com/reports/RBdWbkZAzMxmnPpy,1056,13,13,-1,TRUE,100,-1
b8axAFzQJ6C1yqgc,no kronix no problem 8/6,public,United States,67,68,1786060591768,1786070621120,2026-08-06T23:56:31Z,2026-08-07T02:43:41Z,https://classic.warcraftlogs.com/reports/b8axAFzQJ6C1yqgc,1056,13,13,-1,TRUE,100,-1
D6Gk9NTXwHaWv4Aq,SSC / TK,public,United States,1,37,1786061846389,1786070414731,2026-08-07T00:17:26Z,2026-08-07T02:40:14Z,https://classic.warcraftlogs.com/reports/D6Gk9NTXwHaWv4Aq,1056,13,13,-1,TRUE,100,-1
jKtyMDb8k1VmCQzZ,SSC,public,United States,26,30,1786064017516,1786070597535,2026-08-07T00:53:37Z,2026-08-07T02:43:17Z,https://classic.warcraftlogs.com/reports/jKtyMDb8k1VmCQzZ,1056,13,13,-1,TRUE,100,-1
7g9BQAWXZR2wdJfm,the one where Ark only brought five pieces of food,public,United States,31,33,1786063670420,1786070598166,2026-08-07T00:47:50Z,2026-08-07T02:43:18Z,https://classic.warcraftlogs.com/reports/7g9BQAWXZR2wdJfm,1056,13,13,-1,TRUE,100,-1
RFcnqwbJGgQDzKYN,ddddddddd,public,United States,54,81,1785976094084,1786070601881,2026-08-06T00:28:14Z,2026-08-07T02:43:21Z,https://classic.warcraftlogs.com/reports/RFcnqwbJGgQDzKYN,1056,13,13,-1,TRUE,100,-1
XA1bFTtjgKzDnM7w,1st belt,public,United States,1,37,1786063322212,1786069975127,2026-08-07T00:42:02Z,2026-08-07T02:32:55Z,https://classic.warcraftlogs.com/reports/XA1bFTtjgKzDnM7w,1056,13,13,-1,TRUE,100,-1
kv6WQdwVDXKZhjH3,SSC2026-08-06,public,United States,34,34,1786061383515,1786070584241,2026-08-07T00:09:43Z,2026-08-07T02:43:04Z,https://classic.warcraftlogs.com/reports/kv6WQdwVDXKZhjH3,1056,13,13,-1,TRUE,100,-1
LzCFgwDan8RGH2pv,SSC 8-6-26,public,United States,1,7,1786061514984,1786070118271,2026-08-07T00:11:54Z,2026-08-07T02:35:18Z,https://classic.warcraftlogs.com/reports/LzCFgwDan8RGH2pv,1056,13,13,-1,TRUE,100,-1
aPHp23nyQ4KJM7rF,SSC - 8/6,public,United States,27,28,1786065033454,1786070577848,2026-08-07T01:10:33Z,2026-08-07T02:42:57Z,https://classic.warcraftlogs.com/reports/aPHp23nyQ4KJM7rF,1056,13,13,-1,TRUE,100,-1
cN12bh8FJaWtPw4m,SSC / TK 2026-08-06,public,United States,28,29,1786066010026,1786070578616,2026-08-07T01:26:50Z,2026-08-07T02:42:58Z,https://classic.warcraftlogs.com/reports/cN12bh8FJaWtPw4m,1056,13,13,-1,TRUE,100,-1
BhrC8RjdPK7MW1aH,SSC / TK,public,United States,1,30,1786065650286,1786070915559,2026-08-07T01:20:50Z,2026-08-07T02:48:35Z,https://classic.warcraftlogs.com/reports/BhrC8RjdPK7MW1aH,1056,13,13,-1,TRUE,100,-1
7qgz6XPTJQMy43Z1,8/6 TK/SSC ,public,United States,72,73,1786060172717,1786070568553,2026-08-06T23:49:32Z,2026-08-07T02:42:48Z,https://classic.warcraftlogs.com/reports/7qgz6XPTJQMy43Z1,1056,13,13,-1,TRUE,100,-1
CN8JcM4GfkjP9H6t,<Attuned IRL> SSC/TK,public,United States,67,68,1786060493710,1786070567356,2026-08-06T23:54:53Z,2026-08-07T02:42:47Z,https://classic.warcraftlogs.com/reports/CN8JcM4GfkjP9H6t,1056,13,13,-1,TRUE,100,-1
zd2hCDJmHq6NTX7V,SSC / TK,public,United States,1,33,1786065149652,1786070552251,2026-08-07T01:12:29Z,2026-08-07T02:42:32Z,https://classic.warcraftlogs.com/reports/zd2hCDJmHq6NTX7V,1056,13,13,-1,TRUE,100,-1
WNhATC26g7VLxt8a,Raid 25 08-06-2026,public,United States,76,76,1786058612008,1786068735006,2026-08-06T23:23:32Z,2026-08-07T02:12:15Z,https://classic.warcraftlogs.com/reports/WNhATC26g7VLxt8a,1056,13,13,-1,TRUE,100,-1
9nbg4tmJX7THrvq6,tk pug,public,United States,1,31,1786064782296,1786069907158,2026-08-07T01:06:22Z,2026-08-07T02:31:47Z,https://classic.warcraftlogs.com/reports/9nbg4tmJX7THrvq6,1056,13,13,-1,TRUE,100,-1
RvJKYF2fqGjWayVX,TK&Mag080626,public,United States,1,36,1786063695403,1786070423268,2026-08-07T00:48:15Z,2026-08-07T02:40:23Z,https://classic.warcraftlogs.com/reports/RvJKYF2fqGjWayVX,1056,13,13,-1,TRUE,100,-1
vkb8qL6wVcN3DXag,Vexed TK 8/6,public,United States,38,38,1786063420973,1786070511981,2026-08-07T00:43:40Z,2026-08-07T02:41:51Z,https://classic.warcraftlogs.com/reports/vkb8qL6wVcN3DXag,1056,13,13,-1,TRUE,100,-1
hj3THfL4BmNC6JZF,SSC / TK,public,United States,1,57,1786060605197,1786070432516,2026-08-06T23:56:45Z,2026-08-07T02:40:32Z,https://classic.warcraftlogs.com/reports/hj3THfL4BmNC6JZF,1056,13,13,-1,TRUE,100,-1
nQGzm8hwFrTvgWqD,SSC / TK,public,United States,1,32,1786066135731,1786070342426,2026-08-07T01:28:55Z,2026-08-07T02:39:02Z,https://classic.warcraftlogs.com/reports/nQGzm8hwFrTvgWqD,1056,13,13,-1,TRUE,100,-1
waqYgDrFcAfjvdQk,Classic Jammers TK 8/6,public,United States,1,33,1786061375002,1786069639132,2026-08-07T00:09:35Z,2026-08-07T02:27:19Z,https://classic.warcraftlogs.com/reports/waqYgDrFcAfjvdQk,1056,13,13,-1,TRUE,100,-1
rKRxav7fGH6q4AY9,2026-08-06_TK,public,United States,1,29,1786063990909,1786070260583,2026-08-07T00:53:10Z,2026-08-07T02:37:40Z,https://classic.warcraftlogs.com/reports/rKRxav7fGH6q4AY9,1056,13,13,-1,TRUE,100,-1
czmBtGPAdb8MnvDx,sham tk 6 aug,public,United States,37,38,1786062869047,1786070224076,2026-08-07T00:34:29Z,2026-08-07T02:37:04Z,https://classic.warcraftlogs.com/reports/czmBtGPAdb8MnvDx,1056,13,13,-1,TRUE,100,-1
Z3L4CwPMB8VN7XWz,SSC / TK,public,United States,10,11,1786068953096,1786070454579,2026-08-07T02:15:53Z,2026-08-07T02:40:54Z,https://classic.warcraftlogs.com/reports/Z3L4CwPMB8VN7XWz,1056,13,13,-1,TRUE,100,-1
RpByDF8dAQgVfHnW,SSC/TK,public,United States,39,41,1786065342707,1786070448596,2026-08-07T01:15:42Z,2026-08-07T02:40:48Z,https://classic.warcraftlogs.com/reports/RpByDF8dAQgVfHnW,1056,13,13,-1,TRUE,100,-1
B9JN4bfVnThdYKjt,Borvald does not like The Rock. Oh and Ali got a new bow!,public,United States,1,25,1786065776391,1786070196303,2026-08-07T01:22:56Z,2026-08-07T02:36:36Z,https://classic.warcraftlogs.com/reports/B9JN4bfVnThdYKjt,1056,13,13,-1,TRUE,100,-1
bndFrAhPL2MJXfKc,SSC/TK,public,United States,67,68,1786059580559,1786070406532,2026-08-06T23:39:40Z,2026-08-07T02:40:06Z,https://classic.warcraftlogs.com/reports/bndFrAhPL2MJXfKc,1056,13,13,-1,TRUE,100,-1
fQWyJv7gj4D1VTZR,SSC / TK,public,United States,31,31,1786065978112,1786070407038,2026-08-07T01:26:18Z,2026-08-07T02:40:07Z,https://classic.warcraftlogs.com/reports/fQWyJv7gj4D1VTZR,1056,13,13,-1,TRUE,100,-1
3zDcnV6FvxmX4RyK,SSC / TK,public,United States,1,29,1786064057959,1786070097109,2026-08-07T00:54:17Z,2026-08-07T02:34:57Z,https://classic.warcraftlogs.com/reports/3zDcnV6FvxmX4RyK,1056,13,13,-1,TRUE,100,-1
gz7JYNAHT4D962yG,SSC/TK,public,United States,67,68,1786059850090,1786070397677,2026-08-06T23:44:10Z,2026-08-07T02:39:57Z,https://classic.warcraftlogs.com/reports/gz7JYNAHT4D962yG,1056,13,13,-1,TRUE,100,-1
rdywbzLFvgajCHQp,Borvald does not like The Rock,public,United States,1,25,1786065776391,1786070196303,2026-08-07T01:22:56Z,2026-08-07T02:36:36Z,https://classic.warcraftlogs.com/reports/rdywbzLFvgajCHQp,1056,13,13,-1,TRUE,100,-1
nL2dfHTY4AQbC7K3,"YOU WERE MEAN'T TO DESTROY THE SITH, NOT JOIN IT",public,United States,64,67,1786062472793,1786070396798,2026-08-07T00:27:52Z,2026-08-07T02:39:56Z,https://classic.warcraftlogs.com/reports/nL2dfHTY4AQbC7K3,1056,14,14,-1,TRUE,100,-1
Lc1RD7MpjAnQkavJ,SSC / TK,public,United States,1,37,1785892585598,1785900960272,2026-08-05T01:16:25Z,2026-08-05T03:36:00Z,https://classic.warcraftlogs.com/reports/Lc1RD7MpjAnQkavJ,1056,14,14,-1,TRUE,100,-1
8xBLQ7v6f4PcrTHk,08-06-2026 - MD - TK 25 man,public,United States,39,39,1786061909590,1786070359440,2026-08-07T00:18:29Z,2026-08-07T02:39:19Z,https://classic.warcraftlogs.com/reports/8xBLQ7v6f4PcrTHk,1056,14,14,-1,TRUE,100,-1
ktWRF9xBnaXgycTm,SSC / TK,public,United States,4,5,1786067686199,1786070335499,2026-08-07T01:54:46Z,2026-08-07T02:38:55Z,https://classic.warcraftlogs.com/reports/ktWRF9xBnaXgycTm,1056,14,14,-1,TRUE,100,-1
Dmd8KAj1h4tgrLbn,G8 TK econ-friendly,public,United States,1,13,1786068180397,1786070078135,2026-08-07T02:03:00Z,2026-08-07T02:34:38Z,https://classic.warcraftlogs.com/reports/Dmd8KAj1h4tgrLbn,1056,14,14,-1,TRUE,100,-1
7D1JyKmFfxahHZ4N,SSC / TK,public,United States,9,20,1786063305201,1786070303023,2026-08-07T00:41:45Z,2026-08-07T02:38:23Z,https://classic.warcraftlogs.com/reports/7D1JyKmFfxahHZ4N,1056,14,14,-1,TRUE,100,-1
43v2AbcyLKdtDVwW,SSC / TK,public,United States,44,44,1786058757885,1786070277986,2026-08-06T23:25:57Z,2026-08-07T02:37:57Z,https://classic.warcraftlogs.com/reports/43v2AbcyLKdtDVwW,1056,14,14,-1,TRUE,100,-1
NmQPMvrAFBjfy4dW,this phase never ends,public,United States,71,73,1786060480485,1786070270278,2026-08-06T23:54:40Z,2026-08-07T02:37:50Z,https://classic.warcraftlogs.com/reports/NmQPMvrAFBjfy4dW,1056,14,14,-1,TRUE,100,-1
hwQqRjHtA7LKNP34,The Tempest Keep,public,United States,1,19,1786062527928,1786069049418,2026-08-07T00:28:47Z,2026-08-07T02:17:29Z,https://classic.warcraftlogs.com/reports/hwQqRjHtA7LKNP34,1056,14,14,-1,TRUE,100,-1
cRD1G428gH7afx3W,SSC / TK,public,United States,74,84,1786057312399,1786070220417,2026-08-06T23:01:52Z,2026-08-07T02:37:00Z,https://classic.warcraftlogs.com/reports/cRD1G428gH7afx3W,1056,14,14,-1,TRUE,100,-1
mrydZTfkjG41xgbY,8-6,public,United States,82,82,1786057163857,1786070221572,2026-08-06T22:59:23Z,2026-08-07T02:37:01Z,https://classic.warcraftlogs.com/reports/mrydZTfkjG41xgbY,1056,14,14,-1,TRUE,100,-1
zncLHZPYR1XQwJrq,SSC / TK,public,United States,1,27,1786065478719,1786070136710,2026-08-07T01:17:58Z,2026-08-07T02:35:36Z,https://classic.warcraftlogs.com/reports/zncLHZPYR1XQwJrq,1056,14,14,-1,TRUE,100,-1
bDgrqJpxWF7fvLnV,SSC / TK,public,China,1,58,1785981322815,1785996377479,2026-08-06T01:55:22Z,2026-08-06T06:06:17Z,https://classic.warcraftlogs.com/reports/bDgrqJpxWF7fvLnV,1056,14,14,-1,TRUE,100,-1
X38qLKx72Zvm9ckN,8/6/26 TEAM CHEESE TK,public,United States,1,33,1786064330712,1786070002818,2026-08-07T00:58:50Z,2026-08-07T02:33:22Z,https://classic.warcraftlogs.com/reports/X38qLKx72Zvm9ckN,1056,14,14,-1,TRUE,100,-1
PNVYdvCF1w6QMj4B,UGLY - SSC,public,United States,1,26,1786066013477,1786070093781,2026-08-07T01:26:53Z,2026-08-07T02:34:53Z,https://classic.warcraftlogs.com/reports/PNVYdvCF1w6QMj4B,1056,14,14,-1,TRUE,100,-1
xHGc8aLBtAbkqWpV,SSC thursday,public,United States,47,47,1786064525784,1786070197168,2026-08-07T01:02:05Z,2026-08-07T02:36:37Z,https://classic.warcraftlogs.com/reports/xHGc8aLBtAbkqWpV,1056,14,14,-1,TRUE,100,-1
TvRL1qrgybma6HPc,8-6-26 SSC 25M,public,United States,33,33,1786063525811,1786070189508,2026-08-07T00:45:25Z,2026-08-07T02:36:29Z,https://classic.warcraftlogs.com/reports/TvRL1qrgybma6HPc,1056,14,14,-1,TRUE,100,-1
8wMXaHmhQvtTxCAf,SSC + TK,public,United States,1,68,1786058532406,1786069091176,2026-08-06T23:22:12Z,2026-08-07T02:18:11Z,https://classic.warcraftlogs.com/reports/8wMXaHmhQvtTxCAf,1056,14,14,-1,TRUE,100,-1
LNbp8WrtYyPfJn6k,SSC + TK,public,United States,82,83,1786060019954,1786070186888,2026-08-06T23:46:59Z,2026-08-07T02:36:26Z,https://classic.warcraftlogs.com/reports/LNbp8WrtYyPfJn6k,1056,14,14,-1,TRUE,100,-1
HQdC3Dqc9h2b6Yzt,Sapphire 8/6 SSC / TK,public,United States,73,74,1786060709992,1786070183203,2026-08-06T23:58:29Z,2026-08-07T02:36:23Z,https://classic.warcraftlogs.com/reports/HQdC3Dqc9h2b6Yzt,1056,14,14,-1,TRUE,100,-1
vMFbg7GA1DH6VCRd,<Risen> TK/SSC 8/6,public,United States,72,74,1786060858755,1786070177808,2026-08-07T00:00:58Z,2026-08-07T02:36:17Z,https://classic.warcraftlogs.com/reports/vMFbg7GA1DH6VCRd,1056,14,14,-1,TRUE,100,-1
qJQ9zMHdfFZRD8cL,G8 TK,public,United States,1,11,1786068032867,1786070077591,2026-08-07T02:00:32Z,2026-08-07T02:34:37Z,https://classic.warcraftlogs.com/reports/qJQ9zMHdfFZRD8cL,1056,14,14,-1,TRUE,100,-1
4tDvC3radTxnpB1N,g8 tk,public,United States,1,10,1786067780263,1786070078184,2026-08-07T01:56:20Z,2026-08-07T02:34:38Z,https://classic.warcraftlogs.com/reports/4tDvC3radTxnpB1N,1056,14,14,-1,TRUE,100,-1
7jDK3xGBm4kdfLcJ,SSC / TK,public,United States,40,40,1786063613259,1786070150653,2026-08-07T00:46:53Z,2026-08-07T02:35:50Z,https://classic.warcraftlogs.com/reports/7jDK3xGBm4kdfLcJ,1056,14,14,-1,TRUE,100,-1
RKv7pBgGhLfCw1bz,SSC,public,United States,45,46,1786058624255,1786070124520,2026-08-06T23:23:44Z,2026-08-07T02:35:24Z,https://classic.warcraftlogs.com/reports/RKv7pBgGhLfCw1bz,1056,14,14,-1,TRUE,100,-1
r8FmGAvjN6zdKaHW,Falcon Thursday SSC,public,United States,37,41,1786061454510,1786070110708,2026-08-07T00:10:54Z,2026-08-07T02:35:10Z,https://classic.warcraftlogs.com/reports/r8FmGAvjN6zdKaHW,1056,14,14,-1,TRUE,100,-1
pxzqF6wWBkdjcy8Y,SSC / TK,public,United States,38,38,1786065169645,1786071009709,2026-08-07T01:12:49Z,2026-08-07T02:50:09Z,https://classic.warcraftlogs.com/reports/pxzqF6wWBkdjcy8Y,1056,14,14,-1,TRUE,100,-1
cCNVrbhMpkzxGB2D,8/6/26 - No skip tech - <All or Nothing> SSC,public,United States,42,43,1786064598079,1786070081635,2026-08-07T01:03:18Z,2026-08-07T02:34:41Z,https://classic.warcraftlogs.com/reports/cCNVrbhMpkzxGB2D,1056,14,14,-1,TRUE,100,-1
4wjX9RZJfYTNqvbH,TK,public,United States,1,37,1786063682939,1786069963185,2026-08-07T00:48:02Z,2026-08-07T02:32:43Z,https://classic.warcraftlogs.com/reports/4wjX9RZJfYTNqvbH,1056,14,14,-1,TRUE,100,-1
cBxrZTa3vdPgKHtb,SSC / TK,public,United States,8,45,1786058583443,1786070047217,2026-08-06T23:23:03Z,2026-08-07T02:34:07Z,https://classic.warcraftlogs.com/reports/cBxrZTa3vdPgKHtb,1056,14,14,-1,TRUE,100,-1
kh24BRxKvNZCGzqL,SSC / TK,public,United States,42,43,1786063744354,1786070048166,2026-08-07T00:49:04Z,2026-08-07T02:34:08Z,https://classic.warcraftlogs.com/reports/kh24BRxKvNZCGzqL,1056,14,14,-1,TRUE,100,-1
dqhtQvr6LMTgzZ2b,SSC/Gruul,public,United States,1,43,1786060344670,1786069202989,2026-08-06T23:52:24Z,2026-08-07T02:20:02Z,https://classic.warcraftlogs.com/reports/dqhtQvr6LMTgzZ2b,1056,14,14,-1,TRUE,100,-1
T6kcLHzj9RbF4ytQ,25 engi,public,United States,70,70,1786060463427,1786070022301,2026-08-06T23:54:23Z,2026-08-07T02:33:42Z,https://classic.warcraftlogs.com/reports/T6kcLHzj9RbF4ytQ,1056,14,14,-1,TRUE,100,-1
mGv1xNapJwDh46t8,8/6 Engi Run,public,United States,65,66,1786060136407,1786070021731,2026-08-06T23:48:56Z,2026-08-07T02:33:41Z,https://classic.warcraftlogs.com/reports/mGv1xNapJwDh46t8,1056,14,14,-1,TRUE,100,-1
GyLHt2gX8zRxd41J,Thurs SSC Week 13,public,United States,1,26,1786060597613,1786064989438,2026-08-06T23:56:37Z,2026-08-07T01:09:49Z,https://classic.warcraftlogs.com/reports/GyLHt2gX8zRxd41J,1056,14,14,-1,TRUE,100,-1
zn3gvbT4BVypHc7R,UGLY - SSC,public,United States,32,34,1786066013477,1786069995285,2026-08-07T01:26:53Z,2026-08-07T02:33:15Z,https://classic.warcraftlogs.com/reports/zn3gvbT4BVypHc7R,1056,14,14,-1,TRUE,100,-1
XFq34aHkMCycWdxZ,SSC / TK,public,United States,70,70,1786059059163,1786070000492,2026-08-06T23:30:59Z,2026-08-07T02:33:20Z,https://classic.warcraftlogs.com/reports/XFq34aHkMCycWdxZ,1056,14,14,-1,TRUE,100,-1
hwcPnVd36N1qHXKk,SSC / TK,public,United States,37,37,1786065027512,1786069989684,2026-08-07T01:10:27Z,2026-08-07T02:33:09Z,https://classic.warcraftlogs.com/reports/hwcPnVd36N1qHXKk,1056,14,14,-1,TRUE,100,-1
hAVt3BTwRLp897yH,TK shadow word die!!!!,public,United States,1,37,1786063340526,1786069843605,2026-08-07T00:42:20Z,2026-08-07T02:30:43Z,https://classic.warcraftlogs.com/reports/hAVt3BTwRLp897yH,1056,14,14,-1,TRUE,100,-1
APWpxDrBMRk3qmXG,SSC / TK,public,United States,1,4,1786063751474,1786069638404,2026-08-07T00:49:11Z,2026-08-07T02:27:18Z,https://classic.warcraftlogs.com/reports/APWpxDrBMRk3qmXG,1056,14,14,-1,TRUE,100,-1
DFx8tXh4QWYZByjA,ssc,public,United States,1,32,1786063941844,1786069905156,2026-08-07T00:52:21Z,2026-08-07T02:31:45Z,https://classic.warcraftlogs.com/reports/DFx8tXh4QWYZByjA,1056,14,14,-1,TRUE,100,-1
pVDRvA6yz7W4MJqw,SSC / TK,public,United States,35,36,1786065344119,1786069975618,2026-08-07T01:15:44Z,2026-08-07T02:32:55Z,https://classic.warcraftlogs.com/reports/pVDRvA6yz7W4MJqw,1056,14,14,-1,TRUE,100,-1
CYAVabxdfXtL4jmJ,Blue SSC,public,United States,1,20,1786064528358,1786069747367,2026-08-07T01:02:08Z,2026-08-07T02:29:07Z,https://classic.warcraftlogs.com/reports/CYAVabxdfXtL4jmJ,1056,14,14,-1,TRUE,100,-1
X8CAJx7MWQaYgkPK,nsane got bopped,public,United States,1,52,1786060121840,1786069802045,2026-08-06T23:48:41Z,2026-08-07T02:30:02Z,https://classic.warcraftlogs.com/reports/X8CAJx7MWQaYgkPK,1056,14,14,-1,TRUE,100,-1
Jz39DyvTH1cNwkax,SSC / TK,public,United States,1,6,1786063920220,1786069577707,2026-08-07T00:52:00Z,2026-08-07T02:26:17Z,https://classic.warcraftlogs.com/reports/Jz39DyvTH1cNwkax,1056,14,14,-1,TRUE,100,-1
nPwg3M8hKHjaqfBt,SSC / TK,public,United States,1,38,1786060092931,1786069708840,2026-08-06T23:48:12Z,2026-08-07T02:28:28Z,https://classic.warcraftlogs.com/reports/nPwg3M8hKHjaqfBt,1056,14,14,-1,TRUE,100,-1
j7gwGbyTmdFLxp3z,TK/SSC 2026.08.06,public,United States,1,68,1786060210957,1786069662316,2026-08-06T23:50:10Z,2026-08-07T02:27:42Z,https://classic.warcraftlogs.com/reports/j7gwGbyTmdFLxp3z,1056,14,14,-1,TRUE,100,-1
CLfNg91GamcDFV4w,SSC / TK,public,United States,42,48,1786061888459,1786069908929,2026-08-07T00:18:08Z,2026-08-07T02:31:48Z,https://classic.warcraftlogs.com/reports/CLfNg91GamcDFV4w,1056,14,14,-1,TRUE,100,-1
LyrbMVY61xqpDvfA,SSC 08/06,public,United States,1,37,1786060324703,1786069724592,2026-08-06T23:52:04Z,2026-08-07T02:28:44Z,https://classic.warcraftlogs.com/reports/LyrbMVY61xqpDvfA,1056,14,14,-1,TRUE,100,-1
LWwzKtXx2Np7V3ZD,SSC / TK,public,United States,28,33,1786063752793,1786069902109,2026-08-07T00:49:12Z,2026-08-07T02:31:42Z,https://classic.warcraftlogs.com/reports/LWwzKtXx2Np7V3ZD,1056,14,14,-1,TRUE,100,-1
FXhdYw39LtD46Cpg,SSC / TK,public,United States,32,32,1786065125429,1786069905920,2026-08-07T01:12:05Z,2026-08-07T02:31:45Z,https://classic.warcraftlogs.com/reports/FXhdYw39LtD46Cpg,1056,14,14,-1,TRUE,100,-1
J8B9qj1A3rk7fgGV,SSC / TK,public,United States,55,56,1786062618015,1786069900221,2026-08-07T00:30:18Z,2026-08-07T02:31:40Z,https://classic.warcraftlogs.com/reports/J8B9qj1A3rk7fgGV,1056,14,14,-1,TRUE,100,-1
a7WAQFHr9hZjK8vG,SSC / TK,public,United States,27,34,1786064244793,1786069901869,2026-08-07T00:57:24Z,2026-08-07T02:31:41Z,https://classic.warcraftlogs.com/reports/a7WAQFHr9hZjK8vG,1056,14,14,-1,TRUE,100,-1
Qc3a6vf49zqCwtF7,SSC / TK,public,United States,42,42,1786057826839,1786069252727,2026-08-06T23:10:26Z,2026-08-07T02:20:52Z,https://classic.warcraftlogs.com/reports/Qc3a6vf49zqCwtF7,1056,14,14,-1,TRUE,100,-1
bDG8hH9TFZzfcvwK,SSC/TK - R2 - 8/6,public,United States,24,26,1786065324163,1786069843569,2026-08-07T01:15:24Z,2026-08-07T02:30:43Z,https://classic.warcraftlogs.com/reports/bDG8hH9TFZzfcvwK,1056,14,14,-1,TRUE,100,-1
nWq4Rj1HL6rmQZXK,SSC / TK,public,United States,34,34,1786064549727,1786069852144,2026-08-07T01:02:29Z,2026-08-07T02:30:52Z,https://classic.warcraftlogs.com/reports/nWq4Rj1HL6rmQZXK,1056,14,14,-1,TRUE,100,-1
nxBwaCtX9kbMQhAK,SSC,public,United States,10,30,1786062154741,1786069843951,2026-08-07T00:22:34Z,2026-08-07T02:30:43Z,https://classic.warcraftlogs.com/reports/nxBwaCtX9kbMQhAK,1056,14,14,-1,TRUE,100,-1
aJrxnyczmXKgWHBV,SSC / TK,public,United States,1,32,1786063751474,1786069679672,2026-08-07T00:49:11Z,2026-08-07T02:27:59Z,https://classic.warcraftlogs.com/reports/aJrxnyczmXKgWHBV,1056,14,14,-1,TRUE,100,-1
cRjGHgr3NXFBfKza,SSC / TK,public,United States,1,36,1786060970570,1786069366333,2026-08-07T00:02:50Z,2026-08-07T02:22:46Z,https://classic.warcraftlogs.com/reports/cRjGHgr3NXFBfKza,1056,14,14,-1,TRUE,100,-1
Wthrkg2A3B9FP4vp,SSC / TK,public,United States,34,35,1786063654962,1786069778303,2026-08-07T00:47:34Z,2026-08-07T02:29:38Z,https://classic.warcraftlogs.com/reports/Wthrkg2A3B9FP4vp,1056,14,14,-1,TRUE,100,-1
QAfbBNW9vxKZgcPT,SSC - Thur,public,United States,42,42,1786064732371,1786069768358,2026-08-07T01:05:32Z,2026-08-07T02:29:28Z,https://classic.warcraftlogs.com/reports/QAfbBNW9vxKZgcPT,1056,14,14,-1,TRUE,100,-1
7BDWv4z6aH3FnNGQ,SSC / TK2026-08-06,public,United States,25,24,1786066963072,1786069744500,2026-08-07T01:42:43Z,2026-08-07T02:29:04Z,https://classic.warcraftlogs.com/reports/7BDWv4z6aH3FnNGQ,1056,14,14,-1,TRUE,100,-1
KvqpG7HLB4a9Vmcg,SSC / TK,public,United States,16,44,1786061245038,1786069747130,2026-08-07T00:07:25Z,2026-08-07T02:29:07Z,https://classic.warcraftlogs.com/reports/KvqpG7HLB4a9Vmcg,1056,14,14,-1,TRUE,100,-1
rkj71YWVnyJTPMAH,tk 8/6/26,public,United States,35,36,1786064117758,1786069739587,2026-08-07T00:55:17Z,2026-08-07T02:28:59Z,https://classic.warcraftlogs.com/reports/rkj71YWVnyJTPMAH,1056,14,14,-1,TRUE,100,-1
hnJ27Rtc9ZgvDANq,SSC / TK,public,United States,36,37,1786064000057,1786069740631,2026-08-07T00:53:20Z,2026-08-07T02:29:00Z,https://classic.warcraftlogs.com/reports/hnJ27Rtc9ZgvDANq,1056,14,14,-1,TRUE,100,-1
DqNw4Kg9acCQV8zh,ruh roh,public,United States,1,27,1786065021741,1786069732090,2026-08-07T01:10:21Z,2026-08-07T02:28:52Z,https://classic.warcraftlogs.com/reports/DqNw4Kg9acCQV8zh,1056,14,14,-1,TRUE,100,-1
QMzPbLpJ8KwgAvn7,SSC / TK,public,United States,68,70,1786058294357,1786069717471,2026-08-06T23:18:14Z,2026-08-07T02:28:37Z,https://classic.warcraftlogs.com/reports/QMzPbLpJ8KwgAvn7,1056,14,14,-1,TRUE,100,-1
HM7AQdtvDCBbrajK,SSC - Charlie - 07/06,public,United States,1,30,1786063038585,1786069015673,2026-08-07T00:37:18Z,2026-08-07T02:16:55Z,https://classic.warcraftlogs.com/reports/HM7AQdtvDCBbrajK,1056,14,14,-1,TRUE,100,-1
b62Bx8Wqhty4mgPZ,SSC / TK,public,United States,1,38,1786064468645,1786069521742,2026-08-07T01:01:08Z,2026-08-07T02:25:21Z,https://classic.warcraftlogs.com/reports/b62Bx8Wqhty4mgPZ,1056,14,14,-1,TRUE,100,-1
Vv17Dd3J9w86MQzP,SSC / TK,public,China,1,55,1786019345049,1786028539352,2026-08-06T12:29:05Z,2026-08-06T15:02:19Z,https://classic.warcraftlogs.com/reports/Vv17Dd3J9w86MQzP,1056,14,14,-1,TRUE,100,-1
FTQrtqfn4WvbLHk7,SSC / TK,public,United States,10,10,1786063855358,1786069704458,2026-08-07T00:50:55Z,2026-08-07T02:28:24Z,https://classic.warcraftlogs.com/reports/FTQrtqfn4WvbLHk7,1056,14,14,-1,TRUE,100,-1
XTJ7bQPWjyHrRLwx,Thurs TK Week 13,public,United States,1,21,1786065348305,1786068680378,2026-08-07T01:15:48Z,2026-08-07T02:11:20Z,https://classic.warcraftlogs.com/reports/XTJ7bQPWjyHrRLwx,1056,14,14,-1,TRUE,100,-1
WjNkp4mQRKvJBVA1,SSC - Late Group 0806,public,United States,1,43,1786062213876,1786069487167,2026-08-07T00:23:33Z,2026-08-07T02:24:47Z,https://classic.warcraftlogs.com/reports/WjNkp4mQRKvJBVA1,1056,14,14,-1,TRUE,100,-1
m294wPnD6M1g3VKf,SSC / TK,public,United States,51,52,1786061283032,1786069677248,2026-08-07T00:08:03Z,2026-08-07T02:27:57Z,https://classic.warcraftlogs.com/reports/m294wPnD6M1g3VKf,1056,14,14,-1,TRUE,100,-1
PCp3h79gJmj1ZKdr,TK - 8/6/26,public,United States,1,39,1786059480584,1786069086721,2026-08-06T23:38:00Z,2026-08-07T02:18:06Z,https://classic.warcraftlogs.com/reports/PCp3h79gJmj1ZKdr,1056,14,14,-1,TRUE,100,-1
xJ3YvaMVct4HjdPn,TKO,public,United States,34,34,1786064354241,1786069654723,2026-08-07T00:59:14Z,2026-08-07T02:27:34Z,https://classic.warcraftlogs.com/reports/xJ3YvaMVct4HjdPn,1056,14,14,-1,TRUE,100,-1
PK68wxzkV9ZLCpDq,SSC / TK,public,United States,1,31,1786059197416,1786068862956,2026-08-06T23:33:17Z,2026-08-07T02:14:22Z,https://classic.warcraftlogs.com/reports/PK68wxzkV9ZLCpDq,1056,14,14,-1,TRUE,100,-1
rRvzWLJTKqMmcGk9,SSC / TK,public,United States,35,35,1785462802383,1785471155254,2026-07-31T01:53:22Z,2026-07-31T04:12:35Z,https://classic.warcraftlogs.com/reports/rRvzWLJTKqMmcGk9,1056,14,14,-1,TRUE,100,-1
pDAg1cj9FZxfaYn2,SSC / TK,public,United States,35,35,1786062701740,1786069633284,2026-08-07T00:31:41Z,2026-08-07T02:27:13Z,https://classic.warcraftlogs.com/reports/pDAg1cj9FZxfaYn2,1056,14,14,-1,TRUE,100,-1
FDwaqRZrNGBtg6Kz,SSC / TK,public,United States,1,37,1786060992293,1786069542515,2026-08-07T00:03:12Z,2026-08-07T02:25:42Z,https://classic.warcraftlogs.com/reports/FDwaqRZrNGBtg6Kz,1056,14,14,-1,TRUE,100,-1
LW6QX8Yp7M2TByNC,SSC 8/6/2026,public,United States,36,36,1786057587416,1786069619761,2026-08-06T23:06:27Z,2026-08-07T02:26:59Z,https://classic.warcraftlogs.com/reports/LW6QX8Yp7M2TByNC,1056,14,14,-1,TRUE,100,-1
a9qmABhRtxGL6ZC2,SSC / TK,public,United States,1,20,1786065059132,1786069587747,2026-08-07T01:10:59Z,2026-08-07T02:26:27Z,https://classic.warcraftlogs.com/reports/a9qmABhRtxGL6ZC2,1056,14,14,-1,TRUE,100,-1
YpzxQ9F3aXT7wBf2,SSC / TK,public,United States,23,23,1786060702446,1786069588636,2026-08-06T23:58:22Z,2026-08-07T02:26:28Z,https://classic.warcraftlogs.com/reports/YpzxQ9F3aXT7wBf2,1056,14,14,-1,TRUE,100,-1
8FLR3AgrcDtnzwdZ,SSC / TK,public,United States,1,37,1786060814864,1786068722979,2026-08-07T00:00:14Z,2026-08-07T02:12:02Z,https://classic.warcraftlogs.com/reports/8FLR3AgrcDtnzwdZ,1056,14,14,-1,TRUE,100,-1
PkmRX1fWJjQzL3HT,SSC,public,United States,1,37,1786059297101,1786068826549,2026-08-06T23:34:57Z,2026-08-07T02:13:46Z,https://classic.warcraftlogs.com/reports/PkmRX1fWJjQzL3HT,1056,14,14,-1,TRUE,100,-1
2hbq7z3w9rxvdCB1,TK,public,United States,1,17,1786064473213,1786067502920,2026-08-07T01:01:13Z,2026-08-07T01:51:42Z,https://classic.warcraftlogs.com/reports/2hbq7z3w9rxvdCB1,1056,14,14,-1,TRUE,100,-1
aJQTbzf4D3cvK9CV,SSC-Disco Lemonade Pug-Aldé,public,United States,55,56,1786056582357,1786069559865,2026-08-06T22:49:42Z,2026-08-07T02:25:59Z,https://classic.warcraftlogs.com/reports/aJQTbzf4D3cvK9CV,1056,14,14,-1,TRUE,100,-1
qAVNxLXRQTBK3nw7,8/6/26 SSC,public,United States,1,10,1786059950981,1786069041291,2026-08-06T23:45:50Z,2026-08-07T02:17:21Z,https://classic.warcraftlogs.com/reports/qAVNxLXRQTBK3nw7,1056,14,14,-1,TRUE,100,-1
gpkfHB9ajA4r2zbT,SSC / TK,public,United States,1,35,1786061319243,1786069376998,2026-08-07T00:08:39Z,2026-08-07T02:22:56Z,https://classic.warcraftlogs.com/reports/gpkfHB9ajA4r2zbT,1056,14,14,-1,TRUE,100,-1
BpQhj31ntr9xmwa7,SSC / TK,public,United States,75,75,1786060298450,1786069536674,2026-08-06T23:51:38Z,2026-08-07T02:25:36Z,https://classic.warcraftlogs.com/reports/BpQhj31ntr9xmwa7,1056,14,14,-1,TRUE,100,-1
V7GhkbTQ8246qgW1,ssc/tk,public,United States,2,56,1786060826925,1786069388880,2026-08-07T00:00:26Z,2026-08-07T02:23:08Z,https://classic.warcraftlogs.com/reports/V7GhkbTQ8246qgW1,1056,14,14,-1,TRUE,100,-1
6Ph8tN4wyMjkJHxL,SSC / TK,public,United States,40,40,1786060635820,1786069524717,2026-08-06T23:57:15Z,2026-08-07T02:25:24Z,https://classic.warcraftlogs.com/reports/6Ph8tN4wyMjkJHxL,1056,14,14,-1,TRUE,100,-1
c9NJ8yYhCw17AXjg,SSC / TK,public,United States,1,32,1786063731158,1786069364967,2026-08-07T00:48:51Z,2026-08-07T02:22:44Z,https://classic.warcraftlogs.com/reports/c9NJ8yYhCw17AXjg,1056,14,14,-1,TRUE,100,-1
dvGhZWj3xtYTqa4w,SSC / TK,public,United States,24,26,1786066170293,1786069494729,2026-08-07T01:29:30Z,2026-08-07T02:24:54Z,https://classic.warcraftlogs.com/reports/dvGhZWj3xtYTqa4w,1056,14,14,-1,TRUE,100,-1
BtRKPD6jCQFdw7xa,SSC / TK,public,China,1,26,1786019345049,1786023151326,2026-08-06T12:29:05Z,2026-08-06T13:32:31Z,https://classic.warcraftlogs.com/reports/BtRKPD6jCQFdw7xa,1056,14,14,-1,TRUE,100,-1
3rvB9NAqx1b4aY8t,Pretty Thursday week 14 SSC/TK,public,United States,70,71,1786059913052,1786069484456,2026-08-06T23:45:13Z,2026-08-07T02:24:44Z,https://classic.warcraftlogs.com/reports/3rvB9NAqx1b4aY8t,1056,14,14,-1,TRUE,100,-1
DrpPn6YjhGMZTqXW,<Scabs> TK - 8/6,public,United States,1,4,1786048663810,1786068931139,2026-08-06T20:37:43Z,2026-08-07T02:15:31Z,https://classic.warcraftlogs.com/reports/DrpPn6YjhGMZTqXW,1056,14,14,-1,TRUE,100,-1
hXY9kQfvFLTBKc4Z,8/6 TK,public,United States,36,36,1786063623495,1786069482666,2026-08-07T00:47:03Z,2026-08-07T02:24:42Z,https://classic.warcraftlogs.com/reports/hXY9kQfvFLTBKc4Z,1056,14,14,-1,TRUE,100,-1
GnkFMZywhWVqtR1c,SSC Late (8/6),public,United States,22,45,1786062482182,1786069477178,2026-08-07T00:28:02Z,2026-08-07T02:24:37Z,https://classic.warcraftlogs.com/reports/GnkFMZywhWVqtR1c,1056,14,14,-1,TRUE,100,-1
6LhPvc4379xyfHDA,Classic Jammers TK.,public,United States,38,38,1786053260863,1786069456891,2026-08-06T21:54:20Z,2026-08-07T02:24:16Z,https://classic.warcraftlogs.com/reports/6LhPvc4379xyfHDA,1056,14,14,-1,TRUE,100,-1
bDm8r3FWqMtCLZH4,Classic Jammers Raid 8/6,public,United States,39,39,1786061253524,1786069463336,2026-08-07T00:07:33Z,2026-08-07T02:24:23Z,https://classic.warcraftlogs.com/reports/bDm8r3FWqMtCLZH4,1056,15,15,-1,TRUE,100,-1
rR4NZFfjvG7xytYk,8/6 TK,public,United States,40,40,1786062202466,1786069457675,2026-08-07T00:23:22Z,2026-08-07T02:24:17Z,https://classic.warcraftlogs.com/reports/rR4NZFfjvG7xytYk,1056,15,15,-1,TRUE,100,-1
ZCLxVqfMJ9rzw73c,"The Coach from Letterkenny That Says ""Fuckin' Embarrassing"" All The Time",public,United States,29,29,1786063294264,1786069450974,2026-08-07T00:41:34Z,2026-08-07T02:24:10Z,https://classic.warcraftlogs.com/reports/ZCLxVqfMJ9rzw73c,1056,15,15,-1,TRUE,100,-1
16vw3ZJmhPbrCXyx,SSC / TK,public,United States,72,72,1786058860694,1786069361071,2026-08-06T23:27:40Z,2026-08-07T02:22:41Z,https://classic.warcraftlogs.com/reports/16vw3ZJmhPbrCXyx,1056,15,15,-1,TRUE,100,-1
HgpQ4WwVL7mTBAJh,SSC / TK,public,United States,5,28,1786060332718,1786064718528,2026-08-06T23:52:12Z,2026-08-07T01:05:18Z,https://classic.warcraftlogs.com/reports/HgpQ4WwVL7mTBAJh,1056,15,15,-1,TRUE,100,-1
GB4KJyHz2gnw3QXk,Myrmidons SSC/Gruul,public,United States,14,20,1786062966356,1786069376527,2026-08-07T00:36:06Z,2026-08-07T02:22:56Z,https://classic.warcraftlogs.com/reports/GB4KJyHz2gnw3QXk,1056,15,15,-1,TRUE,100,-1
1vdhkWTn7tARqbVC,SSC / TK,public,United States,19,43,1786057626674,1786069376487,2026-08-06T23:07:06Z,2026-08-07T02:22:56Z,https://classic.warcraftlogs.com/reports/1vdhkWTn7tARqbVC,1056,15,15,-1,TRUE,100,-1
xrhvH1GLXFQyTVq4,TK - 8-6-26,public,United States,35,35,1786062355167,1786069354963,2026-08-07T00:25:55Z,2026-08-07T02:22:34Z,https://classic.warcraftlogs.com/reports/xrhvH1GLXFQyTVq4,1056,15,15,-1,TRUE,100,-1
AzpV9qc3jnwLRJKr,SSC / TK,public,United States,35,35,1786064677332,1786069348390,2026-08-07T01:04:37Z,2026-08-07T02:22:28Z,https://classic.warcraftlogs.com/reports/AzpV9qc3jnwLRJKr,1056,15,15,-1,TRUE,100,-1
AwLBH6cyfp9jbka7,SSC / TK,public,United States,3,35,1786060811420,1786069296270,2026-08-07T00:00:11Z,2026-08-07T02:21:36Z,https://classic.warcraftlogs.com/reports/AwLBH6cyfp9jbka7,1056,15,15,-1,TRUE,100,-1
dDqhPTXfVRbLk9M3,SSC / TK,public,United States,8,40,1786060547323,1786069063413,2026-08-06T23:55:47Z,2026-08-07T02:17:43Z,https://classic.warcraftlogs.com/reports/dDqhPTXfVRbLk9M3,1056,15,15,-1,TRUE,100,-1
cBX4jA8wqWgmaQDd,SSC / TK,public,United States,1,27,1786062983559,1786069262716,2026-08-07T00:36:23Z,2026-08-07T02:21:02Z,https://classic.warcraftlogs.com/reports/cBX4jA8wqWgmaQDd,1056,15,15,-1,TRUE,100,-1
1f6FVyGqMXKp34vD,SSC / TK,public,United States,37,37,1786062671379,1786069301102,2026-08-07T00:31:11Z,2026-08-07T02:21:41Z,https://classic.warcraftlogs.com/reports/1f6FVyGqMXKp34vD,1056,15,15,-1,TRUE,100,-1
xwDQTgHAd63WKjNZ,TK + SSC - Axis (8/6/26),public,United States,9,37,1786061284402,1786069294721,2026-08-07T00:08:04Z,2026-08-07T02:21:34Z,https://classic.warcraftlogs.com/reports/xwDQTgHAd63WKjNZ,1056,15,15,-1,TRUE,100,-1
vy8qNx9d3DKcCXMj,some tk,public,United States,38,38,1786061929848,1786069295823,2026-08-07T00:18:49Z,2026-08-07T02:21:35Z,https://classic.warcraftlogs.com/reports/vy8qNx9d3DKcCXMj,1056,15,15,-1,TRUE,100,-1
TXyYAdgJfQw3DG6P,SSC / TK,public,United States,41,41,1786059525972,1786069296214,2026-08-06T23:38:45Z,2026-08-07T02:21:36Z,https://classic.warcraftlogs.com/reports/TXyYAdgJfQw3DG6P,1056,15,15,-1,TRUE,100,-1
9gfcvQMRpFAktjqD,SSC / TK,public,United States,31,42,1786063321325,1786069291466,2026-08-07T00:42:01Z,2026-08-07T02:21:31Z,https://classic.warcraftlogs.com/reports/9gfcvQMRpFAktjqD,1056,15,15,-1,TRUE,100,-1
Y83Xgq6WD2wmp97t,SSC / TK,public,Europe,1,44,1786027675229,1786036841589,2026-08-06T14:47:55Z,2026-08-06T17:20:41Z,https://classic.warcraftlogs.com/reports/Y83Xgq6WD2wmp97t,1056,15,15,-1,TRUE,100,-1
dxjqB1JwYPkVmT9R,SSC / TK,public,United States,33,37,1786062443515,1786069277732,2026-08-07T00:27:23Z,2026-08-07T02:21:17Z,https://classic.warcraftlogs.com/reports/dxjqB1JwYPkVmT9R,1056,15,15,-1,TRUE,100,-1
9hF7XfxD2aMj8RqG,SSC Cleanup,public,United States,1,1,1786064590788,1786069266012,2026-08-07T01:03:10Z,2026-08-07T02:21:06Z,https://classic.warcraftlogs.com/reports/9hF7XfxD2aMj8RqG,1056,15,15,-1,TRUE,100,-1
yVX6zFJpT4B2GLYM,SSC 8/6,public,United States,1,7,1786062719570,1786068737271,2026-08-07T00:31:59Z,2026-08-07T02:12:17Z,https://classic.warcraftlogs.com/reports/yVX6zFJpT4B2GLYM,1056,15,15,-1,TRUE,100,-1
bqDh6c4f9YxQ7gLa,8.6 SSC Split 2,public,United States,1,36,1786061910660,1786068793646,2026-08-07T00:18:30Z,2026-08-07T02:13:13Z,https://classic.warcraftlogs.com/reports/bqDh6c4f9YxQ7gLa,1056,15,15,-1,TRUE,100,-1
nCpy8LP4MQV7afAc,SSC / TK,public,United States,29,36,1786063221251,1786069215722,2026-08-07T00:40:21Z,2026-08-07T02:20:15Z,https://classic.warcraftlogs.com/reports/nCpy8LP4MQV7afAc,1056,15,15,-1,TRUE,100,-1
zXG8tFd4HgqATp6c,Thurs TK and Gruul,public,United States,30,31,1786064098995,1786069220350,2026-08-07T00:54:58Z,2026-08-07T02:20:20Z,https://classic.warcraftlogs.com/reports/zXG8tFd4HgqATp6c,1056,15,15,-1,TRUE,100,-1
dnaxzB4DRJq7KFQT,ssc,public,United States,20,38,1786059970479,1786069198544,2026-08-06T23:46:10Z,2026-08-07T02:19:58Z,https://classic.warcraftlogs.com/reports/dnaxzB4DRJq7KFQT,1056,15,15,-1,TRUE,100,-1
Hg3x6VAq8cjTYryn,SSC / TK,public,United States,41,41,1786057920340,1786069182781,2026-08-06T23:12:00Z,2026-08-07T02:19:42Z,https://classic.warcraftlogs.com/reports/Hg3x6VAq8cjTYryn,1056,15,15,-1,TRUE,100,-1
wPab3Wvft4FyDCxd,SSC / TK,public,United States,1,36,1786063464744,1786068935037,2026-08-07T00:44:24Z,2026-08-07T02:15:35Z,https://classic.warcraftlogs.com/reports/wPab3Wvft4FyDCxd,1056,15,15,-1,TRUE,100,-1
WfwLJFnD2hp63rbx,8/6 TK,public,United States,35,35,1786064656356,1786069158806,2026-08-07T01:04:16Z,2026-08-07T02:19:18Z,https://classic.warcraftlogs.com/reports/WfwLJFnD2hp63rbx,1056,15,15,-1,TRUE,100,-1
MJ3FCxdzXHVbY8mv,SSC / TK,public,United States,35,35,1786064570943,1786069159167,2026-08-07T01:02:50Z,2026-08-07T02:19:19Z,https://classic.warcraftlogs.com/reports/MJ3FCxdzXHVbY8mv,1056,15,15,-1,TRUE,100,-1
jdN8vMBwQgARGJrV,SSC / TK,public,United States,32,32,1786063141774,1786069144858,2026-08-07T00:39:01Z,2026-08-07T02:19:04Z,https://classic.warcraftlogs.com/reports/jdN8vMBwQgARGJrV,1056,15,15,-1,TRUE,100,-1
QAMRTXy2j4CYkvJ9,TK - 6-Aug-2026 - What Remains,public,United States,32,32,1786062479344,1786069141028,2026-08-07T00:27:59Z,2026-08-07T02:19:01Z,https://classic.warcraftlogs.com/reports/QAMRTXy2j4CYkvJ9,1056,15,15,-1,TRUE,100,-1
XRAzvnZq3VCj6Twy,SSC / TK,public,United States,1,45,1786060799973,1786069120531,2026-08-06T23:59:59Z,2026-08-07T02:18:40Z,https://classic.warcraftlogs.com/reports/XRAzvnZq3VCj6Twy,1056,15,15,-1,TRUE,100,-1
AVkvG8QK3yFhcT4D,SSC / TK,public,United States,14,14,1786065310342,1786069133371,2026-08-07T01:15:10Z,2026-08-07T02:18:53Z,https://classic.warcraftlogs.com/reports/AVkvG8QK3yFhcT4D,1056,15,15,-1,TRUE,100,-1
M4b2yJgzkL7N8AZq,SSC / TK,public,United States,1,29,1785884577910,1785890669313,2026-08-04T23:02:57Z,2026-08-05T00:44:29Z,https://classic.warcraftlogs.com/reports/M4b2yJgzkL7N8AZq,1056,15,15,-1,TRUE,100,-1
wapV9g6zqrAHt48F,SSC / TK,public,United States,74,75,1786059704756,1786069091087,2026-08-06T23:41:44Z,2026-08-07T02:18:11Z,https://classic.warcraftlogs.com/reports/wapV9g6zqrAHt48F,1056,15,15,-1,TRUE,100,-1
KG9mzhDcf3gT4Ra6,8.6 rat,public,United States,49,70,1786059691352,1786069087685,2026-08-06T23:41:31Z,2026-08-07T02:18:07Z,https://classic.warcraftlogs.com/reports/KG9mzhDcf3gT4Ra6,1056,15,15,-1,TRUE,100,-1
PFYtd64fAmy8rQB1,DELTA SSC 8-6-26,public,United States,50,50,1786062211663,1786069036076,2026-08-07T00:23:31Z,2026-08-07T02:17:16Z,https://classic.warcraftlogs.com/reports/PFYtd64fAmy8rQB1,1056,15,15,-1,TRUE,100,-1
VwvMcaWdmyLZP3TX,Flaming men SSC crazy fast speed run rank 1 world no check,public,United States,25,37,1786064656394,1786069081114,2026-08-07T01:04:16Z,2026-08-07T02:18:01Z,https://classic.warcraftlogs.com/reports/VwvMcaWdmyLZP3TX,1056,15,15,-1,TRUE,100,-1
TYx28yKDzkBW9XNV,SSC,public,United States,1,6,1786062963271,1786068922076,2026-08-07T00:36:03Z,2026-08-07T02:15:22Z,https://classic.warcraftlogs.com/reports/TYx28yKDzkBW9XNV,1056,15,15,-1,TRUE,100,-1
tWXQmqzkAbc73hPR,SSC/Gruul - Tempest - 8/6/26,public,United States,16,16,1786065212213,1786069062788,2026-08-07T01:13:32Z,2026-08-07T02:17:42Z,https://classic.warcraftlogs.com/reports/tWXQmqzkAbc73hPR,1056,15,15,-1,TRUE,100,-1
9GDLjpKmYXFPwA4V,SSC / TK,public,United States,14,14,1786063426406,1786069064633,2026-08-07T00:43:46Z,2026-08-07T02:17:44Z,https://classic.warcraftlogs.com/reports/9GDLjpKmYXFPwA4V,1056,15,15,-1,TRUE,100,-1
RnYDcxarNz4VbZft,the little split that could,public,United States,1,28,1786063789352,1786068611928,2026-08-07T00:49:49Z,2026-08-07T02:10:11Z,https://classic.warcraftlogs.com/reports/RnYDcxarNz4VbZft,1056,15,15,-1,TRUE,100,-1
BGF4CRvXzZ97QYLg,SSC / TK,public,United States,27,29,1786064498956,1786069053063,2026-08-07T01:01:38Z,2026-08-07T02:17:33Z,https://classic.warcraftlogs.com/reports/BGF4CRvXzZ97QYLg,1056,15,15,-1,TRUE,100,-1
wVMv4crHqBybxYQk,SSC / TK,public,United States,1,29,1786062336042,1786068310034,2026-08-07T00:25:36Z,2026-08-07T02:05:10Z,https://classic.warcraftlogs.com/reports/wVMv4crHqBybxYQk,1056,15,15,-1,TRUE,100,-1
wyHXYpRDa9KhvV24,therapy,public,United States,63,72,1786057206902,1786069022563,2026-08-06T23:00:06Z,2026-08-07T02:17:02Z,https://classic.warcraftlogs.com/reports/wyHXYpRDa9KhvV24,1056,15,15,-1,TRUE,100,-1
rmD8Pz2n7p1w6HaZ,TK / SSC Thurs,public,United States,42,69,1786060456644,1786068937224,2026-08-06T23:54:16Z,2026-08-07T02:15:37Z,https://classic.warcraftlogs.com/reports/rmD8Pz2n7p1w6HaZ,1056,15,15,-1,TRUE,100,-1
BP8qxyGMCQ46Y1HD,8/6 SSC,public,United States,38,38,1786063059018,1786069013275,2026-08-07T00:37:39Z,2026-08-07T02:16:53Z,https://classic.warcraftlogs.com/reports/BP8qxyGMCQ46Y1HD,1056,15,15,-1,TRUE,100,-1
dn38TxGHMAhXyvQV,Week 13 SSC - Smooth as a cow's udder!,public,United States,1,27,1786063000297,1786068745360,2026-08-07T00:36:40Z,2026-08-07T02:12:25Z,https://classic.warcraftlogs.com/reports/dn38TxGHMAhXyvQV,1056,15,15,-1,TRUE,100,-1
rmwP7F6q2N3y4ZXV,TK 8/6/2026,public,United States,20,33,1786062374622,1786068996044,2026-08-07T00:26:14Z,2026-08-07T02:16:36Z,https://classic.warcraftlogs.com/reports/rmwP7F6q2N3y4ZXV,1056,15,15,-1,TRUE,100,-1
2ad1HAzbZBVQkmFp,Log Jams Aug-6-2026,public,United States,22,77,1786057001556,1786068984027,2026-08-06T22:56:41Z,2026-08-07T02:16:24Z,https://classic.warcraftlogs.com/reports/2ad1HAzbZBVQkmFp,1056,15,15,-1,TRUE,100,-1
wA2WvadKFgcMfZ6b,SSC / TK,public,United States,35,39,1786061723312,1786068991850,2026-08-07T00:15:23Z,2026-08-07T02:16:31Z,https://classic.warcraftlogs.com/reports/wA2WvadKFgcMfZ6b,1056,15,15,-1,TRUE,100,-1
hzHYA6yZBwWmT9RG,Shaman raids,public,United States,82,84,1786057331176,1786068979483,2026-08-06T23:02:11Z,2026-08-07T02:16:19Z,https://classic.warcraftlogs.com/reports/hzHYA6yZBwWmT9RG,1056,15,15,-1,TRUE,100,-1
tX17M4x9vYhcJHyf,SSC / TK 2026-08-06,public,United States,34,34,1786063828164,1786068994962,2026-08-07T00:50:28Z,2026-08-07T02:16:34Z,https://classic.warcraftlogs.com/reports/tX17M4x9vYhcJHyf,1056,15,15,-1,TRUE,100,-1
fHABcm9WYrZqQNRv,SSC / TK,public,United States,1,7,1786060747992,1786068286946,2026-08-06T23:59:07Z,2026-08-07T02:04:46Z,https://classic.warcraftlogs.com/reports/fHABcm9WYrZqQNRv,1056,15,15,-1,TRUE,100,-1
wnZFXY9t7DxqVNWk,SSC / TK,public,United States,38,38,1786063589695,1786068974533,2026-08-07T00:46:29Z,2026-08-07T02:16:14Z,https://classic.warcraftlogs.com/reports/wnZFXY9t7DxqVNWk,1056,15,15,-1,TRUE,100,-1
3M8A2CfTyw1aHgdZ,TK 8/6,public,United States,36,36,1786064251001,1786068977609,2026-08-07T00:57:31Z,2026-08-07T02:16:17Z,https://classic.warcraftlogs.com/reports/3M8A2CfTyw1aHgdZ,1056,15,15,-1,TRUE,100,-1
kHtZQAXJYDvcfbyx,Subuwu's HFF 08062026,public,United States,1,32,1786061621290,1786068553877,2026-08-07T00:13:41Z,2026-08-07T02:09:13Z,https://classic.warcraftlogs.com/reports/kHtZQAXJYDvcfbyx,1056,15,15,-1,TRUE,100,-1
t6TXr9mqLy3FQpkc,SSC / TK,public,United States,23,23,1786066213437,1786068947483,2026-08-07T01:30:13Z,2026-08-07T02:15:47Z,https://classic.warcraftlogs.com/reports/t6TXr9mqLy3FQpkc,1056,15,15,-1,TRUE,100,-1
MAqQ16BFLwrm7kyp,<Who pulled> Tempest Keep,public,United States,1,5,1786062466819,1786068403829,2026-08-07T00:27:46Z,2026-08-07T02:06:43Z,https://classic.warcraftlogs.com/reports/MAqQ16BFLwrm7kyp,1056,15,15,-1,TRUE,100,-1
gFHMw1ctLa3XVyjC,SSC / TK,public,United States,75,75,1786058472289,1786068923126,2026-08-06T23:21:12Z,2026-08-07T02:15:23Z,https://classic.warcraftlogs.com/reports/gFHMw1ctLa3XVyjC,1056,15,15,-1,TRUE,100,-1
98t3yh4nfMvmGgQz,SSC / TK,public,United States,35,35,1786063705371,1786068905192,2026-08-07T00:48:25Z,2026-08-07T02:15:05Z,https://classic.warcraftlogs.com/reports/98t3yh4nfMvmGgQz,1056,15,15,-1,TRUE,100,-1
PH2mbT6B718qLNMR,Rebellious - Week 13 - TK - 8/06/26,public,United States,34,34,1786064412655,1786068900627,2026-08-07T01:00:12Z,2026-08-07T02:15:00Z,https://classic.warcraftlogs.com/reports/PH2mbT6B718qLNMR,1056,15,15,-1,TRUE,100,-1
mf9bLD8RZPJq7Na2,Odyssey - 08/06/26,public,United States,1,14,1786063202209,1786068842526,2026-08-07T00:40:02Z,2026-08-07T02:14:02Z,https://classic.warcraftlogs.com/reports/mf9bLD8RZPJq7Na2,1056,15,15,-1,TRUE,100,-1
p2Cqgr9KTN3PnzHR,Split 2 SSC: Rick is sorry,public,United States,1,23,1786065030986,1786068589785,2026-08-07T01:10:30Z,2026-08-07T02:09:49Z,https://classic.warcraftlogs.com/reports/p2Cqgr9KTN3PnzHR,1056,15,15,-1,TRUE,100,-1
jwcL32rQyd4CBaqh,SSC / TK,public,United States,1,35,1786059067313,1786067107084,2026-08-06T23:31:07Z,2026-08-07T01:45:07Z,https://classic.warcraftlogs.com/reports/jwcL32rQyd4CBaqh,1056,15,15,-1,TRUE,100,-1
t4kKCjd1DcBrvgWz,8/6/26 TK,public,United States,1,28,1786062309250,1786068767163,2026-08-07T00:25:09Z,2026-08-07T02:12:47Z,https://classic.warcraftlogs.com/reports/t4kKCjd1DcBrvgWz,1056,15,15,-1,TRUE,100,-1
h2gLtBn7zkwvDACy,8/6/2026 tk/ssc,public,United States,79,79,1786057309833,1786068826913,2026-08-06T23:01:49Z,2026-08-07T02:13:46Z,https://classic.warcraftlogs.com/reports/h2gLtBn7zkwvDACy,1056,15,15,-1,TRUE,100,-1
4Dm6jfp9CdPTBL2w,Thursday SSC/TK,public,United States,26,26,1786065957129,1786068821442,2026-08-07T01:25:57Z,2026-08-07T02:13:41Z,https://classic.warcraftlogs.com/reports/4Dm6jfp9CdPTBL2w,1056,15,15,-1,TRUE,100,-1
DXLtPbTar2ypwmN3,AZMRET,public,United States,1,24,1786065425651,1786068715649,2026-08-07T01:17:05Z,2026-08-07T02:11:55Z,https://classic.warcraftlogs.com/reports/DXLtPbTar2ypwmN3,1056,15,15,-1,TRUE,100,-1
zGb1vA6tmYgNafdP,TK 8/6,public,United States,34,34,1786064142073,1786068804036,2026-08-07T00:55:42Z,2026-08-07T02:13:24Z,https://classic.warcraftlogs.com/reports/zGb1vA6tmYgNafdP,1056,15,15,-1,TRUE,100,-1
HdfrKPvtMmky3ABx,8/6/26 SSC,public,United States,44,44,1786064195491,1786068799638,2026-08-07T00:56:35Z,2026-08-07T02:13:19Z,https://classic.warcraftlogs.com/reports/HdfrKPvtMmky3ABx,1056,15,15,-1,TRUE,100,-1
JMfkFP7C81tQDpyY,SSC / TK,public,United States,48,48,1786062409697,1786068795259,2026-08-07T00:26:49Z,2026-08-07T02:13:15Z,https://classic.warcraftlogs.com/reports/JMfkFP7C81tQDpyY,1056,15,15,-1,TRUE,100,-1
DbatXjGWRxm4vhZC,SSC / TK,public,United States,17,38,1786061628241,1786068825254,2026-08-07T00:13:48Z,2026-08-07T02:13:45Z,https://classic.warcraftlogs.com/reports/DbatXjGWRxm4vhZC,1056,15,15,-1,TRUE,100,-1
pvVMw61hAdnzrbJa,SSC / TK,public,United States,24,33,1786062925576,1786068776885,2026-08-07T00:35:25Z,2026-08-07T02:12:56Z,https://classic.warcraftlogs.com/reports/pvVMw61hAdnzrbJa,1056,15,15,-1,TRUE,100,-1
JGM6FyBxQjm1kACt,Core II (SSC),public,United States,38,38,1786064962902,1786068752502,2026-08-07T01:09:22Z,2026-08-07T02:12:32Z,https://classic.warcraftlogs.com/reports/JGM6FyBxQjm1kACt,1056,15,15,-1,TRUE,100,-1
NhxM14aH6mDgkJzR,Fracture - CoR Week,public,United States,69,69,1786060881584,1786068715127,2026-08-07T00:01:21Z,2026-08-07T02:11:55Z,https://classic.warcraftlogs.com/reports/NhxM14aH6mDgkJzR,1056,15,15,-1,TRUE,100,-1
Cc1jfpHxdn8LwhWP,breahna pug 08/06,public,United States,31,39,1786060312973,1786068709997,2026-08-06T23:51:52Z,2026-08-07T02:11:49Z,https://classic.warcraftlogs.com/reports/Cc1jfpHxdn8LwhWP,1056,15,15,-1,TRUE,100,-1
y9QYPmLt1HXv6Vhq,Salv PP Raid KT/Lairs 8/6,public,United States,23,23,1786063191781,1786068691315,2026-08-07T00:39:51Z,2026-08-07T02:11:31Z,https://classic.warcraftlogs.com/reports/y9QYPmLt1HXv6Vhq,1056,15,15,-1,TRUE,100,-1
w6gp2WmXBxdrNvkF,SSC / TK,public,United States,43,43,1786062592182,1786068680733,2026-08-07T00:29:52Z,2026-08-07T02:11:20Z,https://classic.warcraftlogs.com/reports/w6gp2WmXBxdrNvkF,1056,15,15,-1,TRUE,100,-1
MKVkbc1tRfT9qxHQ,SSC / TK,public,United States,1,38,1786061020952,1786068386098,2026-08-07T00:03:40Z,2026-08-07T02:06:26Z,https://classic.warcraftlogs.com/reports/MKVkbc1tRfT9qxHQ,1056,15,15,-1,TRUE,100,-1
mMZv6CpQnXH39ahr,SSC / TK,public,United States,56,56,1786057181964,1786068645742,2026-08-06T22:59:41Z,2026-08-07T02:10:45Z,https://classic.warcraftlogs.com/reports/mMZv6CpQnXH39ahr,1056,15,15,-1,TRUE,100,-1
PtWZXJ1R3cxd9vH6,SSC ,public,United States,21,21,1786063515190,1786068637173,2026-08-07T00:45:15Z,2026-08-07T02:10:37Z,https://classic.warcraftlogs.com/reports/PtWZXJ1R3cxd9vH6,1056,15,15,-1,TRUE,100,-1
NPaLgbpc6W3jBXMh,SSC / TK,public,United States,27,31,1786063052200,1786068624342,2026-08-07T00:37:32Z,2026-08-07T02:10:24Z,https://classic.warcraftlogs.com/reports/NPaLgbpc6W3jBXMh,1056,15,15,-1,TRUE,100,-1
aW8tCczGMjmd1Q26,ssc/tk 8/6,public,United States,16,18,1786066248803,1786068611062,2026-08-07T01:30:48Z,2026-08-07T02:10:11Z,https://classic.warcraftlogs.com/reports/aW8tCczGMjmd1Q26,1056,15,15,-1,TRUE,100,-1
FvXBQNTVrCjYARP6,Thursday SSC,public,United States,51,51,1786059766008,1786068599392,2026-08-06T23:42:46Z,2026-08-07T02:09:59Z,https://classic.warcraftlogs.com/reports/FvXBQNTVrCjYARP6,1056,15,15,-1,TRUE,100,-1
jCQw7M1PzgxJhR9c,TK w Cool Peoples Only,public,United States,1,29,1786062458425,1786068279634,2026-08-07T00:27:38Z,2026-08-07T02:04:39Z,https://classic.warcraftlogs.com/reports/jCQw7M1PzgxJhR9c,1056,15,15,-1,TRUE,100,-1
PjQ7yKTA1bJZYXB9,8.6,public,United States,43,43,1786061276121,1786068585741,2026-08-07T00:07:56Z,2026-08-07T02:09:45Z,https://classic.warcraftlogs.com/reports/PjQ7yKTA1bJZYXB9,1056,15,15,-1,TRUE,100,-1
Ph4qtn3b17JdCyVc,SSC / TK,public,United States,1,33,1786062800091,1786068493396,2026-08-07T00:33:20Z,2026-08-07T02:08:13Z,https://classic.warcraftlogs.com/reports/Ph4qtn3b17JdCyVc,1056,15,15,-1,TRUE,100,-1
KfMwb6xmkF9DXcyV,8/6 SSC,public,United States,1,14,1786063533208,1786068376605,2026-08-07T00:45:33Z,2026-08-07T02:06:16Z,https://classic.warcraftlogs.com/reports/KfMwb6xmkF9DXcyV,1056,15,15,-1,TRUE,100,-1
zLjvdCxwprRNkPnH,TT SSC 8/6,public,United States,1,6,1786059735717,1786067867623,2026-08-06T23:42:15Z,2026-08-07T01:57:47Z,https://classic.warcraftlogs.com/reports/zLjvdCxwprRNkPnH,1056,15,15,-1,TRUE,100,-1
nyHLX4NWz8PqCVvx,Tempest Keep+Gruul,public,United States,1,41,1786060411858,1786067704037,2026-08-06T23:53:31Z,2026-08-07T01:55:04Z,https://classic.warcraftlogs.com/reports/nyHLX4NWz8PqCVvx,1056,15,15,-1,TRUE,100,-1
bR3GznhtZ6qgxwkP,ssc/tk fri 7/8,public,United States,1,60,1786059197349,1786068151634,2026-08-06T23:33:17Z,2026-08-07T02:02:31Z,https://classic.warcraftlogs.com/reports/bR3GznhtZ6qgxwkP,1056,15,15,-1,TRUE,100,-1
wCZ6Tz3mdVBkjKP7,SSC / TK,public,United States,2,25,1786062787820,1786068376090,2026-08-07T00:33:07Z,2026-08-07T02:06:16Z,https://classic.warcraftlogs.com/reports/wCZ6Tz3mdVBkjKP7,1056,15,15,-1,TRUE,100,-1
7g41TQ8fd3FYwHkA,TK 8/5,public,United States,31,31,1786060194565,1786068490927,2026-08-06T23:49:54Z,2026-08-07T02:08:10Z,https://classic.warcraftlogs.com/reports/7g41TQ8fd3FYwHkA,1056,15,15,-1,TRUE,100,-1
PCaRhZWXVvL8KwzF,TK,public,United States,24,31,1786061983435,1786068490038,2026-08-07T00:19:43Z,2026-08-07T02:08:10Z,https://classic.warcraftlogs.com/reports/PCaRhZWXVvL8KwzF,1056,15,15,-1,TRUE,100,-1
RGzk2dLPrQqypXFm,8/6 SSC+Gruul,public,United States,46,46,1786061486936,1786068459590,2026-08-07T00:11:26Z,2026-08-07T02:07:39Z,https://classic.warcraftlogs.com/reports/RGzk2dLPrQqypXFm,1056,15,15,-1,TRUE,100,-1
y16cqjXJTMdBQgGw,SSC 08/06/2026,public,United States,39,39,1786059231162,1786068456721,2026-08-06T23:33:51Z,2026-08-07T02:07:36Z,https://classic.warcraftlogs.com/reports/y16cqjXJTMdBQgGw,1056,15,15,-1,TRUE,100,-1
NpG81YKHjZdD42x7,Alyasta isn't good part 2 8.6.26,public,United States,37,37,1786060908250,1786068452459,2026-08-07T00:01:48Z,2026-08-07T02:07:32Z,https://classic.warcraftlogs.com/reports/NpG81YKHjZdD42x7,1056,15,15,-1,TRUE,100,-1
z8FmqAHZKDRV6Jan,TK 8/6,public,United States,39,48,1786060065571,1786068453326,2026-08-06T23:47:45Z,2026-08-07T02:07:33Z,https://classic.warcraftlogs.com/reports/z8FmqAHZKDRV6Jan,1056,15,15,-1,TRUE,100,-1
hma93YXJf4cR6qtC,SSC pug,public,United States,32,32,1786061587951,1786068452887,2026-08-07T00:13:07Z,2026-08-07T02:07:32Z,https://classic.warcraftlogs.com/reports/hma93YXJf4cR6qtC,1056,15,15,-1,TRUE,100,-1
XZwJmNfphbTg86cD,SSC / TK,public,United States,10,21,1786066037836,1786068443691,2026-08-07T01:27:17Z,2026-08-07T02:07:23Z,https://classic.warcraftlogs.com/reports/XZwJmNfphbTg86cD,1056,16,16,-1,TRUE,100,-1
am2DQ8npYRJzrXdN,SSC / TK,public,United States,22,33,1786063170702,1786068434934,2026-08-07T00:39:30Z,2026-08-07T02:07:14Z,https://classic.warcraftlogs.com/reports/am2DQ8npYRJzrXdN,1056,16,16,-1,TRUE,100,-1
9xBW7nVH6LN1TcPR,SSC / TK,public,United States,1,5,1786067099909,1786068373052,2026-08-07T01:44:59Z,2026-08-07T02:06:13Z,https://classic.warcraftlogs.com/reports/9xBW7nVH6LN1TcPR,1056,16,16,-1,TRUE,100,-1
R7HF2KTxpfrgPWNq,TK 8/6/26,public,United States,17,34,1786061907929,1786068289216,2026-08-07T00:18:27Z,2026-08-07T02:04:49Z,https://classic.warcraftlogs.com/reports/R7HF2KTxpfrgPWNq,1056,16,16,-1,TRUE,100,-1
qh7QtXy2j4cLZWfw,Cutscenes 8/6,public,United States,37,37,1786062244754,1786068404424,2026-08-07T00:24:04Z,2026-08-07T02:06:44Z,https://classic.warcraftlogs.com/reports/qh7QtXy2j4cLZWfw,1056,16,16,-1,TRUE,100,-1
p421rX8FcQ3GjkRz,SSC / TK,public,United States,36,36,1786061950520,1786068404656,2026-08-07T00:19:10Z,2026-08-07T02:06:44Z,https://classic.warcraftlogs.com/reports/p421rX8FcQ3GjkRz,1056,16,16,-1,TRUE,100,-1
8cF4WtRXZDTQApHx,Goats Milk TK 08/06/26,public,United States,1,5,1786062812044,1786067751449,2026-08-07T00:33:32Z,2026-08-07T01:55:51Z,https://classic.warcraftlogs.com/reports/8cF4WtRXZDTQApHx,1056,16,16,-1,TRUE,100,-1
xV7Rf3WkJ6d4NZ1m,SSC3 - Aug 6,public,United States,1,30,1786063831989,1786068210177,2026-08-07T00:50:31Z,2026-08-07T02:03:30Z,https://classic.warcraftlogs.com/reports/xV7Rf3WkJ6d4NZ1m,1056,16,16,-1,TRUE,100,-1
Pkj8amGV2bRpCL16,"Twice the pride, double the fall",public,United States,78,78,1786056188268,1786068363934,2026-08-06T22:43:08Z,2026-08-07T02:06:03Z,https://classic.warcraftlogs.com/reports/Pkj8amGV2bRpCL16,1056,16,16,-1,TRUE,100,-1
8zbpjMLawNZ43hfV,SSC / TK,public,United States,69,69,1786057375818,1786068321689,2026-08-06T23:02:55Z,2026-08-07T02:05:21Z,https://classic.warcraftlogs.com/reports/8zbpjMLawNZ43hfV,1056,16,16,-1,TRUE,100,-1
3HRBJqmgNF129Zcv,SSC / TK,public,United States,1,36,1786060438599,1786067497841,2026-08-06T23:53:58Z,2026-08-07T01:51:37Z,https://classic.warcraftlogs.com/reports/3HRBJqmgNF129Zcv,1056,16,16,-1,TRUE,100,-1
xHwj9bDdRpq4ngfT,ssc/tk,public,United States,1,52,1786058740379,1786066618433,2026-08-06T23:25:40Z,2026-08-07T01:36:58Z,https://classic.warcraftlogs.com/reports/xHwj9bDdRpq4ngfT,1056,16,16,-1,TRUE,100,-1
K8v1H4R7nQghTJym,tk,public,United States,37,47,1786059658867,1786068287271,2026-08-06T23:40:58Z,2026-08-07T02:04:47Z,https://classic.warcraftlogs.com/reports/K8v1H4R7nQghTJym,1056,16,16,-1,TRUE,100,-1
T8f6FQbNaKhpnMGx,ALTIMATE WARRIORS - TK - 8/6/2026,public,United States,1,27,1786062689350,1786067791912,2026-08-07T00:31:29Z,2026-08-07T01:56:31Z,https://classic.warcraftlogs.com/reports/T8f6FQbNaKhpnMGx,1056,16,16,-1,TRUE,100,-1
xPkHB3QcG1pamzAw,SSC TK GRULL,public,United States,1,65,1786057269217,1786068028537,2026-08-06T23:01:09Z,2026-08-07T02:00:28Z,https://classic.warcraftlogs.com/reports/xPkHB3QcG1pamzAw,1056,16,16,-1,TRUE,100,-1
RNH9xXPmYGyDMn1L,2026-08-06 - SSC - Thursday,public,United States,1,23,1786063241972,1786068036587,2026-08-07T00:40:41Z,2026-08-07T02:00:36Z,https://classic.warcraftlogs.com/reports/RNH9xXPmYGyDMn1L,1056,16,16,-1,TRUE,100,-1
6c31MqPhWkb7ZpAr,naxx warmup,public,United States,1,24,1786064477736,1786068120388,2026-08-07T01:01:17Z,2026-08-07T02:02:00Z,https://classic.warcraftlogs.com/reports/6c31MqPhWkb7ZpAr,1056,16,16,-1,TRUE,100,-1
cbg8xJ1htzY9LyWj,SSC / TK,public,United States,1,29,1786057466562,1786067679413,2026-08-06T23:04:26Z,2026-08-07T01:54:39Z,https://classic.warcraftlogs.com/reports/cbg8xJ1htzY9LyWj,1056,16,16,-1,TRUE,100,-1
MYrgkWKjvVCJD42d,thurs,public,United States,24,39,1786060687498,1786068256047,2026-08-06T23:58:07Z,2026-08-07T02:04:16Z,https://classic.warcraftlogs.com/reports/MYrgkWKjvVCJD42d,1056,16,16,-1,TRUE,100,-1
PG1pqDtJLw4XV9hc,SSC / TK,public,United States,1,5,1786067099909,1786068178131,2026-08-07T01:44:59Z,2026-08-07T02:02:58Z,https://classic.warcraftlogs.com/reports/PG1pqDtJLw4XV9hc,1056,16,16,-1,TRUE,100,-1
Yw4hr2cG1HFfvzVK,TK - 8/6,public,United States,1,36,1786060545393,1786067901011,2026-08-06T23:55:45Z,2026-08-07T01:58:21Z,https://classic.warcraftlogs.com/reports/Yw4hr2cG1HFfvzVK,1056,16,16,-1,TRUE,100,-1
TMZqP6bRVm8hFJtG,TK Again,public,United States,29,41,1786060705155,1786068199905,2026-08-06T23:58:25Z,2026-08-07T02:03:19Z,https://classic.warcraftlogs.com/reports/TMZqP6bRVm8hFJtG,1056,16,16,-1,TRUE,100,-1
ZvXL7QmazxAyGhHW,SSC / TK,public,United States,27,27,1786063363488,1786068201985,2026-08-07T00:42:43Z,2026-08-07T02:03:21Z,https://classic.warcraftlogs.com/reports/ZvXL7QmazxAyGhHW,1056,16,16,-1,TRUE,100,-1
zYZcvQNbV27nTqfg,SSC / TK,public,United States,12,31,1786062816202,1786068127747,2026-08-07T00:33:36Z,2026-08-07T02:02:07Z,https://classic.warcraftlogs.com/reports/zYZcvQNbV27nTqfg,1056,16,16,-1,TRUE,100,-1
kZvM6hwc4bABrp8z,SSC / TK,public,United States,1,29,1785884577910,1785890669313,2026-08-04T23:02:57Z,2026-08-05T00:44:29Z,https://classic.warcraftlogs.com/reports/kZvM6hwc4bABrp8z,1056,16,16,-1,TRUE,100,-1
jx84qAXgwDBTZ9Wr,[Balls] SSC - 8/6/26,public,United States,33,33,1786062506925,1786068170314,2026-08-07T00:28:26Z,2026-08-07T02:02:50Z,https://classic.warcraftlogs.com/reports/jx84qAXgwDBTZ9Wr,1056,16,16,-1,TRUE,100,-1
4CtBW9rF2MhAGa6z,SSC / TK,public,United States,1,4,1786067099909,1786068141211,2026-08-07T01:44:59Z,2026-08-07T02:02:21Z,https://classic.warcraftlogs.com/reports/4CtBW9rF2MhAGa6z,1056,16,16,-1,TRUE,100,-1
j7yL6amCWtkNpA2g,SSC / TK,public,United States,1,38,1786061226821,1786067880511,2026-08-07T00:07:06Z,2026-08-07T01:58:00Z,https://classic.warcraftlogs.com/reports/j7yL6amCWtkNpA2g,1056,16,16,-1,TRUE,100,-1
gBHaxrQhLkA1Ff6C,SSC / TK,public,United States,4,4,1786067099909,1786068104886,2026-08-07T01:44:59Z,2026-08-07T02:01:44Z,https://classic.warcraftlogs.com/reports/gBHaxrQhLkA1Ff6C,1056,16,16,-1,TRUE,100,-1
wXF9h3PdtjGH21p7,SSC / TK,public,United States,1,63,1786056712705,1786068004758,2026-08-06T22:51:52Z,2026-08-07T02:00:04Z,https://classic.warcraftlogs.com/reports/wXF9h3PdtjGH21p7,1056,16,16,-1,TRUE,100,-1
jxWTfC6RmtAnzHaw,"SSC / TK - press s PUG - August 6, 2026",public,United States,67,67,1786057150392,1786068082487,2026-08-06T22:59:10Z,2026-08-07T02:01:22Z,https://classic.warcraftlogs.com/reports/jxWTfC6RmtAnzHaw,1056,16,16,-1,TRUE,100,-1
Xvd7TFhBrQCPnK4z,CBC SSC and more ,public,United States,44,44,1786062469752,1786068060782,2026-08-07T00:27:49Z,2026-08-07T02:01:00Z,https://classic.warcraftlogs.com/reports/Xvd7TFhBrQCPnK4z,1056,16,16,-1,TRUE,100,-1
827RCLfdVP1Xj9Km,SSC / TK,public,United States,19,19,1786064281901,1786068038292,2026-08-07T00:58:01Z,2026-08-07T02:00:38Z,https://classic.warcraftlogs.com/reports/827RCLfdVP1Xj9Km,1056,16,16,-1,TRUE,100,-1
FCpAyV7NWGLKvB4j,TK 8/6 BT waiting room,public,United States,17,17,1786064201267,1786068010087,2026-08-07T00:56:41Z,2026-08-07T02:00:10Z,https://classic.warcraftlogs.com/reports/FCpAyV7NWGLKvB4j,1056,16,16,-1,TRUE,100,-1
ptb7wMh4agxKQ6Hy,SSC / TK,public,United States,42,42,1786061245038,1786068030042,2026-08-07T00:07:25Z,2026-08-07T02:00:30Z,https://classic.warcraftlogs.com/reports/ptb7wMh4agxKQ6Hy,1056,16,16,-1,TRUE,100,-1
VbKYP2A6cNnRDwqh,Thurs PUMP,public,United States,53,65,1786060410367,1786068025461,2026-08-06T23:53:30Z,2026-08-07T02:00:25Z,https://classic.warcraftlogs.com/reports/VbKYP2A6cNnRDwqh,1056,16,16,-1,TRUE,100,-1
Nfx2KDg3m97QrdqR,SSC Aug 6,public,United States,1,30,1786060826430,1786066409415,2026-08-07T00:00:26Z,2026-08-07T01:33:29Z,https://classic.warcraftlogs.com/reports/Nfx2KDg3m97QrdqR,1056,16,16,-1,TRUE,100,-1
4cATZWr9V8Fnjpd3,Steakhaus 8-6,public,United States,50,70,1786056948864,1786067967388,2026-08-06T22:55:48Z,2026-08-07T01:59:27Z,https://classic.warcraftlogs.com/reports/4cATZWr9V8Fnjpd3,1056,16,16,-1,TRUE,100,-1
wW8xhmPLtGbRT9Zg,Steakhaus TK/SSC  6 Aug 2026,public,United States,77,77,1786056867444,1786067965688,2026-08-06T22:54:27Z,2026-08-07T01:59:25Z,https://classic.warcraftlogs.com/reports/wW8xhmPLtGbRT9Zg,1056,16,16,-1,TRUE,100,-1
qVrLFT7dYQKgf4Rn,xd,public,United States,28,32,1786064359122,1786067916585,2026-08-07T00:59:19Z,2026-08-07T01:58:36Z,https://classic.warcraftlogs.com/reports/qVrLFT7dYQKgf4Rn,1056,16,16,-1,TRUE,100,-1
LmwTCW4jNVbgA3Hr,SSC / TK,public,United States,40,46,1786058999984,1786067901664,2026-08-06T23:29:59Z,2026-08-07T01:58:21Z,https://classic.warcraftlogs.com/reports/LmwTCW4jNVbgA3Hr,1056,16,16,-1,TRUE,100,-1
mjQxVCzk6RbdKJ7H,SSC / TK,public,United States,53,54,1786056966974,1786067886508,2026-08-06T22:56:06Z,2026-08-07T01:58:06Z,https://classic.warcraftlogs.com/reports/mjQxVCzk6RbdKJ7H,1056,16,16,-1,TRUE,100,-1
zLy4TjFP6daCDhJw,SSC Thurs,public,United States,32,32,1786061865496,1786067881139,2026-08-07T00:17:45Z,2026-08-07T01:58:01Z,https://classic.warcraftlogs.com/reports/zLy4TjFP6daCDhJw,1056,16,16,-1,TRUE,100,-1
VNwvr6mTK4ZPXQAB,Odyssey - 08/04/26,public,United States,1,61,1785891428439,1785903310392,2026-08-05T00:57:08Z,2026-08-05T04:15:10Z,https://classic.warcraftlogs.com/reports/VNwvr6mTK4ZPXQAB,1056,16,16,-1,TRUE,100,-1
bPrVtxR1j3BmMk72,SSC 8-6-26,public,United States,36,36,1786061411438,1786067868105,2026-08-07T00:10:11Z,2026-08-07T01:57:48Z,https://classic.warcraftlogs.com/reports/bPrVtxR1j3BmMk72,1056,16,16,-1,TRUE,100,-1
VvJ1rzGqBfwyjcag,black nig cavern,public,United States,37,37,1786060984194,1786067867246,2026-08-07T00:03:04Z,2026-08-07T01:57:47Z,https://classic.warcraftlogs.com/reports/VvJ1rzGqBfwyjcag,1056,16,16,-1,TRUE,100,-1
wvJTDfkB21gNLZPd,SSC / TK,public,United States,19,23,1786061991083,1786067851604,2026-08-07T00:19:51Z,2026-08-07T01:57:31Z,https://classic.warcraftlogs.com/reports/wvJTDfkB21gNLZPd,1056,16,16,-1,TRUE,100,-1
kdh8bLMWAxFTJYXD,SSC / TK,public,United States,18,23,1786059061856,1786067853754,2026-08-06T23:31:01Z,2026-08-07T01:57:33Z,https://classic.warcraftlogs.com/reports/kdh8bLMWAxFTJYXD,1056,16,16,-1,TRUE,100,-1
YxzbGX64fHL7wMBV,8/6 TK,public,United States,35,35,1786059419421,1786065545650,2026-08-06T23:36:59Z,2026-08-07T01:19:05Z,https://classic.warcraftlogs.com/reports/YxzbGX64fHL7wMBV,1056,16,16,-1,TRUE,100,-1
RzXb6j9hcTfArGKk,8.06,public,United States,39,39,1786060659796,1786067838592,2026-08-06T23:57:39Z,2026-08-07T01:57:18Z,https://classic.warcraftlogs.com/reports/RzXb6j9hcTfArGKk,1056,16,16,-1,TRUE,100,-1
84c6tCpqLB3NKfgx,ssc TRY 2 but for some reason we keep coming back even though we don't need any gear or anything,public,United States,26,26,1786064938773,1786067821577,2026-08-07T01:08:58Z,2026-08-07T01:57:01Z,https://classic.warcraftlogs.com/reports/84c6tCpqLB3NKfgx,1056,16,16,-1,TRUE,100,-1
KTM8VvCmAdgbN91x,aw tk 8/6,public,United States,30,30,1786062664453,1786067792649,2026-08-07T00:31:04Z,2026-08-07T01:56:32Z,https://classic.warcraftlogs.com/reports/KTM8VvCmAdgbN91x,1056,16,16,-1,TRUE,100,-1
mGYwQyFWKd7Ap38V,HARD SSC/TK/MAG,public,United States,1,68,1786057847134,1786067424031,2026-08-06T23:10:47Z,2026-08-07T01:50:24Z,https://classic.warcraftlogs.com/reports/mGYwQyFWKd7Ap38V,1056,16,16,-1,TRUE,100,-1
PqwHJD3G1NyAdXvg,Gargoyle SSC 8/6/26,public,United States,41,41,1786059242657,1786067757652,2026-08-06T23:34:02Z,2026-08-07T01:55:57Z,https://classic.warcraftlogs.com/reports/PqwHJD3G1NyAdXvg,1056,16,16,-1,TRUE,100,-1
8xQWNdhv7gVktDqc,world's first belt,public,United States,38,58,1786060427880,1786067718433,2026-08-06T23:53:47Z,2026-08-07T01:55:18Z,https://classic.warcraftlogs.com/reports/8xQWNdhv7gVktDqc,1056,16,16,-1,TRUE,100,-1
zhkPm4cWC2VTYx18,8/6 - BELT THIS WEEK COPIUM,public,United States,62,62,1786060311328,1786067719511,2026-08-06T23:51:51Z,2026-08-07T01:55:19Z,https://classic.warcraftlogs.com/reports/zhkPm4cWC2VTYx18,1056,16,16,-1,TRUE,100,-1
Lraz7n9HkXKxGy3F,SSC / TK,public,United States,47,47,1786058440106,1786067715134,2026-08-06T23:20:40Z,2026-08-07T01:55:15Z,https://classic.warcraftlogs.com/reports/Lraz7n9HkXKxGy3F,1056,16,16,-1,TRUE,100,-1
wfCGbJHrZ9aA8vRN,SSC / TK,public,United States,45,45,1786060882617,1786067715062,2026-08-07T00:01:22Z,2026-08-07T01:55:15Z,https://classic.warcraftlogs.com/reports/wfCGbJHrZ9aA8vRN,1056,16,16,-1,TRUE,100,-1
YVGgyjJhLFnAq27T,SSC / TK,public,United States,45,45,1786060654780,1786067714656,2026-08-06T23:57:34Z,2026-08-07T01:55:14Z,https://classic.warcraftlogs.com/reports/YVGgyjJhLFnAq27T,1056,16,16,-1,TRUE,100,-1
HhF1mzkrW8TnxdZK,SSC / TK,public,United States,24,24,1786062357233,1786067708184,2026-08-07T00:25:57Z,2026-08-07T01:55:08Z,https://classic.warcraftlogs.com/reports/HhF1mzkrW8TnxdZK,1056,16,16,-1,TRUE,100,-1
q8rYBm3ATwzP4bCF,TK - Thursday,public,United States,1,21,1786063117866,1786067205321,2026-08-07T00:38:37Z,2026-08-07T01:46:45Z,https://classic.warcraftlogs.com/reports/q8rYBm3ATwzP4bCF,1056,16,16,-1,TRUE,100,-1
Yv7thKQfaTLbB3Cp,SSC/TK,public,United States,1,60,1785890030967,1785901674985,2026-08-05T00:33:50Z,2026-08-05T03:47:54Z,https://classic.warcraftlogs.com/reports/Yv7thKQfaTLbB3Cp,1056,16,16,-1,TRUE,100,-1
6YX1mqW8dVPLKrtf,week13,public,United States,9,17,1786061270300,1786067590144,2026-08-07T00:07:50Z,2026-08-07T01:53:10Z,https://classic.warcraftlogs.com/reports/6YX1mqW8dVPLKrtf,1056,16,16,-1,TRUE,100,-1
qQMPzGXjbtDg97Jr,SSC / TK,public,United States,37,43,1786060097365,1786067572201,2026-08-06T23:48:17Z,2026-08-07T01:52:52Z,https://classic.warcraftlogs.com/reports/qQMPzGXjbtDg97Jr,1056,16,16,-1,TRUE,100,-1
K7P8fGhc4zZtpCqb,SSC / TK,public,United States,43,43,1786060494034,1786067573001,2026-08-06T23:54:54Z,2026-08-07T01:52:53Z,https://classic.warcraftlogs.com/reports/K7P8fGhc4zZtpCqb,1056,16,16,-1,TRUE,100,-1
1cMfPmKNV3TYkA9Z,SSC / TK,public,United States,45,46,1786061089876,1786067568955,2026-08-07T00:04:49Z,2026-08-07T01:52:48Z,https://classic.warcraftlogs.com/reports/1cMfPmKNV3TYkA9Z,1056,16,16,-1,TRUE,100,-1
AVHtTLJP2mfpNMxc,SSC / TK,public,United States,3,9,1786062750012,1786067291254,2026-08-07T00:32:30Z,2026-08-07T01:48:11Z,https://classic.warcraftlogs.com/reports/AVHtTLJP2mfpNMxc,1056,16,16,-1,TRUE,100,-1
FAYm3Nfv9VC8xGQH,SSC / TK,public,United States,1,34,1786060799973,1786067448988,2026-08-06T23:59:59Z,2026-08-07T01:50:48Z,https://classic.warcraftlogs.com/reports/FAYm3Nfv9VC8xGQH,1056,16,16,-1,TRUE,100,-1
V7gW6C2cTvphmQZf,CHZ TK,public,United States,1,44,1785972607644,1785986106045,2026-08-05T23:30:07Z,2026-08-06T03:15:06Z,https://classic.warcraftlogs.com/reports/V7gW6C2cTvphmQZf,1056,16,16,-1,TRUE,100,-1
AjPJwp8CxvdgqVTY,TK,public,United States,1,28,1786061919295,1786067085348,2026-08-07T00:18:39Z,2026-08-07T01:44:45Z,https://classic.warcraftlogs.com/reports/AjPJwp8CxvdgqVTY,1056,16,16,-1,TRUE,100,-1
6cXvDYrNQ7q2h8yC,TK 8/6,public,United States,1,30,1786061602077,1786067257582,2026-08-07T00:13:22Z,2026-08-07T01:47:37Z,https://classic.warcraftlogs.com/reports/6cXvDYrNQ7q2h8yC,1056,16,16,-1,TRUE,100,-1
zFabvkqVH9TAyDj7,8/6 SSC/TK,public,United States,78,81,1786057360970,1786067424409,2026-08-06T23:02:40Z,2026-08-07T01:50:24Z,https://classic.warcraftlogs.com/reports/zFabvkqVH9TAyDj7,1056,16,16,-1,TRUE,100,-1
gJvCK9F1dpx8jQkm,SSC / TK,public,United States,1,47,1786060073590,1786067417341,2026-08-06T23:47:53Z,2026-08-07T01:50:17Z,https://classic.warcraftlogs.com/reports/gJvCK9F1dpx8jQkm,1056,16,16,-1,TRUE,100,-1
BmMP7261za3F4nDc,SSC,public,United States,39,40,1786061110390,1786067363307,2026-08-07T00:05:10Z,2026-08-07T01:49:23Z,https://classic.warcraftlogs.com/reports/BmMP7261za3F4nDc,1056,16,16,-1,TRUE,100,-1
NHrayQWMPt26dfDC,SSC 8/6,public,United States,43,43,1786060442374,1786067322243,2026-08-06T23:54:02Z,2026-08-07T01:48:42Z,https://classic.warcraftlogs.com/reports/NHrayQWMPt26dfDC,1056,16,16,-1,TRUE,100,-1
yQDfBXjGa7tdR3Jh,8/6 - TK,public,United States,1,33,1786060751456,1786066766693,2026-08-06T23:59:11Z,2026-08-07T01:39:26Z,https://classic.warcraftlogs.com/reports/yQDfBXjGa7tdR3Jh,1056,16,16,-1,TRUE,100,-1
mQ1J4wLcRtyVqTAH,Trilogy SSC 8/5,public,United States,34,59,1785976976807,1786067289862,2026-08-06T00:42:56Z,2026-08-07T01:48:09Z,https://classic.warcraftlogs.com/reports/mQ1J4wLcRtyVqTAH,1056,16,16,-1,TRUE,100,-1
vcaXgpH7wk1Zb2WP,SSC / TK,public,United States,1,27,1786054428901,1786066852638,2026-08-06T22:13:48Z,2026-08-07T01:40:52Z,https://classic.warcraftlogs.com/reports/vcaXgpH7wk1Zb2WP,1056,16,16,-1,TRUE,100,-1
63n4pDzVLxBNRGhZ,SSC / TK,public,United States,39,46,1786059717462,1786067364663,2026-08-06T23:41:57Z,2026-08-07T01:49:24Z,https://classic.warcraftlogs.com/reports/63n4pDzVLxBNRGhZ,1056,16,16,-1,TRUE,100,-1
zhjdwZ6q2pKfc1vx,tk 8-6,public,United States,2,4,1785455707523,1785460766000,2026-07-30T23:55:07Z,2026-07-31T01:19:26Z,https://classic.warcraftlogs.com/reports/zhjdwZ6q2pKfc1vx,1056,16,16,-1,TRUE,100,-1
PYFv61p2Jb7TrXZf,flooriors uppies,public,United States,29,29,1786062369743,1786067243793,2026-08-07T00:26:09Z,2026-08-07T01:47:23Z,https://classic.warcraftlogs.com/reports/PYFv61p2Jb7TrXZf,1056,16,16,-1,TRUE,100,-1
BbKLC1m73a8PfrTD,SSC / TK,public,United States,1,5,1786060398320,1786066675212,2026-08-06T23:53:18Z,2026-08-07T01:37:55Z,https://classic.warcraftlogs.com/reports/BbKLC1m73a8PfrTD,1056,16,16,-1,TRUE,100,-1
1ma2TgCkwXQfvVpJ,SSC - August 6th,public,United States,42,42,1786058462815,1786067209236,2026-08-06T23:21:02Z,2026-08-07T01:46:49Z,https://classic.warcraftlogs.com/reports/1ma2TgCkwXQfvVpJ,1056,16,16,-1,TRUE,100,-1
tzhaD9YGxFnj42B3,GRUUL 1/Nightslayer druid,public,United States,2,32,1786055379328,1786067146201,2026-08-06T22:29:39Z,2026-08-07T01:45:46Z,https://classic.warcraftlogs.com/reports/tzhaD9YGxFnj42B3,1056,16,16,-1,TRUE,100,-1
NCdWYKF7bH8jMZGn,SSC / TK,public,United States,28,28,1786062595174,1786067170840,2026-08-07T00:29:55Z,2026-08-07T01:46:10Z,https://classic.warcraftlogs.com/reports/NCdWYKF7bH8jMZGn,1056,16,16,-1,TRUE,100,-1
jmg94nprKMJQ7hWt,Cubby Buddies - Kael'thas 8.6.26,public,United States,1,7,1786064718807,1786066672301,2026-08-07T01:05:18Z,2026-08-07T01:37:52Z,https://classic.warcraftlogs.com/reports/jmg94nprKMJQ7hWt,1056,16,16,-1,TRUE,100,-1
yF7c2PhxfGYXKABD,-Vashj,public,United States,1,38,1786058170907,1786066432989,2026-08-06T23:16:10Z,2026-08-07T01:33:52Z,https://classic.warcraftlogs.com/reports/yF7c2PhxfGYXKABD,1056,16,16,-1,TRUE,100,-1
3Q4q8MTgJvzGVCPH,SSC / TK,public,United States,1,29,1786061962510,1786066958788,2026-08-07T00:19:22Z,2026-08-07T01:42:38Z,https://classic.warcraftlogs.com/reports/3Q4q8MTgJvzGVCPH,1056,16,16,-1,TRUE,100,-1
QFf8XyJwcWrbv3Gz,SSC / TK,public,United States,2,35,1786060750601,1786066956688,2026-08-06T23:59:10Z,2026-08-07T01:42:36Z,https://classic.warcraftlogs.com/reports/QFf8XyJwcWrbv3Gz,1056,16,16,-1,TRUE,100,-1
bkyPxv7q1dYFaGZr,SSC: Week 12,public,United States,8,35,1786060759412,1786066446059,2026-08-06T23:59:19Z,2026-08-07T01:34:06Z,https://classic.warcraftlogs.com/reports/bkyPxv7q1dYFaGZr,1056,16,16,-1,TRUE,100,-1
P2kXNfHbVqWJjn6Z,tk last boss,public,United States,1,5,1786060139666,1786065074653,2026-08-06T23:48:59Z,2026-08-07T01:11:14Z,https://classic.warcraftlogs.com/reports/P2kXNfHbVqWJjn6Z,1056,16,16,-1,TRUE,100,-1
Jg4WvqhjK9GMcQZF,SSC / TK,public,China,1,12,1786014782265,1786028394476,2026-08-06T11:13:02Z,2026-08-06T14:59:54Z,https://classic.warcraftlogs.com/reports/Jg4WvqhjK9GMcQZF,1056,16,16,-1,TRUE,100,-1
WYnCqVDXxT93y6b4,TK 8/6/2026,public,United States,1,34,1786061608330,1786066995682,2026-08-07T00:13:28Z,2026-08-07T01:43:15Z,https://classic.warcraftlogs.com/reports/WYnCqVDXxT93y6b4,1056,16,16,-1,TRUE,100,-1
rB7FqKDayNA6xCpY,SSC / TK,public,United States,1,44,1785975144843,1785989531860,2026-08-06T00:12:24Z,2026-08-06T04:12:11Z,https://classic.warcraftlogs.com/reports/rB7FqKDayNA6xCpY,1056,16,16,-1,TRUE,100,-1
kqgZxfdzvXN7rM82,SSC / TK,public,United States,24,34,1786061608330,1786066947610,2026-08-07T00:13:28Z,2026-08-07T01:42:27Z,https://classic.warcraftlogs.com/reports/kqgZxfdzvXN7rM82,1056,16,16,-1,TRUE,100,-1
1fkRtHA7FNKGvhzC,I was late... and it's Leo's,public,United States,42,57,1785979139585,1786066941234,2026-08-06T01:18:59Z,2026-08-07T01:42:21Z,https://classic.warcraftlogs.com/reports/1fkRtHA7FNKGvhzC,1056,16,16,-1,TRUE,100,-1
zChXZ63rWJwcAy2P,SSC / TK,public,United States,1,32,1786057930831,1786066543580,2026-08-06T23:12:10Z,2026-08-07T01:35:43Z,https://classic.warcraftlogs.com/reports/zChXZ63rWJwcAy2P,1056,16,16,-1,TRUE,100,-1
rWAcFMV9w7jfHK2z,Vibe Check TK 8/6/26,public,United States,39,45,1786061031060,1786066892864,2026-08-07T00:03:51Z,2026-08-07T01:41:32Z,https://classic.warcraftlogs.com/reports/rWAcFMV9w7jfHK2z,1056,16,16,-1,TRUE,100,-1
PwJYx6X4yhpmnBcZ,Tk - 8/6/2026,public,United States,46,47,1786059998008,1786066891288,2026-08-06T23:46:38Z,2026-08-07T01:41:31Z,https://classic.warcraftlogs.com/reports/PwJYx6X4yhpmnBcZ,1056,16,16,-1,TRUE,100,-1
JNkdWVX7m3M1jrfH,SSC / TK,public,United States,30,36,1786058856150,1786066835062,2026-08-06T23:27:36Z,2026-08-07T01:40:35Z,https://classic.warcraftlogs.com/reports/JNkdWVX7m3M1jrfH,1056,16,16,-1,TRUE,100,-1
g4c29GMr8ptnC7BA,Wendigo - TK,public,United States,1,33,1786058285558,1786066571311,2026-08-06T23:18:05Z,2026-08-07T01:36:11Z,https://classic.warcraftlogs.com/reports/g4c29GMr8ptnC7BA,1056,17,17,-1,TRUE,100,-1
1zYT9ZknbCxMc4Xf,tk,public,United States,42,42,1786060209875,1786066830036,2026-08-06T23:50:09Z,2026-08-07T01:40:30Z,https://classic.warcraftlogs.com/reports/1zYT9ZknbCxMc4Xf,1056,17,17,-1,TRUE,100,-1
P9Yy7ZxgBDvpaVnk,Tk 8.6,public,United States,41,41,1786060041641,1786066829970,2026-08-06T23:47:21Z,2026-08-07T01:40:29Z,https://classic.warcraftlogs.com/reports/P9Yy7ZxgBDvpaVnk,1056,17,17,-1,TRUE,100,-1
LB431MGdNZjgWqv6,TK - 8/6/2026,public,United States,42,42,1786059916448,1786066830522,2026-08-06T23:45:16Z,2026-08-07T01:40:30Z,https://classic.warcraftlogs.com/reports/LB431MGdNZjgWqv6,1056,17,17,-1,TRUE,100,-1
FMgnPjb769NczpqC,SSC / TK,public,United States,32,32,1786061442216,1786066814456,2026-08-07T00:10:42Z,2026-08-07T01:40:14Z,https://classic.warcraftlogs.com/reports/FMgnPjb769NczpqC,1056,17,17,-1,TRUE,100,-1
mGMWNpFnaX4DAZ91,TK 8/6/26,public,United States,1,4,1786058686362,1786066531899,2026-08-06T23:24:46Z,2026-08-07T01:35:31Z,https://classic.warcraftlogs.com/reports/mGMWNpFnaX4DAZ91,1056,17,17,-1,TRUE,100,-1
nAaDJFMbRVrPBG6K,a,public,United States,38,38,1786061584915,1786066761548,2026-08-07T00:13:04Z,2026-08-07T01:39:21Z,https://classic.warcraftlogs.com/reports/nAaDJFMbRVrPBG6K,1056,17,17,-1,TRUE,100,-1
yY6T7MzgPvF2fp8n,TK 8-6,public,United States,25,25,1786063637206,1786066759897,2026-08-07T00:47:17Z,2026-08-07T01:39:19Z,https://classic.warcraftlogs.com/reports/yY6T7MzgPvF2fp8n,1056,17,17,-1,TRUE,100,-1
gjW2kMXpKFdv1hna,TK Moar Threat- Week 13,public,United States,45,45,1786057500085,1786064931555,2026-08-06T23:05:00Z,2026-08-07T01:08:51Z,https://classic.warcraftlogs.com/reports/gjW2kMXpKFdv1hna,1056,17,17,-1,TRUE,100,-1
D7NHkRvB6yXwAYTa,Week #13 - TK,public,United States,44,44,1786060707604,1786066730774,2026-08-06T23:58:27Z,2026-08-07T01:38:50Z,https://classic.warcraftlogs.com/reports/D7NHkRvB6yXwAYTa,1056,17,17,-1,TRUE,100,-1
8XfBwTZRPvaVjyQ2,TK...06AUG2026,public,United States,40,40,1786060550487,1786066716575,2026-08-06T23:55:50Z,2026-08-07T01:38:36Z,https://classic.warcraftlogs.com/reports/8XfBwTZRPvaVjyQ2,1056,17,17,-1,TRUE,100,-1
RXxyVtJm1327hHGp,SSC / TK,public,United States,1,39,1786058482661,1786066141309,2026-08-06T23:21:22Z,2026-08-07T01:29:01Z,https://classic.warcraftlogs.com/reports/RXxyVtJm1327hHGp,1056,17,17,-1,TRUE,100,-1
Q2fAbq18rDBLtTX6,tikey,public,United States,34,34,1786060820207,1786066700194,2026-08-07T00:00:20Z,2026-08-07T01:38:20Z,https://classic.warcraftlogs.com/reports/Q2fAbq18rDBLtTX6,1056,17,17,-1,TRUE,100,-1
KRrmZcTF4X3HGfPy,080626 SSC/TK,public,United States,39,39,1786060012284,1786064866721,2026-08-06T23:46:52Z,2026-08-07T01:07:46Z,https://classic.warcraftlogs.com/reports/KRrmZcTF4X3HGfPy,1056,17,17,-1,TRUE,100,-1
jgn1bcV48pBaNhHC,SSC / TK,public,United States,1,38,1786060050083,1786065962964,2026-08-06T23:47:30Z,2026-08-07T01:26:02Z,https://classic.warcraftlogs.com/reports/jgn1bcV48pBaNhHC,1056,17,17,-1,TRUE,100,-1
Tkx382C4BmKhHyYr,08/06 SSC,public,United States,19,32,1786061137782,1786066659645,2026-08-07T00:05:37Z,2026-08-07T01:37:39Z,https://classic.warcraftlogs.com/reports/Tkx382C4BmKhHyYr,1056,17,17,-1,TRUE,100,-1
6d4LFtpyjfaqVTvn,8/6 SSC,public,United States,1,2,1786065104678,1786066056344,2026-08-07T01:11:44Z,2026-08-07T01:27:36Z,https://classic.warcraftlogs.com/reports/6d4LFtpyjfaqVTvn,1056,17,17,-1,TRUE,100,-1
bzv4GnMfymJXTaLg,SSC / TK,public,United States,1,35,1786059717293,1786065158340,2026-08-06T23:41:57Z,2026-08-07T01:12:38Z,https://classic.warcraftlogs.com/reports/bzv4GnMfymJXTaLg,1056,17,17,-1,TRUE,100,-1
yxZMVnqFLBvDXfHG,Snip,public,United States,13,30,1786061737248,1786066619437,2026-08-07T00:15:37Z,2026-08-07T01:36:59Z,https://classic.warcraftlogs.com/reports/yxZMVnqFLBvDXfHG,1056,17,17,-1,TRUE,100,-1
tDB3CzXc6HPTAwLV,SSC: idk I was late,public,United States,36,36,1786061455322,1786066601430,2026-08-07T00:10:55Z,2026-08-07T01:36:41Z,https://classic.warcraftlogs.com/reports/tDB3CzXc6HPTAwLV,1056,17,17,-1,TRUE,100,-1
qzngfbpkWFYTGQmV,SSC / TK,public,United States,39,40,1786059741679,1786066597320,2026-08-06T23:42:21Z,2026-08-07T01:36:37Z,https://classic.warcraftlogs.com/reports/qzngfbpkWFYTGQmV,1056,17,17,-1,TRUE,100,-1
hnD7v6YLRVHaFfPt,SSC / TK,public,United States,42,42,1786060135049,1786066597333,2026-08-06T23:48:55Z,2026-08-07T01:36:37Z,https://classic.warcraftlogs.com/reports/hnD7v6YLRVHaFfPt,1056,17,17,-1,TRUE,100,-1
aKrWhgNAy6VQDz92,SSC / TK,public,United States,41,41,1786059953819,1786066597564,2026-08-06T23:45:53Z,2026-08-07T01:36:37Z,https://classic.warcraftlogs.com/reports/aKrWhgNAy6VQDz92,1056,17,17,-1,TRUE,100,-1
jhkPzcmBTqNJ6VyD,8/6 SSC,public,United States,1,2,1786065104678,1786066056344,2026-08-07T01:11:44Z,2026-08-07T01:27:36Z,https://classic.warcraftlogs.com/reports/jhkPzcmBTqNJ6VyD,1056,17,17,-1,TRUE,100,-1
nxC4j9KdB3MpNFgT,SSC / TK,public,United States,1,41,1786060073590,1786066573625,2026-08-06T23:47:53Z,2026-08-07T01:36:13Z,https://classic.warcraftlogs.com/reports/nxC4j9KdB3MpNFgT,1056,17,17,-1,TRUE,100,-1
bpYkBTX6Lhv3ZwzM,SSC / TK,public,United States,15,15,1786064357808,1786066547878,2026-08-07T00:59:17Z,2026-08-07T01:35:47Z,https://classic.warcraftlogs.com/reports/bpYkBTX6Lhv3ZwzM,1056,17,17,-1,TRUE,100,-1
xCc3yGrQRjTn9JMw,SSC / TK,public,United States,35,36,1786060283576,1786066544381,2026-08-06T23:51:23Z,2026-08-07T01:35:44Z,https://classic.warcraftlogs.com/reports/xCc3yGrQRjTn9JMw,1056,17,17,-1,TRUE,100,-1
gMmHxY6vpyZKf4NC,SSC / TK,public,United States,38,38,1786059108621,1786066525218,2026-08-06T23:31:48Z,2026-08-07T01:35:25Z,https://classic.warcraftlogs.com/reports/gMmHxY6vpyZKf4NC,1056,17,17,-1,TRUE,100,-1
4aDL67tAfQvgjVGJ,TK,public,United States,27,27,1786062384971,1786066505540,2026-08-07T00:26:24Z,2026-08-07T01:35:05Z,https://classic.warcraftlogs.com/reports/4aDL67tAfQvgjVGJ,1056,17,17,-1,TRUE,100,-1
4TJZvyxrkbYfA1Rt,SSC / TK,public,United States,2,29,1786061478529,1786066421047,2026-08-07T00:11:18Z,2026-08-07T01:33:41Z,https://classic.warcraftlogs.com/reports/4TJZvyxrkbYfA1Rt,1056,17,17,-1,TRUE,100,-1
LNY137CgHMjvfAbq,SSC / TK,public,United States,1,39,1786058482661,1786066141309,2026-08-06T23:21:22Z,2026-08-07T01:29:01Z,https://classic.warcraftlogs.com/reports/LNY137CgHMjvfAbq,1056,17,17,-1,TRUE,100,-1
4Crx7ay2kRp9QJAY,SSC / TK,public,United States,1,30,1786059522313,1786066009255,2026-08-06T23:38:42Z,2026-08-07T01:26:49Z,https://classic.warcraftlogs.com/reports/4Crx7ay2kRp9QJAY,1056,17,17,-1,TRUE,100,-1
VGtF7YMW4a3k1ZXh,TK,public,United States,33,33,1786060312063,1786066353855,2026-08-06T23:51:52Z,2026-08-07T01:32:33Z,https://classic.warcraftlogs.com/reports/VGtF7YMW4a3k1ZXh,1056,17,17,-1,TRUE,100,-1
D8BXC29AN1r6kYyF,SSC / TK,public,United States,29,34,1786060549378,1786066353025,2026-08-06T23:55:49Z,2026-08-07T01:32:33Z,https://classic.warcraftlogs.com/reports/D8BXC29AN1r6kYyF,1056,17,17,-1,TRUE,100,-1
WH9f32AKJ8a4hBF1,SSC / TK,public,United States,28,34,1786061591913,1786066345053,2026-08-07T00:13:11Z,2026-08-07T01:32:25Z,https://classic.warcraftlogs.com/reports/WH9f32AKJ8a4hBF1,1056,17,17,-1,TRUE,100,-1
MpJcXVwHxnykhdYN,SSC Aug 6,public,United States,42,42,1786060706731,1786066345710,2026-08-06T23:58:26Z,2026-08-07T01:32:25Z,https://classic.warcraftlogs.com/reports/MpJcXVwHxnykhdYN,1056,17,17,-1,TRUE,100,-1
MjHnNRrtapBLqJd2,TK Cleanup,public,United States,8,8,1786062668824,1786066343665,2026-08-07T00:31:08Z,2026-08-07T01:32:23Z,https://classic.warcraftlogs.com/reports/MjHnNRrtapBLqJd2,1056,17,17,-1,TRUE,100,-1
dqp94hN2WCgHLaFv,wew,public,United States,34,43,1785900522756,1785910696467,2026-08-05T03:28:42Z,2026-08-05T06:18:16Z,https://classic.warcraftlogs.com/reports/dqp94hN2WCgHLaFv,1056,17,17,-1,TRUE,100,-1
GBynTH2r84t79A31,Can we get the 100D? 8/6/26,public,United States,48,48,1786058585254,1786066328134,2026-08-06T23:23:05Z,2026-08-07T01:32:08Z,https://classic.warcraftlogs.com/reports/GBynTH2r84t79A31,1056,17,17,-1,TRUE,100,-1
BjVmx7Wp69tPhZyD,Thunder wipes us,public,United States,1,19,1786062527928,1786066049701,2026-08-07T00:28:47Z,2026-08-07T01:27:29Z,https://classic.warcraftlogs.com/reports/BjVmx7Wp69tPhZyD,1056,17,17,-1,TRUE,100,-1
N4AZqzTaHGg7hVtQ,SSC / TK,public,United States,33,40,1786060611685,1786066280482,2026-08-06T23:56:51Z,2026-08-07T01:31:20Z,https://classic.warcraftlogs.com/reports/N4AZqzTaHGg7hVtQ,1056,17,17,-1,TRUE,100,-1
JDnaC3LdFKwc2VYH,tk,public,United States,1,32,1786060196218,1786066262899,2026-08-06T23:49:56Z,2026-08-07T01:31:02Z,https://classic.warcraftlogs.com/reports/JDnaC3LdFKwc2VYH,1056,17,17,-1,TRUE,100,-1
R4MYN9AnyGDQgLaq,Turtle Gang TK (8-6-26),public,United States,1,32,1786059690116,1786065780750,2026-08-06T23:41:30Z,2026-08-07T01:23:00Z,https://classic.warcraftlogs.com/reports/R4MYN9AnyGDQgLaq,1056,17,17,-1,TRUE,100,-1
74q2BX9PgTD8QF1r,SSC / TK,public,United States,1,8,1786056842424,1786063728709,2026-08-06T22:54:02Z,2026-08-07T00:48:48Z,https://classic.warcraftlogs.com/reports/74q2BX9PgTD8QF1r,1056,17,17,-1,TRUE,100,-1
wPTfQXbrq1AnCvh7,SSC / TK,public,United States,1,44,1785975144843,1785989531860,2026-08-06T00:12:24Z,2026-08-06T04:12:11Z,https://classic.warcraftlogs.com/reports/wPTfQXbrq1AnCvh7,1056,17,17,-1,TRUE,100,-1
g916nG2HxLbvA8hZ,SSC / TK,public,United States,31,31,1786062042315,1786066172216,2026-08-07T00:20:42Z,2026-08-07T01:29:32Z,https://classic.warcraftlogs.com/reports/g916nG2HxLbvA8hZ,1056,17,17,-1,TRUE,100,-1
HgGpBML61t8QqbCV,Attuned IRL SSC,public,United States,1,32,1786060008697,1786065909383,2026-08-06T23:46:48Z,2026-08-07T01:25:09Z,https://classic.warcraftlogs.com/reports/HgGpBML61t8QqbCV,1056,17,17,-1,TRUE,100,-1
Z48WQH1BYpKRLmnJ,TK,public,United States,39,46,1785977873272,1786066119422,2026-08-06T00:57:53Z,2026-08-07T01:28:39Z,https://classic.warcraftlogs.com/reports/Z48WQH1BYpKRLmnJ,1056,17,17,-1,TRUE,100,-1
wLrFMamAWB2dqz3V,SSC / TK,public,United States,1,28,1786058735103,1786063220455,2026-08-06T23:25:35Z,2026-08-07T00:40:20Z,https://classic.warcraftlogs.com/reports/wLrFMamAWB2dqz3V,1056,17,17,-1,TRUE,100,-1
WZnP1m8GVfbBQwht,SSC / TK,public,United States,1,1,1786065951140,1786066066735,2026-08-07T01:25:51Z,2026-08-07T01:27:46Z,https://classic.warcraftlogs.com/reports/WZnP1m8GVfbBQwht,1056,17,17,-1,TRUE,100,-1
dM82TnctAhmjPr6K,SSC / TK,public,United States,2,3,1786060371829,1786065705930,2026-08-06T23:52:51Z,2026-08-07T01:21:45Z,https://classic.warcraftlogs.com/reports/dM82TnctAhmjPr6K,1056,17,17,-1,TRUE,100,-1
vZqDfAkCM3ygNXY4,SSC / TK,public,United States,1,34,1785980785643,1785989979223,2026-08-06T01:46:25Z,2026-08-06T04:19:39Z,https://classic.warcraftlogs.com/reports/vZqDfAkCM3ygNXY4,1056,17,17,-1,TRUE,100,-1
CFBy7aMQdbqjktZD,SSC / TK,public,United States,44,44,1786058091558,1786066014887,2026-08-06T23:14:51Z,2026-08-07T01:26:54Z,https://classic.warcraftlogs.com/reports/CFBy7aMQdbqjktZD,1056,17,17,-1,TRUE,100,-1
wrY6fa1vqCk7bHdD,SSC Cleanup and Gruuls.,public,United States,5,17,1786060679724,1786065481689,2026-08-06T23:57:59Z,2026-08-07T01:18:01Z,https://classic.warcraftlogs.com/reports/wrY6fa1vqCk7bHdD,1056,17,17,-1,TRUE,100,-1
mV8CNMzqXj4AJkGg,SSC / TK,public,United States,1,1,1786065951140,1786065989889,2026-08-07T01:25:51Z,2026-08-07T01:26:29Z,https://classic.warcraftlogs.com/reports/mV8CNMzqXj4AJkGg,1056,17,17,-1,TRUE,100,-1
BKpaJvF6jZxT2bkL,SSC / TK,public,Europe,1,28,1786039228424,1786046606812,2026-08-06T18:00:28Z,2026-08-06T20:03:26Z,https://classic.warcraftlogs.com/reports/BKpaJvF6jZxT2bkL,1056,17,17,-1,TRUE,100,-1
brGfgYDXAy3HkPaL,SSC / TK,public,United States,1,5,1786060135629,1786065706891,2026-08-06T23:48:55Z,2026-08-07T01:21:46Z,https://classic.warcraftlogs.com/reports/brGfgYDXAy3HkPaL,1056,17,17,-1,TRUE,100,-1
F8zN4vDhXf2L9mjP,SSC / TK,public,United States,1,16,1786060508437,1786065473267,2026-08-06T23:55:08Z,2026-08-07T01:17:53Z,https://classic.warcraftlogs.com/reports/F8zN4vDhXf2L9mjP,1056,17,17,-1,TRUE,100,-1
84wh2PkLvW6VbYRZ,ssc & tk,public,United States,37,37,1786060630207,1786065940851,2026-08-06T23:57:10Z,2026-08-07T01:25:40Z,https://classic.warcraftlogs.com/reports/84wh2PkLvW6VbYRZ,1056,17,17,-1,TRUE,100,-1
dP1jwcTZ4bnFNaxQ,SSC / TK,public,United States,41,41,1786059918115,1786065931903,2026-08-06T23:45:18Z,2026-08-07T01:25:31Z,https://classic.warcraftlogs.com/reports/dP1jwcTZ4bnFNaxQ,1056,17,17,-1,TRUE,100,-1
bxW6JTapBjyCng7D,SSC / TK,public,United States,38,38,1786060619785,1786065929851,2026-08-06T23:56:59Z,2026-08-07T01:25:29Z,https://classic.warcraftlogs.com/reports/bxW6JTapBjyCng7D,1056,17,17,-1,TRUE,100,-1
pcM1zQwt6NqvrLGX,TK without Steez,public,United States,39,39,1786060702869,1786065928447,2026-08-06T23:58:22Z,2026-08-07T01:25:28Z,https://classic.warcraftlogs.com/reports/pcM1zQwt6NqvrLGX,1056,17,17,-1,TRUE,100,-1
764yYwLaFPgcfjbR,tk,public,United States,36,38,1786060770142,1786065927628,2026-08-06T23:59:30Z,2026-08-07T01:25:27Z,https://classic.warcraftlogs.com/reports/764yYwLaFPgcfjbR,1056,17,17,-1,TRUE,100,-1
RGg8HmWA71JwqLt4,SSC / TK,public,United States,37,37,1786060914404,1786065906693,2026-08-07T00:01:54Z,2026-08-07T01:25:06Z,https://classic.warcraftlogs.com/reports/RGg8HmWA71JwqLt4,1056,17,17,-1,TRUE,100,-1
4ZR9AkWC2yaFjVqw,와요일막공,public,Korea,132,133,1786015653706,1786065898051,2026-08-06T11:27:33Z,2026-08-07T01:24:58Z,https://classic.warcraftlogs.com/reports/4ZR9AkWC2yaFjVqw,1056,17,17,-1,TRUE,100,-1
4xYCGnaWBVTqhgAt,SSC / TK,public,United States,20,20,1786060869207,1786065865243,2026-08-07T00:01:09Z,2026-08-07T01:24:25Z,https://classic.warcraftlogs.com/reports/4xYCGnaWBVTqhgAt,1056,17,17,-1,TRUE,100,-1
yNfzxq3tPBD162v8,tk_86,public,United States,1,28,1786059115432,1786065697379,2026-08-06T23:31:55Z,2026-08-07T01:21:37Z,https://classic.warcraftlogs.com/reports/yNfzxq3tPBD162v8,1056,17,17,-1,TRUE,100,-1
wZgdY3HjJC6xWp1k,SSC / TK,public,United States,54,54,1786059237108,1786065730135,2026-08-06T23:33:57Z,2026-08-07T01:22:10Z,https://classic.warcraftlogs.com/reports/wZgdY3HjJC6xWp1k,1056,17,17,-1,TRUE,100,-1
fXH7BgpMKCJ19TxZ,SSC / TK,public,United States,1,29,1786058428037,1786065564689,2026-08-06T23:20:28Z,2026-08-07T01:19:24Z,https://classic.warcraftlogs.com/reports/fXH7BgpMKCJ19TxZ,1056,17,17,-1,TRUE,100,-1
nzcY8CqJMrZfH7RV,SSC / TK,public,United States,1,28,1786060605197,1786065544755,2026-08-06T23:56:45Z,2026-08-07T01:19:04Z,https://classic.warcraftlogs.com/reports/nzcY8CqJMrZfH7RV,1056,17,17,-1,TRUE,100,-1
HCXrjqyVNtK4mfvx,MY LAST RAID ON THE BOOMY,public,United States,32,32,1786060198693,1786065706085,2026-08-06T23:49:58Z,2026-08-07T01:21:46Z,https://classic.warcraftlogs.com/reports/HCXrjqyVNtK4mfvx,1056,17,17,-1,TRUE,100,-1
nM6zybpLYA1kHXgB,SSC / TK,public,United States,1,27,1786060799973,1786065687012,2026-08-06T23:59:59Z,2026-08-07T01:21:27Z,https://classic.warcraftlogs.com/reports/nM6zybpLYA1kHXgB,1056,17,17,-1,TRUE,100,-1
7kqWAjMn8yvKFhdX,SSC 06/08 Core Camarada,public,United States,32,40,1786059065775,1786065653015,2026-08-06T23:31:05Z,2026-08-07T01:20:53Z,https://classic.warcraftlogs.com/reports/7kqWAjMn8yvKFhdX,1056,17,17,-1,TRUE,100,-1
C6N2B4fbh7kvP8tn,ssc - 8/6/26,public,United States,39,39,1786058770020,1786065650138,2026-08-06T23:26:10Z,2026-08-07T01:20:50Z,https://classic.warcraftlogs.com/reports/C6N2B4fbh7kvP8tn,1056,17,17,-1,TRUE,100,-1
aPWmJ2NX6ntTKrfH,TK 8/6 Blue's Clue's,public,United States,1,30,1786058174138,1786065504600,2026-08-06T23:16:14Z,2026-08-07T01:18:24Z,https://classic.warcraftlogs.com/reports/aPWmJ2NX6ntTKrfH,1056,17,17,-1,TRUE,100,-1
y63mct9Y81wFkWpC,SSC / TK,public,United States,10,10,1786063693412,1786065543167,2026-08-07T00:48:13Z,2026-08-07T01:19:03Z,https://classic.warcraftlogs.com/reports/y63mct9Y81wFkWpC,1056,17,17,-1,TRUE,100,-1
67t2MNzrhHYKBJbV,SSC / TK,public,United States,8,31,1786056484580,1786063072350,2026-08-06T22:48:04Z,2026-08-07T00:37:52Z,https://classic.warcraftlogs.com/reports/67t2MNzrhHYKBJbV,1056,17,17,-1,TRUE,100,-1
KLMvZRzryG3xAQYf,SSC / TK,public,United States,30,34,1786059304482,1786065496645,2026-08-06T23:35:04Z,2026-08-07T01:18:16Z,https://classic.warcraftlogs.com/reports/KLMvZRzryG3xAQYf,1056,17,17,-1,TRUE,100,-1
nH91GY8ZtAQarRyj,SSC / TK,public,United States,1,34,1786059829038,1786065282410,2026-08-06T23:43:49Z,2026-08-07T01:14:42Z,https://classic.warcraftlogs.com/reports/nH91GY8ZtAQarRyj,1056,17,17,-1,TRUE,100,-1
abgHxmRwPnA4BQZ3,SSC / TK,public,United States,34,34,1786061078036,1786065475462,2026-08-07T00:04:38Z,2026-08-07T01:17:55Z,https://classic.warcraftlogs.com/reports/abgHxmRwPnA4BQZ3,1056,17,17,-1,TRUE,100,-1
PyTj3kh2LGDarKxf,6 Aug SSC cleanup,public,United States,20,20,1786060376843,1786065444353,2026-08-06T23:52:56Z,2026-08-07T01:17:24Z,https://classic.warcraftlogs.com/reports/PyTj3kh2LGDarKxf,1056,17,17,-1,TRUE,100,-1
P3jR1gxqaDFkVy6b,Serpentshrine Cavern 8/6/26,public,United States,36,36,1786059486338,1786065428964,2026-08-06T23:38:06Z,2026-08-07T01:17:08Z,https://classic.warcraftlogs.com/reports/P3jR1gxqaDFkVy6b,1056,17,17,-1,TRUE,100,-1
yhc1GQBVmf4bgwKk,SSC/TK 8/6,public,United States,23,23,1786063168191,1786065373658,2026-08-07T00:39:28Z,2026-08-07T01:16:13Z,https://classic.warcraftlogs.com/reports/yhc1GQBVmf4bgwKk,1056,17,17,-1,TRUE,100,-1
7bZAVWK1dLwvBHDG,SSC / TK,public,United States,1,34,1786057382258,1786064966813,2026-08-06T23:03:02Z,2026-08-07T01:09:26Z,https://classic.warcraftlogs.com/reports/7bZAVWK1dLwvBHDG,1056,17,17,-1,TRUE,100,-1
mpvRV4LNkZQyr86g,SSC / TK,public,United States,36,36,1786059268238,1786065339390,2026-08-06T23:34:28Z,2026-08-07T01:15:39Z,https://classic.warcraftlogs.com/reports/mpvRV4LNkZQyr86g,1056,17,17,-1,TRUE,100,-1
Ybf7PKj3T8F9VA4Z,SSC / TK,public,United States,1,26,1786060799973,1786065282347,2026-08-06T23:59:59Z,2026-08-07T01:14:42Z,https://classic.warcraftlogs.com/reports/Ybf7PKj3T8F9VA4Z,1056,17,17,-1,TRUE,100,-1
mjw3kHrf7hyx4WJ8,TK,public,United States,35,35,1786059378794,1786065248930,2026-08-06T23:36:18Z,2026-08-07T01:14:08Z,https://classic.warcraftlogs.com/reports/mjw3kHrf7hyx4WJ8,1056,17,17,-1,TRUE,100,-1
7YwBbQaDnNHCT1h6,2026-08-06 TK,public,United States,1,32,1786059324433,1786064897699,2026-08-06T23:35:24Z,2026-08-07T01:08:17Z,https://classic.warcraftlogs.com/reports/7YwBbQaDnNHCT1h6,1056,17,17,-1,TRUE,100,-1
yWGhq69YM8wbcgAH,"captain nibz log, stardate 2618: today i limit tested the tanks, it did not go well",public,United States,8,33,1786059329055,1786065062987,2026-08-06T23:35:29Z,2026-08-07T01:11:02Z,https://classic.warcraftlogs.com/reports/yWGhq69YM8wbcgAH,1056,17,17,-1,TRUE,100,-1
BmRZTWNfPqgJ429b,Weiner Shcnitzel,public,United States,48,62,1786055457011,1786065195711,2026-08-06T22:30:57Z,2026-08-07T01:13:15Z,https://classic.warcraftlogs.com/reports/BmRZTWNfPqgJ429b,1056,17,17,-1,TRUE,100,-1
B1rPtRmdGZ6TqCQ3,TK 8-6,public,United States,1,32,1786058361145,1786064933522,2026-08-06T23:19:21Z,2026-08-07T01:08:53Z,https://classic.warcraftlogs.com/reports/B1rPtRmdGZ6TqCQ3,1056,17,17,-1,TRUE,100,-1
ytF8hbqHnjVRk9Wd,KT/Gruul/Mag,public,United States,1,15,1786060547372,1786064490510,2026-08-06T23:55:47Z,2026-08-07T01:01:30Z,https://classic.warcraftlogs.com/reports/ytF8hbqHnjVRk9Wd,1056,17,17,-1,TRUE,100,-1
Xm4nZh3f9pkFVvtg,TK - 06-08-2026,public,United States,18,23,1786060498893,1786065074655,2026-08-06T23:54:58Z,2026-08-07T01:11:14Z,https://classic.warcraftlogs.com/reports/Xm4nZh3f9pkFVvtg,1056,17,17,-1,TRUE,100,-1
yHtQcfTCavLD2K14,ssc ,public,United States,1,29,1786058453067,1786064830637,2026-08-06T23:20:53Z,2026-08-07T01:07:10Z,https://classic.warcraftlogs.com/reports/yHtQcfTCavLD2K14,1056,17,17,-1,TRUE,100,-1
RMHPDK3cyjGNQ89d,SSC/tk 11,public,United States,14,16,1786060246892,1786062916976,2026-08-06T23:50:46Z,2026-08-07T00:35:16Z,https://classic.warcraftlogs.com/reports/RMHPDK3cyjGNQ89d,1056,17,17,-1,TRUE,100,-1
cjDk6dzfbYAHCZXw,A-Team SSC 8/5,public,United States,43,43,1785978517418,1786064988312,2026-08-06T01:08:37Z,2026-08-07T01:09:48Z,https://classic.warcraftlogs.com/reports/cjDk6dzfbYAHCZXw,1056,17,17,-1,TRUE,100,-1
cXvKqyHCfZ6A4Tt9,SSC / TK,public,United States,1,31,1786059312670,1786064970109,2026-08-06T23:35:12Z,2026-08-07T01:09:30Z,https://classic.warcraftlogs.com/reports/cXvKqyHCfZ6A4Tt9,1056,17,17,-1,TRUE,100,-1
W4z3F9y28kgHvpGR,Dawnfire TK 8/6/2026,public,United States,1,7,1786062771838,1786064821225,2026-08-07T00:32:51Z,2026-08-07T01:07:01Z,https://classic.warcraftlogs.com/reports/W4z3F9y28kgHvpGR,1056,17,17,-1,TRUE,100,-1
wKxbpFCA8GjVqkmR,SSC / TK,public,United States,1,17,1786060702446,1786064923188,2026-08-06T23:58:22Z,2026-08-07T01:08:43Z,https://classic.warcraftlogs.com/reports/wKxbpFCA8GjVqkmR,1056,17,17,-1,TRUE,100,-1
bQNfMa6nRd1c7Hm4,Diligence Tempest Keep (Week 8),public,United States,42,42,1786058929998,1786064896083,2026-08-06T23:28:49Z,2026-08-07T01:08:16Z,https://classic.warcraftlogs.com/reports/bQNfMa6nRd1c7Hm4,1056,17,17,-1,TRUE,100,-1
khAFCXVtxNMP2f6Q,SSC / TK,public,United States,1,32,1786059220089,1786064807658,2026-08-06T23:33:40Z,2026-08-07T01:06:47Z,https://classic.warcraftlogs.com/reports/khAFCXVtxNMP2f6Q,1056,18,18,-1,TRUE,100,-1
4p96tQ37qHLGhXNR,SSC / TK,public,United States,15,15,1786059170727,1786064825177,2026-08-06T23:32:50Z,2026-08-07T01:07:05Z,https://classic.warcraftlogs.com/reports/4p96tQ37qHLGhXNR,1056,18,18,-1,TRUE,100,-1
AaTtj4PVRMWvHnCB,SSC / TK,public,United States,15,15,1786059703706,1786064826389,2026-08-06T23:41:43Z,2026-08-07T01:07:06Z,https://classic.warcraftlogs.com/reports/AaTtj4PVRMWvHnCB,1056,18,18,-1,TRUE,100,-1
4CPcY3pAf6KXnbMy,SSC / TK,public,United States,24,24,1786060660296,1786064809509,2026-08-06T23:57:40Z,2026-08-07T01:06:49Z,https://classic.warcraftlogs.com/reports/4CPcY3pAf6KXnbMy,1056,18,18,-1,TRUE,100,-1
w9CxWXd3Aa21rMpv,SSC / TK,public,United States,1,27,1786060073590,1786064693126,2026-08-06T23:47:53Z,2026-08-07T01:04:53Z,https://classic.warcraftlogs.com/reports/w9CxWXd3Aa21rMpv,1056,18,18,-1,TRUE,100,-1
qhvbZnQmgywrktJ2,SSC / TK,public,United States,45,45,1786058072432,1786064749942,2026-08-06T23:14:32Z,2026-08-07T01:05:49Z,https://classic.warcraftlogs.com/reports/qhvbZnQmgywrktJ2,1056,18,18,-1,TRUE,100,-1
N29TXwZghDVzdrvC,06/08 Rogue's back :( - Cursed TK/Gruuls,public,United States,21,30,1786058704561,1786064739209,2026-08-06T23:25:04Z,2026-08-07T01:05:39Z,https://classic.warcraftlogs.com/reports/N29TXwZghDVzdrvC,1056,18,18,-1,TRUE,100,-1
26pVxHfNDtrW4AXR,SSC / TK,public,United States,41,46,1786057061722,1786064739658,2026-08-06T22:57:41Z,2026-08-07T01:05:39Z,https://classic.warcraftlogs.com/reports/26pVxHfNDtrW4AXR,1056,18,18,-1,TRUE,100,-1
2LtpdJckfGM7mY1Z,TK 8/6/26,public,United States,48,48,1786056996467,1786064739087,2026-08-06T22:56:36Z,2026-08-07T01:05:39Z,https://classic.warcraftlogs.com/reports/2LtpdJckfGM7mY1Z,1056,18,18,-1,TRUE,100,-1
APfapncHNLxWd3jw,SSC / TK,public,China,1,65,1786018671734,1786037657238,2026-08-06T12:17:51Z,2026-08-06T17:34:17Z,https://classic.warcraftlogs.com/reports/APfapncHNLxWd3jw,1056,18,18,-1,TRUE,100,-1
cRdpJq1xgCbDVXHT,SSC 08/04 Well Done,public,United States,66,75,1785889544425,1786064705108,2026-08-05T00:25:44Z,2026-08-07T01:05:05Z,https://classic.warcraftlogs.com/reports/cRdpJq1xgCbDVXHT,1056,18,18,-1,TRUE,100,-1
4gvkdAZN72HwLpbT,SSC / TK,public,United States,25,33,1786059029056,1786064658585,2026-08-06T23:30:29Z,2026-08-07T01:04:18Z,https://classic.warcraftlogs.com/reports/4gvkdAZN72HwLpbT,1056,18,18,-1,TRUE,100,-1
WFg1fYLvJKrC9Qk8,SSC / TK,public,United States,24,31,1786060332718,1786064685310,2026-08-06T23:52:12Z,2026-08-07T01:04:45Z,https://classic.warcraftlogs.com/reports/WFg1fYLvJKrC9Qk8,1056,18,18,-1,TRUE,100,-1
4TBZfwkFLpQqyVP7,SSC / TK,public,United States,27,33,1786058505427,1786064287046,2026-08-06T23:21:45Z,2026-08-07T00:58:07Z,https://classic.warcraftlogs.com/reports/4TBZfwkFLpQqyVP7,1056,18,18,-1,TRUE,100,-1
zbqyMCrRPngVNF4w,SSC / TK,public,United States,34,34,1786059458551,1786064657264,2026-08-06T23:37:38Z,2026-08-07T01:04:17Z,https://classic.warcraftlogs.com/reports/zbqyMCrRPngVNF4w,1056,18,18,-1,TRUE,100,-1
68cTnGQCWd1zmAFN,SSC / TK,public,Europe,94,142,1786039108941,1786064526078,2026-08-06T17:58:28Z,2026-08-07T01:02:06Z,https://classic.warcraftlogs.com/reports/68cTnGQCWd1zmAFN,1056,18,18,-1,TRUE,100,-1
2Yj1twpTv9Bb4xMh,SSC / TK,public,United States,27,27,1786060975583,1786064347511,2026-08-07T00:02:55Z,2026-08-07T00:59:07Z,https://classic.warcraftlogs.com/reports/2Yj1twpTv9Bb4xMh,1056,18,18,-1,TRUE,100,-1
yp8c6FwAVGgntqd9,SSC / TK,public,United States,1,6,1785975685628,1785986421436,2026-08-06T00:21:25Z,2026-08-06T03:20:21Z,https://classic.warcraftlogs.com/reports/yp8c6FwAVGgntqd9,1056,18,18,-1,TRUE,100,-1
PK7mqQfdpMnVGYA1,SSC 8-6,public,United States,43,43,1786058184270,1786064017688,2026-08-06T23:16:24Z,2026-08-07T00:53:37Z,https://classic.warcraftlogs.com/reports/PK7mqQfdpMnVGYA1,1056,18,18,-1,TRUE,100,-1
GaJZdbFv86cBAXgk,8/5 SSC,public,United States,41,46,1785976425891,1786063826888,2026-08-06T00:33:45Z,2026-08-07T00:50:26Z,https://classic.warcraftlogs.com/reports/GaJZdbFv86cBAXgk,1056,18,18,-1,TRUE,100,-1
Yr7GHvdqA1RL4Khg,TK 8/6/2026,public,United States,51,51,1786055261856,1786063737335,2026-08-06T22:27:41Z,2026-08-07T00:48:57Z,https://classic.warcraftlogs.com/reports/Yr7GHvdqA1RL4Khg,1056,18,18,-1,TRUE,100,-1
1Hjxpq38hAyaXmtQ,"Finishing TK, maybe Gruul?",public,United States,10,10,1786060951755,1786063691386,2026-08-07T00:02:31Z,2026-08-07T00:48:11Z,https://classic.warcraftlogs.com/reports/1Hjxpq38hAyaXmtQ,1056,18,18,-1,TRUE,100,-1
fwyPjBqpt8Z4hRkx,SSC / TK,public,United States,1,15,1786057930831,1786063313282,2026-08-06T23:12:10Z,2026-08-07T00:41:53Z,https://classic.warcraftlogs.com/reports/fwyPjBqpt8Z4hRkx,1056,18,18,-1,TRUE,100,-1
1BAdN8hP7ztcD3Cr,SSC / TK,public,United States,1,5,1786058906668,1786063409766,2026-08-06T23:28:26Z,2026-08-07T00:43:29Z,https://classic.warcraftlogs.com/reports/1BAdN8hP7ztcD3Cr,1056,18,18,-1,TRUE,100,-1
caBbF62hQxKXjMJd,SSC,public,United States,1,33,1786057466562,1786063311442,2026-08-06T23:04:26Z,2026-08-07T00:41:51Z,https://classic.warcraftlogs.com/reports/caBbF62hQxKXjMJd,1056,18,18,-1,TRUE,100,-1
R6fwqNjCyrz29nLb,ds+fb_0807,public,China,1,8,1786019142729,1786032291714,2026-08-06T12:25:42Z,2026-08-06T16:04:51Z,https://classic.warcraftlogs.com/reports/R6fwqNjCyrz29nLb,1056,18,18,-1,TRUE,100,-1
gD3xRaj2hL84nzGy,SSC / TK,public,United States,17,17,1786061069791,1786063428749,2026-08-07T00:04:29Z,2026-08-07T00:43:48Z,https://classic.warcraftlogs.com/reports/gD3xRaj2hL84nzGy,1056,18,18,-1,TRUE,100,-1
hm7v4CAXpGWH9rkt,SSC,public,United States,5,5,1786062154741,1786063413862,2026-08-07T00:22:34Z,2026-08-07T00:43:33Z,https://classic.warcraftlogs.com/reports/hm7v4CAXpGWH9rkt,1056,18,18,-1,TRUE,100,-1
Kg2jphWBx1rdykCq,SSC / TK,public,Europe,1,57,1786051554545,1786062830637,2026-08-06T21:25:54Z,2026-08-07T00:33:50Z,https://classic.warcraftlogs.com/reports/Kg2jphWBx1rdykCq,1056,18,18,-1,TRUE,100,-1
jMRZXbn3r7YL4DH2,TK 08/06/2026,public,United States,29,29,1786059231162,1786063095798,2026-08-06T23:33:51Z,2026-08-07T00:38:15Z,https://classic.warcraftlogs.com/reports/jMRZXbn3r7YL4DH2,1056,18,18,-1,TRUE,100,-1
q1T4KVW2P7H96dmg,TK Thursday 8-6-26,public,United States,7,29,1786057349611,1786062995054,2026-08-06T23:02:29Z,2026-08-07T00:36:35Z,https://classic.warcraftlogs.com/reports/q1T4KVW2P7H96dmg,1056,18,18,-1,TRUE,100,-1
9RcmnpGxL4Wk81Qg,TK 8/6,public,United States,1,32,1786055116790,1786062866598,2026-08-06T22:25:16Z,2026-08-07T00:34:26Z,https://classic.warcraftlogs.com/reports/9RcmnpGxL4Wk81Qg,1056,18,18,-1,TRUE,100,-1
6BjMa4chdXZxyWt7,SSC / TK,public,Europe,55,62,1786051116002,1786062827681,2026-08-06T21:18:36Z,2026-08-07T00:33:47Z,https://classic.warcraftlogs.com/reports/6BjMa4chdXZxyWt7,1056,18,18,-1,TRUE,100,-1
KDF6AYJqvhkzMwng,SSC / TK,public,Europe,66,66,1786051533603,1786062832929,2026-08-06T21:25:33Z,2026-08-07T00:33:52Z,https://classic.warcraftlogs.com/reports/KDF6AYJqvhkzMwng,1056,18,18,-1,TRUE,100,-1
1Yz8RmLNCqdp6y7v,8/6 Always Sunny TK,public,United States,38,42,1786055699962,1786062745068,2026-08-06T22:34:59Z,2026-08-07T00:32:25Z,https://classic.warcraftlogs.com/reports/1Yz8RmLNCqdp6y7v,1056,18,18,-1,TRUE,100,-1
y9Wrfw2vmdxt7QBF,SSC / TK2026-08-06,public,United States,43,44,1786055657780,1786062746296,2026-08-06T22:34:17Z,2026-08-07T00:32:26Z,https://classic.warcraftlogs.com/reports/y9Wrfw2vmdxt7QBF,1056,18,18,-1,TRUE,100,-1
YZPALBH6VXCQRM1q,SSC / TK,public,United States,85,84,1785978439521,1786062742522,2026-08-06T01:07:19Z,2026-08-07T00:32:22Z,https://classic.warcraftlogs.com/reports/YZPALBH6VXCQRM1q,1056,18,18,-1,TRUE,100,-1
dp4ZavmYVLGxTw8B,Rohan TK 08/06/2026,public,United States,29,29,1786057559850,1786062578244,2026-08-06T23:05:59Z,2026-08-07T00:29:38Z,https://classic.warcraftlogs.com/reports/dp4ZavmYVLGxTw8B,1056,18,18,-1,TRUE,100,-1
Ca7kh68TtFcP3L1g,SSC,public,United States,35,35,1786057286694,1786062572273,2026-08-06T23:01:26Z,2026-08-07T00:29:32Z,https://classic.warcraftlogs.com/reports/Ca7kh68TtFcP3L1g,1056,18,18,-1,TRUE,100,-1
VHmrpNQ2LFYDZgRB,SSC / TK,public,United States,1,15,1786019931234,1786034552751,2026-08-06T12:38:51Z,2026-08-06T16:42:32Z,https://classic.warcraftlogs.com/reports/VHmrpNQ2LFYDZgRB,1056,18,18,-1,TRUE,100,-1
az9d218Rk6Fn7QHZ,SSC / TK,public,United States,29,36,1786056617657,1786062341868,2026-08-06T22:50:17Z,2026-08-07T00:25:41Z,https://classic.warcraftlogs.com/reports/az9d218Rk6Fn7QHZ,1056,18,18,-1,TRUE,100,-1
fcPzBaZFdQ2MnWqx,TK 3/08,public,United States,66,77,1785751244542,1786018751407,2026-08-03T10:00:44Z,2026-08-06T12:19:11Z,https://classic.warcraftlogs.com/reports/fcPzBaZFdQ2MnWqx,1056,18,18,-1,TRUE,100,-1
dncgzPw1Ft7XfxZH,SSC / TK,public,United States,68,68,1785890689590,1785900411649,2026-08-05T00:44:49Z,2026-08-05T03:26:51Z,https://classic.warcraftlogs.com/reports/dncgzPw1Ft7XfxZH,1056,18,18,-1,TRUE,100,-1
BMvVt4Y2RpcXL6dq,SSC / TK,public,China,1,1,1786018109236,1786031045776,2026-08-06T12:08:29Z,2026-08-06T15:44:05Z,https://classic.warcraftlogs.com/reports/BMvVt4Y2RpcXL6dq,1056,18,18,-1,TRUE,100,-1
kyFvYg7Mhb29KDqC,SSC / TK,public,China,1,6,1786014580629,1786028539637,2026-08-06T11:09:40Z,2026-08-06T15:02:19Z,https://classic.warcraftlogs.com/reports/kyFvYg7Mhb29KDqC,1056,18,18,-1,TRUE,100,-1
MAVDNb3gGc7pW1wZ,ssc tk,public,United States,82,82,1785886499461,1786062034349,2026-08-04T23:34:59Z,2026-08-07T00:20:34Z,https://classic.warcraftlogs.com/reports/MAVDNb3gGc7pW1wZ,1056,18,18,-1,TRUE,100,-1
7nzW3J1LaR2ctrNm,SSC / TK,public,China,1,11,1786014580629,1786021990476,2026-08-06T11:09:40Z,2026-08-06T13:13:10Z,https://classic.warcraftlogs.com/reports/7nzW3J1LaR2ctrNm,1056,18,18,-1,TRUE,100,-1
FV79amk468rKfWdD,SSC / TK,public,United States,1,41,1786048902115,1786061822582,2026-08-06T20:41:42Z,2026-08-07T00:17:02Z,https://classic.warcraftlogs.com/reports/FV79amk468rKfWdD,1056,18,18,-1,TRUE,100,-1
J3wzXf7bVF8vtALG,SSC / TK,public,United States,32,32,1786057443712,1786061893878,2026-08-06T23:04:03Z,2026-08-07T00:18:13Z,https://classic.warcraftlogs.com/reports/J3wzXf7bVF8vtALG,1056,18,18,-1,TRUE,100,-1
H8VqwQRzgGkd2bj3,SSC / TK,public,United States,32,32,1786057115782,1786061894184,2026-08-06T22:58:35Z,2026-08-07T00:18:14Z,https://classic.warcraftlogs.com/reports/H8VqwQRzgGkd2bj3,1056,18,18,-1,TRUE,100,-1
LYayV9GhxknbwAWK,0806,public,China,1,11,1786016649357,1786029207886,2026-08-06T11:44:09Z,2026-08-06T15:13:27Z,https://classic.warcraftlogs.com/reports/LYayV9GhxknbwAWK,1056,18,18,-1,TRUE,100,-1
c3vHg8L4QGTnRjp1,SSC / TK,public,Europe,1,44,1786049334246,1786057181229,2026-08-06T20:48:54Z,2026-08-06T22:59:41Z,https://classic.warcraftlogs.com/reports/c3vHg8L4QGTnRjp1,1056,18,18,-1,TRUE,100,-1
D6m1BHtvQqkNnVdw,SSC / TK,public,United States,26,26,1786058945137,1786061685505,2026-08-06T23:29:05Z,2026-08-07T00:14:45Z,https://classic.warcraftlogs.com/reports/D6m1BHtvQqkNnVdw,1056,18,18,-1,TRUE,100,-1
CjvAXbHVr2cqGTaP,SSC / TK,public,Europe,1,19,1786046228032,1786049124663,2026-08-06T19:57:08Z,2026-08-06T20:45:24Z,https://classic.warcraftlogs.com/reports/CjvAXbHVr2cqGTaP,1056,18,18,-1,TRUE,100,-1
4fnCzA32vjw9VYkB,TK - PuG - 06.08.2026,public,Europe,41,41,1786053020641,1786061348574,2026-08-06T21:50:20Z,2026-08-07T00:09:08Z,https://classic.warcraftlogs.com/reports/4fnCzA32vjw9VYkB,1056,18,18,-1,TRUE,100,-1
aNCFTvz9yV2BmWxZ,SSC + TK 06.08,public,Europe,89,90,1786041989420,1786061346175,2026-08-06T18:46:29Z,2026-08-07T00:09:06Z,https://classic.warcraftlogs.com/reports/aNCFTvz9yV2BmWxZ,1056,18,18,-1,TRUE,100,-1
6avNVcF82zh9qt3R,kara 20260806,public,Europe,87,125,1786039473095,1786061313294,2026-08-06T18:04:33Z,2026-08-07T00:08:33Z,https://classic.warcraftlogs.com/reports/6avNVcF82zh9qt3R,1056,18,18,-1,TRUE,100,-1
hnTDbLzxRkdyC8Wt,SSC / TK,public,United States,51,51,1785454778038,1785467902365,2026-07-30T23:39:38Z,2026-07-31T03:18:22Z,https://classic.warcraftlogs.com/reports/hnTDbLzxRkdyC8Wt,1056,18,18,-1,TRUE,100,-1
jzftvr3TZVW6Pnh9,ssc,public,Europe,1,26,1786046207635,1786061071206,2026-08-06T19:56:47Z,2026-08-07T00:04:31Z,https://classic.warcraftlogs.com/reports/jzftvr3TZVW6Pnh9,1056,18,18,-1,TRUE,100,-1
VTztq7PF6d8G4jWb,SSC/TK 8/6 1/2,public,Europe,1,49,1786038337034,1786047537216,2026-08-06T17:45:37Z,2026-08-06T20:18:57Z,https://classic.warcraftlogs.com/reports/VTztq7PF6d8G4jWb,1056,18,18,-1,TRUE,100,-1
pT3Abzcmqah2C8P7,SSC / TK,public,Europe,1,11,1786049997956,1786061071107,2026-08-06T20:59:57Z,2026-08-07T00:04:31Z,https://classic.warcraftlogs.com/reports/pT3Abzcmqah2C8P7,1056,18,18,-1,TRUE,100,-1
phNwvq4gBYbaRAnd,SSC / TK,public,Europe,42,64,1786050049854,1786061070414,2026-08-06T21:00:49Z,2026-08-07T00:04:30Z,https://classic.warcraftlogs.com/reports/phNwvq4gBYbaRAnd,1056,18,18,-1,TRUE,100,-1
NztLcgn78jbmJGra,SSC / TK,public,United States,1,36,1785980251618,1785987896767,2026-08-06T01:37:31Z,2026-08-06T03:44:56Z,https://classic.warcraftlogs.com/reports/NztLcgn78jbmJGra,1056,18,18,-1,TRUE,100,-1
Wjw48HKhnFNcPapY,SSC / TK,public,United States,8,8,1786059837600,1786060816487,2026-08-06T23:43:57Z,2026-08-07T00:00:16Z,https://classic.warcraftlogs.com/reports/Wjw48HKhnFNcPapY,1056,18,18,-1,TRUE,100,-1
jGXJnkZBTPWMf4Ar,SSC + TK ,public,United States,58,79,1785884946674,1786060638474,2026-08-04T23:09:06Z,2026-08-06T23:57:18Z,https://classic.warcraftlogs.com/reports/jGXJnkZBTPWMf4Ar,1056,18,18,-1,TRUE,100,-1
7jKCJgfQmGNq6xpr,SSC / TK,public,China,1,9,1786016032687,1786029631879,2026-08-06T11:33:52Z,2026-08-06T15:20:31Z,https://classic.warcraftlogs.com/reports/7jKCJgfQmGNq6xpr,1056,18,18,-1,TRUE,100,-1
F6QPrkH1LmbqZjVJ,ssc & tk,public,United States,81,81,1785456104502,1785468053506,2026-07-31T00:01:44Z,2026-07-31T03:20:53Z,https://classic.warcraftlogs.com/reports/F6QPrkH1LmbqZjVJ,1056,18,18,-1,TRUE,100,-1
ZKQG62h4MxtDgnjd,SSC / TK,public,United States,82,82,1785456227089,1785468422413,2026-07-31T00:03:47Z,2026-07-31T03:27:02Z,https://classic.warcraftlogs.com/reports/ZKQG62h4MxtDgnjd,1056,18,18,-1,TRUE,100,-1
7N89mx4qC3XdLMTH,SSC TK 06/08/2026,public,Europe,66,67,1786048212181,1786060321317,2026-08-06T20:30:12Z,2026-08-06T23:52:01Z,https://classic.warcraftlogs.com/reports/7N89mx4qC3XdLMTH,1056,18,18,-1,TRUE,100,-1
ZxNygBbMcmwVaQDF,SSC/TK,public,United States,22,31,1786056091675,1786060111328,2026-08-06T22:41:31Z,2026-08-06T23:48:31Z,https://classic.warcraftlogs.com/reports/ZxNygBbMcmwVaQDF,1056,18,18,-1,TRUE,100,-1
2R7cf61BjpnCMmzH,SSC / TK,public,United States,1,35,1786048902115,1786058696289,2026-08-06T20:41:42Z,2026-08-06T23:24:56Z,https://classic.warcraftlogs.com/reports/2R7cf61BjpnCMmzH,1056,18,18,-1,TRUE,100,-1
JfhXznBV8b6WNHPA,SSC / TK,public,China,1,12,1785980397563,1786000759909,2026-08-06T01:39:57Z,2026-08-06T07:19:19Z,https://classic.warcraftlogs.com/reports/JfhXznBV8b6WNHPA,1056,18,18,-1,TRUE,100,-1
WQh98tzpq6K1Rbna,ssc tk,public,United States,6,6,1786058865167,1786059738972,2026-08-06T23:27:45Z,2026-08-06T23:42:18Z,https://classic.warcraftlogs.com/reports/WQh98tzpq6K1Rbna,1056,18,18,-1,TRUE,100,-1
WC738Fh2mRgQcHLD,8/6 bogg early,public,United States,3,11,1786056799785,1786059671625,2026-08-06T22:53:19Z,2026-08-06T23:41:11Z,https://classic.warcraftlogs.com/reports/WC738Fh2mRgQcHLD,1056,18,18,-1,TRUE,100,-1
VmWJN6nbB1M9rjkz,SSC / TK,public,United States,1,74,1785888069652,1785903404164,2026-08-05T00:01:09Z,2026-08-05T04:16:44Z,https://classic.warcraftlogs.com/reports/VmWJN6nbB1M9rjkz,1056,18,18,-1,TRUE,100,-1
PGVWArkX69B87cfv,Raid 1 SSC & TK 20260806,public,Europe,1,59,1786040409496,1786049060392,2026-08-06T18:20:09Z,2026-08-06T20:44:20Z,https://classic.warcraftlogs.com/reports/PGVWArkX69B87cfv,1056,18,18,-1,TRUE,100,-1
k7AL1WwZd4VtJpXN,SSC / TK,public,Europe,81,119,1786039337373,1786059480786,2026-08-06T18:02:17Z,2026-08-06T23:38:00Z,https://classic.warcraftlogs.com/reports/k7AL1WwZd4VtJpXN,1056,18,18,-1,TRUE,100,-1
JCYjfHQ1zD4wbq28,TK,public,Europe,1,59,1786044989144,1786059168362,2026-08-06T19:36:29Z,2026-08-06T23:32:48Z,https://classic.warcraftlogs.com/reports/JCYjfHQ1zD4wbq28,1056,18,18,-1,TRUE,100,-1
6gnv9KBHkhNPTDbp,SSC,public,Europe,1,59,1785955213520,1785964525772,2026-08-05T18:40:13Z,2026-08-05T21:15:25Z,https://classic.warcraftlogs.com/reports/6gnv9KBHkhNPTDbp,1056,18,18,-1,TRUE,100,-1
GkDHx3TbmL4Mcyv7,SSC / TK,public,Europe,1,59,1786038078153,1786058796513,2026-08-06T17:41:18Z,2026-08-06T23:26:36Z,https://classic.warcraftlogs.com/reports/GkDHx3TbmL4Mcyv7,1056,18,18,-1,TRUE,100,-1
D8WQmYC6f3Aw9n2M,SSC / TK,public,Europe,31,31,1786049526908,1786058953361,2026-08-06T20:52:06Z,2026-08-06T23:29:13Z,https://classic.warcraftlogs.com/reports/D8WQmYC6f3Aw9n2M,1056,18,18,-1,TRUE,100,-1
nyXa7hZqRbtH3D9f,SSC / TK,public,Europe,69,70,1786050339575,1786058945777,2026-08-06T21:05:39Z,2026-08-06T23:29:05Z,https://classic.warcraftlogs.com/reports/nyXa7hZqRbtH3D9f,1056,18,18,-1,TRUE,100,-1
hJ3X1dRLfrBAznZY,2026-08-06_SSC,public,United States,1,33,1785891884864,1785900960245,2026-08-05T01:04:44Z,2026-08-05T03:36:00Z,https://classic.warcraftlogs.com/reports/hJ3X1dRLfrBAznZY,1056,18,18,-1,TRUE,100,-1
Fx72D8f6CmWLNd3K,SSC / TK,public,Europe,1,72,1786039804871,1786058624850,2026-08-06T18:10:04Z,2026-08-06T23:23:44Z,https://classic.warcraftlogs.com/reports/Fx72D8f6CmWLNd3K,1056,18,18,-1,TRUE,100,-1
3cKMZGVnmdqbDxaA,SSC / TK,public,Europe,1,7,1786040121670,1786058455246,2026-08-06T18:15:21Z,2026-08-06T23:20:55Z,https://classic.warcraftlogs.com/reports/3cKMZGVnmdqbDxaA,1056,18,18,-1,TRUE,100,-1
pd6DmFcMbCG4LB8x,Rival Blue SSC,public,United States,39,39,1786053260863,1786058515207,2026-08-06T21:54:20Z,2026-08-06T23:21:55Z,https://classic.warcraftlogs.com/reports/pd6DmFcMbCG4LB8x,1056,18,18,-1,TRUE,100,-1
W2XKf7a1PFyMLvQC,8/6/26 SSC BLUE,public,United States,41,41,1786052842223,1786058522904,2026-08-06T21:47:22Z,2026-08-06T23:22:02Z,https://classic.warcraftlogs.com/reports/W2XKf7a1PFyMLvQC,1056,18,18,-1,TRUE,100,-1
cFdtC78XwR61GPJV,SSC / TK,public,Europe,31,35,1786048569601,1786058503784,2026-08-06T20:36:09Z,2026-08-06T23:21:43Z,https://classic.warcraftlogs.com/reports/cFdtC78XwR61GPJV,1056,18,18,-1,TRUE,100,-1
C19ygjYd6vA83Kqa,SSC / TK,public,Europe,37,37,1786048697782,1786058503908,2026-08-06T20:38:17Z,2026-08-06T23:21:43Z,https://classic.warcraftlogs.com/reports/C19ygjYd6vA83Kqa,1056,18,18,-1,TRUE,100,-1
ZCaHRxNPFf9VYyq1,SSC / TK,public,Europe,73,77,1786045397105,1786058308115,2026-08-06T19:43:17Z,2026-08-06T23:18:28Z,https://classic.warcraftlogs.com/reports/ZCaHRxNPFf9VYyq1,1056,18,18,-1,TRUE,100,-1
ZT8rtAxnKgjvVdM4,SSC / TK,public,Korea,1,59,1786013028098,1786023643278,2026-08-06T10:43:48Z,2026-08-06T13:40:43Z,https://classic.warcraftlogs.com/reports/ZT8rtAxnKgjvVdM4,1056,18,18,-1,TRUE,100,-1
MWJaFdCxjABzTrGt,TK - 06/08,public,Europe,1,20,1786046941636,1786057836108,2026-08-06T20:09:01Z,2026-08-06T23:10:36Z,https://classic.warcraftlogs.com/reports/MWJaFdCxjABzTrGt,1056,18,18,-1,TRUE,100,-1
YqvBgnCcQ23TDNLw,SSC / TK,public,Europe,26,59,1786046958540,1786057837724,2026-08-06T20:09:18Z,2026-08-06T23:10:37Z,https://classic.warcraftlogs.com/reports/YqvBgnCcQ23TDNLw,1056,18,18,-1,TRUE,100,-1
RkKgFMHTQzWnAxqr,SSC / TK,public,Europe,1,46,1786042671254,1786053598373,2026-08-06T18:57:51Z,2026-08-06T21:59:58Z,https://classic.warcraftlogs.com/reports/RkKgFMHTQzWnAxqr,1056,18,18,-1,TRUE,100,-1
y92JZtANrnKxXYfm,SSC/TK Honor Pug 06/08,public,Europe,70,70,1786047811006,1786057726307,2026-08-06T20:23:31Z,2026-08-06T23:08:46Z,https://classic.warcraftlogs.com/reports/y92JZtANrnKxXYfm,1056,18,18,-1,TRUE,100,-1
YKDTyHNCPdJjfh8c,SSC / TK,public,China,1,8,1786016485634,1786029136587,2026-08-06T11:41:25Z,2026-08-06T15:12:16Z,https://classic.warcraftlogs.com/reports/YKDTyHNCPdJjfh8c,1056,18,18,-1,TRUE,100,-1
YDXkz9CFfvKVdHgj,SSC / TK,public,Europe,1,40,1786046362005,1786056197508,2026-08-06T19:59:22Z,2026-08-06T22:43:17Z,https://classic.warcraftlogs.com/reports/YDXkz9CFfvKVdHgj,1056,18,18,-1,TRUE,100,-1
w4c6vpJ89RKAmbTf,SSC / TK,public,Europe,62,78,1786046650550,1786057657106,2026-08-06T20:04:10Z,2026-08-06T23:07:37Z,https://classic.warcraftlogs.com/reports/w4c6vpJ89RKAmbTf,1056,18,18,-1,TRUE,100,-1
QhLmjnG32AfwyTr7,SSC / TK,public,Europe,67,77,1786045233427,1786057657439,2026-08-06T19:40:33Z,2026-08-06T23:07:37Z,https://classic.warcraftlogs.com/reports/QhLmjnG32AfwyTr7,1056,18,18,-1,TRUE,100,-1
jpbBMGNrvZJKRFa6,SSC / TK,public,Europe,82,84,1786045535820,1786057657192,2026-08-06T19:45:35Z,2026-08-06T23:07:37Z,https://classic.warcraftlogs.com/reports/jpbBMGNrvZJKRFa6,1056,18,18,-1,TRUE,100,-1
FrtW1GhkJcKTpv42,CFN - 08-05-26 SSC/TK,public,United States,1,53,1785975674711,1785986144745,2026-08-06T00:21:14Z,2026-08-06T03:15:44Z,https://classic.warcraftlogs.com/reports/FrtW1GhkJcKTpv42,1056,19,19,-1,TRUE,100,-1
rhyfGq83pCR7mZMN,SSC / TK,public,Europe,33,93,1786035860207,1786057206676,2026-08-06T17:04:20Z,2026-08-06T23:00:06Z,https://classic.warcraftlogs.com/reports/rhyfGq83pCR7mZMN,1056,19,19,-1,TRUE,100,-1
8gKpPqwJh6HR1tD4,SSC / TK,public,Europe,145,144,1786035139896,1786057350219,2026-08-06T16:52:19Z,2026-08-06T23:02:30Z,https://classic.warcraftlogs.com/reports/8gKpPqwJh6HR1tD4,1056,19,19,-1,TRUE,100,-1
nZ1qfXvbK8z3cpTd,SSC / TK,public,Europe,1,66,1786046158988,1786057133362,2026-08-06T19:55:58Z,2026-08-06T22:58:53Z,https://classic.warcraftlogs.com/reports/nZ1qfXvbK8z3cpTd,1056,19,19,-1,TRUE,100,-1
6pg8Jw2C1MYnx4kv,SSC / TK,public,Europe,84,128,1786035860207,1786057206676,2026-08-06T17:04:20Z,2026-08-06T23:00:06Z,https://classic.warcraftlogs.com/reports/6pg8Jw2C1MYnx4kv,1056,19,19,-1,TRUE,100,-1
awFR2yHY934ngrd6,SSC / TK,public,Europe,21,59,1786039897199,1786053715464,2026-08-06T18:11:37Z,2026-08-06T22:01:55Z,https://classic.warcraftlogs.com/reports/awFR2yHY934ngrd6,1056,19,19,-1,TRUE,100,-1
vrTj1cnyJHYtPNwQ,SSCTK + Gruul (06/08/26),public,Europe,74,74,1786047401994,1786057061294,2026-08-06T20:16:41Z,2026-08-06T22:57:41Z,https://classic.warcraftlogs.com/reports/vrTj1cnyJHYtPNwQ,1056,19,19,-1,TRUE,100,-1
mycRbdfaZxtPnFXg,SSC / TK,public,Europe,51,67,1786046415551,1786057048953,2026-08-06T20:00:15Z,2026-08-06T22:57:28Z,https://classic.warcraftlogs.com/reports/mycRbdfaZxtPnFXg,1056,19,19,-1,TRUE,100,-1
Q3GYJARVn1dNKwMH,SSC / TK,public,United States,1,63,1785974289338,1785985084794,2026-08-05T23:58:09Z,2026-08-06T02:58:04Z,https://classic.warcraftlogs.com/reports/Q3GYJARVn1dNKwMH,1056,19,19,-1,TRUE,100,-1
AHyjJdTzpLrxmF9c,SSC / TK,public,Europe,1,69,1786038954943,1786056691506,2026-08-06T17:55:54Z,2026-08-06T22:51:31Z,https://classic.warcraftlogs.com/reports/AHyjJdTzpLrxmF9c,1056,19,19,-1,TRUE,100,-1
z8qFxLtJC4KRX9GV,SSC / TK,public,Europe,1,34,1786050154772,1786056761390,2026-08-06T21:02:34Z,2026-08-06T22:52:41Z,https://classic.warcraftlogs.com/reports/z8qFxLtJC4KRX9GV,1056,19,19,-1,TRUE,100,-1
wWm3XZfvzh6kyrBP,SSC / TK,public,Europe,1,53,1786036737411,1786055492231,2026-08-06T17:18:57Z,2026-08-06T22:31:32Z,https://classic.warcraftlogs.com/reports/wWm3XZfvzh6kyrBP,1056,19,19,-1,TRUE,100,-1
VC68QMT947KhxcqN,TBL SSC ,public,Europe,47,47,1786046756215,1786056651745,2026-08-06T20:05:56Z,2026-08-06T22:50:51Z,https://classic.warcraftlogs.com/reports/VC68QMT947KhxcqN,1056,19,19,-1,TRUE,100,-1
t1Gb4WLRQDT89M7f,TKSSCGruul 06.08 ODERSO,public,Europe,69,69,1786047171566,1786057145684,2026-08-06T20:12:51Z,2026-08-06T22:59:05Z,https://classic.warcraftlogs.com/reports/t1Gb4WLRQDT89M7f,1056,19,19,-1,TRUE,100,-1
BjdX1CkGDQ7VaTcH,SSC / TK,public,Europe,66,67,1786047058373,1786056662477,2026-08-06T20:10:58Z,2026-08-06T22:51:02Z,https://classic.warcraftlogs.com/reports/BjdX1CkGDQ7VaTcH,1056,19,19,-1,TRUE,100,-1
YXCF63jxyJnK8fPR,SSC / TK,public,Europe,1,12,1786046465723,1786055418729,2026-08-06T20:01:05Z,2026-08-06T22:30:18Z,https://classic.warcraftlogs.com/reports/YXCF63jxyJnK8fPR,1056,19,19,-1,TRUE,100,-1
hqnRPzjyxBkK14dN,SSC / TK,public,Europe,1,31,1786048485756,1786056346881,2026-08-06T20:34:45Z,2026-08-06T22:45:46Z,https://classic.warcraftlogs.com/reports/hqnRPzjyxBkK14dN,1056,19,19,-1,TRUE,100,-1
tB1NY3W2k84gXPJj,PuG Kara,public,Europe,18,58,1786039787124,1786048579735,2026-08-06T18:09:47Z,2026-08-06T20:36:19Z,https://classic.warcraftlogs.com/reports/tB1NY3W2k84gXPJj,1056,19,19,-1,TRUE,100,-1
mZpJ27tbPdQwxkNB,SSC / TK,public,Europe,40,42,1786045491018,1786056435740,2026-08-06T19:44:51Z,2026-08-06T22:47:15Z,https://classic.warcraftlogs.com/reports/mZpJ27tbPdQwxkNB,1056,19,19,-1,TRUE,100,-1
6KmcPNM7Wvd4baLX,Forthepeople is the best ele :),public,Europe,1,28,1786041536633,1786056161649,2026-08-06T18:38:56Z,2026-08-06T22:42:41Z,https://classic.warcraftlogs.com/reports/6KmcPNM7Wvd4baLX,1056,19,19,-1,TRUE,100,-1
hqYWaArw41VGj8TH,ssc tk,public,Europe,2,54,1786038816079,1786051004514,2026-08-06T17:53:36Z,2026-08-06T21:16:44Z,https://classic.warcraftlogs.com/reports/hqYWaArw41VGj8TH,1056,19,19,-1,TRUE,100,-1
drkG3vbVxAjTzWPn,SSC / TK,public,Europe,30,30,1786050795745,1786056161891,2026-08-06T21:13:15Z,2026-08-06T22:42:41Z,https://classic.warcraftlogs.com/reports/drkG3vbVxAjTzWPn,1056,19,19,-1,TRUE,100,-1
CP67m92dtQxJXGgN,SSC / TK,public,Europe,1,56,1786046964597,1786055632520,2026-08-06T20:09:24Z,2026-08-06T22:33:52Z,https://classic.warcraftlogs.com/reports/CP67m92dtQxJXGgN,1056,19,19,-1,TRUE,100,-1
zgCdJmxPZfnW94LB,SSC / TK,public,Europe,1,63,1786043832297,1786055833352,2026-08-06T19:17:12Z,2026-08-06T22:37:13Z,https://classic.warcraftlogs.com/reports/zgCdJmxPZfnW94LB,1056,19,19,-1,TRUE,100,-1
pJ2nyDRA6cGXtKL3,SSC / TK,public,Europe,75,75,1786043239480,1786056092491,2026-08-06T19:07:19Z,2026-08-06T22:41:32Z,https://classic.warcraftlogs.com/reports/pJ2nyDRA6cGXtKL3,1056,19,19,-1,TRUE,100,-1
DQaHGpt6vhVzP83C,SSC und TK S3 pon,public,Europe,71,78,1786041066002,1786056092531,2026-08-06T18:31:06Z,2026-08-06T22:41:32Z,https://classic.warcraftlogs.com/reports/DQaHGpt6vhVzP83C,1056,19,19,-1,TRUE,100,-1
hHQXtCxbaWjRTZrv,SSC / TK,public,Europe,1,40,1786046673540,1786055418708,2026-08-06T20:04:33Z,2026-08-06T22:30:18Z,https://classic.warcraftlogs.com/reports/hHQXtCxbaWjRTZrv,1056,19,19,-1,TRUE,100,-1
AyDHCRjJZ2xPLYWc,SSC / TK,public,Europe,1,40,1786046673540,1786055418708,2026-08-06T20:04:33Z,2026-08-06T22:30:18Z,https://classic.warcraftlogs.com/reports/AyDHCRjJZ2xPLYWc,1056,19,19,-1,TRUE,100,-1
zJq486xkmtZT3Ar1,SSC/TK 06 08 2026,public,Europe,1,57,1786044038636,1786055880591,2026-08-06T19:20:38Z,2026-08-06T22:38:00Z,https://classic.warcraftlogs.com/reports/zJq486xkmtZT3Ar1,1056,19,19,-1,TRUE,100,-1
vkcbg2LTmFxwPKnW,SSC / TK,public,Europe,1,64,1786042298729,1786055773177,2026-08-06T18:51:38Z,2026-08-06T22:36:13Z,https://classic.warcraftlogs.com/reports/vkcbg2LTmFxwPKnW,1056,19,19,-1,TRUE,100,-1
13XqybmLvZAB9RV8,Thursday 25m TK,public,Europe,43,43,1786049211827,1786055922962,2026-08-06T20:46:51Z,2026-08-06T22:38:42Z,https://classic.warcraftlogs.com/reports/13XqybmLvZAB9RV8,1056,19,19,-1,TRUE,100,-1
6MtBXKcrLzQ1xdwn,ssc_tk_06_08_2026,public,Europe,61,70,1786045628629,1786055852163,2026-08-06T19:47:08Z,2026-08-06T22:37:32Z,https://classic.warcraftlogs.com/reports/6MtBXKcrLzQ1xdwn,1056,19,19,-1,TRUE,100,-1
KLm1bq2VvkTcyBGC,SSC / TK,public,Europe,1,65,1786044483155,1786054614236,2026-08-06T19:28:03Z,2026-08-06T22:16:54Z,https://classic.warcraftlogs.com/reports/KLm1bq2VvkTcyBGC,1056,19,19,-1,TRUE,100,-1
M7vJ9PLpAK4gNncx,SSC / TK,public,Europe,1,65,1786043056474,1786054595886,2026-08-06T19:04:16Z,2026-08-06T22:16:35Z,https://classic.warcraftlogs.com/reports/M7vJ9PLpAK4gNncx,1056,19,19,-1,TRUE,100,-1
TmRG7F1zwgKLtHf8,SSC / TK,public,Europe,1,55,1786046678445,1786055539353,2026-08-06T20:04:38Z,2026-08-06T22:32:19Z,https://classic.warcraftlogs.com/reports/TmRG7F1zwgKLtHf8,1056,19,19,-1,TRUE,100,-1
GWntzfra6ZJFQp4L,SSC / TK ID13,public,Europe,1,44,1786038507615,1786046457455,2026-08-06T17:48:27Z,2026-08-06T20:00:57Z,https://classic.warcraftlogs.com/reports/GWntzfra6ZJFQp4L,1056,19,19,-1,TRUE,100,-1
KxkDbgrY7f3tNjRz,SSC / TK,public,Europe,1,27,1786048201730,1786053848108,2026-08-06T20:30:01Z,2026-08-06T22:04:08Z,https://classic.warcraftlogs.com/reports/KxkDbgrY7f3tNjRz,1056,19,19,-1,TRUE,100,-1
MrHVN2pCxDcqKPFm,SSC / TK,public,Europe,1,26,1786038168895,1786044295367,2026-08-06T17:42:48Z,2026-08-06T19:24:55Z,https://classic.warcraftlogs.com/reports/MrHVN2pCxDcqKPFm,1056,19,19,-1,TRUE,100,-1
LzgPbq6CpvZ3A2WJ,SSC / TK,public,United States,1,30,1786028950815,1786055447143,2026-08-06T15:09:10Z,2026-08-06T22:30:47Z,https://classic.warcraftlogs.com/reports/LzgPbq6CpvZ3A2WJ,1056,19,19,-1,TRUE,100,-1
9mgMY46rQpV7NT3A,SSC / TK,public,Europe,1,61,1786040339210,1786054222786,2026-08-06T18:18:59Z,2026-08-06T22:10:22Z,https://classic.warcraftlogs.com/reports/9mgMY46rQpV7NT3A,1056,19,19,-1,TRUE,100,-1
cVCtWRv6Qh3azr2m,kara 20260806,public,Europe,18,55,1786039473095,1786055523980,2026-08-06T18:04:33Z,2026-08-06T22:32:03Z,https://classic.warcraftlogs.com/reports/cVCtWRv6Qh3azr2m,1056,19,19,-1,TRUE,100,-1
rkmh2XdZNLKzF8fw,SSC / TK,public,Europe,1,65,1786044483155,1786054614236,2026-08-06T19:28:03Z,2026-08-06T22:16:54Z,https://classic.warcraftlogs.com/reports/rkmh2XdZNLKzF8fw,1056,19,19,-1,TRUE,100,-1
wypjNYkRaKZ4GvnF,SSC / TK,public,United States,39,60,1786039535341,1786055454274,2026-08-06T18:05:35Z,2026-08-06T22:30:54Z,https://classic.warcraftlogs.com/reports/wypjNYkRaKZ4GvnF,1056,19,19,-1,TRUE,100,-1
Tyc9V3hbaBjtwLr4,SSC / TK,public,Europe,64,67,1786046142377,1786055422350,2026-08-06T19:55:42Z,2026-08-06T22:30:22Z,https://classic.warcraftlogs.com/reports/Tyc9V3hbaBjtwLr4,1056,19,19,-1,TRUE,100,-1
jNm7K13aTBfqxMbr,SSC / TK,public,Europe,1,65,1786044483155,1786054614236,2026-08-06T19:28:03Z,2026-08-06T22:16:54Z,https://classic.warcraftlogs.com/reports/jNm7K13aTBfqxMbr,1056,19,19,-1,TRUE,100,-1
1nFdZPCAMQm2BW9y,aasd,public,Europe,26,28,1786049505420,1786055355258,2026-08-06T20:51:45Z,2026-08-06T22:29:15Z,https://classic.warcraftlogs.com/reports/1nFdZPCAMQm2BW9y,1056,19,19,-1,TRUE,100,-1
tRPa6MYDc748nfHQ,TK | SSC - Team 2,public,Europe,52,64,1786044398623,1786055345353,2026-08-06T19:26:38Z,2026-08-06T22:29:05Z,https://classic.warcraftlogs.com/reports/tRPa6MYDc748nfHQ,1056,19,19,-1,TRUE,100,-1
qMZ7T98RWXKC43mg,SSC / TK,public,Europe,1,42,1786038152051,1786054531736,2026-08-06T17:42:32Z,2026-08-06T22:15:31Z,https://classic.warcraftlogs.com/reports/qMZ7T98RWXKC43mg,1056,19,19,-1,TRUE,100,-1
z3qATdQ8LkhN7agH,SSC - 06/08,public,Europe,1,22,1786046941636,1786051121391,2026-08-06T20:09:01Z,2026-08-06T21:18:41Z,https://classic.warcraftlogs.com/reports/z3qATdQ8LkhN7agH,1056,19,19,-1,TRUE,100,-1
L6A8dzKWgHryvXY1,yep,public,Europe,1,8,1786034646401,1786054556221,2026-08-06T16:44:06Z,2026-08-06T22:15:56Z,https://classic.warcraftlogs.com/reports/L6A8dzKWgHryvXY1,1056,19,19,-1,TRUE,100,-1
XNrFC1jDq8cAa6WZ,SSC,public,Europe,1,11,1786039270676,1786051150294,2026-08-06T18:01:10Z,2026-08-06T21:19:10Z,https://classic.warcraftlogs.com/reports/XNrFC1jDq8cAa6WZ,1056,19,19,-1,TRUE,100,-1
6nG8zVarMkKwtQHq,raidd,public,Europe,1,63,1786034883920,1786044658187,2026-08-06T16:48:03Z,2026-08-06T19:30:58Z,https://classic.warcraftlogs.com/reports/6nG8zVarMkKwtQHq,1056,19,19,-1,TRUE,100,-1
yjXCPFLq8b29p3YH,SSC / TK,public,Europe,1,31,1786049555267,1786054548790,2026-08-06T20:52:35Z,2026-08-06T22:15:48Z,https://classic.warcraftlogs.com/reports/yjXCPFLq8b29p3YH,1056,19,19,-1,TRUE,100,-1
kCfQM7hzbapj3yJH,SSC / TK,public,Europe,42,43,1786049526908,1786054811057,2026-08-06T20:52:06Z,2026-08-06T22:20:11Z,https://classic.warcraftlogs.com/reports/kCfQM7hzbapj3yJH,1056,19,19,-1,TRUE,100,-1
jxX3QDqyBAbtvaF6,<SEND IT> TK+SSC 06/08/2026,public,Europe,1,71,1786037318158,1786053265991,2026-08-06T17:28:38Z,2026-08-06T21:54:25Z,https://classic.warcraftlogs.com/reports/jxX3QDqyBAbtvaF6,1056,19,19,-1,TRUE,100,-1
CKhZaBx4Fcbw2GVj,SSC / TK,public,Europe,89,90,1786037472467,1786054741289,2026-08-06T17:31:12Z,2026-08-06T22:19:01Z,https://classic.warcraftlogs.com/reports/CKhZaBx4Fcbw2GVj,1056,19,19,-1,TRUE,100,-1
8NAtMfKghnLHp9x2,ssc,public,Europe,1,43,1786037949565,1786054531635,2026-08-06T17:39:09Z,2026-08-06T22:15:31Z,https://classic.warcraftlogs.com/reports/8NAtMfKghnLHp9x2,1056,19,19,-1,TRUE,100,-1
YHF4CpPGxwV2vbhq,SSC / TK,public,Europe,1,36,1786041604334,1786054682630,2026-08-06T18:40:04Z,2026-08-06T22:18:02Z,https://classic.warcraftlogs.com/reports/YHF4CpPGxwV2vbhq,1056,19,19,-1,TRUE,100,-1
fHzW3X2PRrjDQL8t,KT + SSC,public,Europe,52,52,1786045665555,1786054603792,2026-08-06T19:47:45Z,2026-08-06T22:16:43Z,https://classic.warcraftlogs.com/reports/fHzW3X2PRrjDQL8t,1056,19,19,-1,TRUE,100,-1
LbdTtfjMAp8wDHZC,SSC / TK,public,Europe,55,62,1786045931552,1786054596736,2026-08-06T19:52:11Z,2026-08-06T22:16:36Z,https://classic.warcraftlogs.com/reports/LbdTtfjMAp8wDHZC,1056,19,19,-1,TRUE,100,-1
32rnJFzXbY8qDvV6,ssc shaman,public,Europe,26,42,1786049004517,1786054595952,2026-08-06T20:43:24Z,2026-08-06T22:16:35Z,https://classic.warcraftlogs.com/reports/32rnJFzXbY8qDvV6,1056,19,19,-1,TRUE,100,-1
xaK8DcNW2htgjzXH,SSC / TK,public,Europe,1,8,1786048737373,1786054408813,2026-08-06T20:38:57Z,2026-08-06T22:13:28Z,https://classic.warcraftlogs.com/reports/xaK8DcNW2htgjzXH,1056,19,19,-1,TRUE,100,-1
vj4dbJTG2xZ79VgA,speekill balast week whatever,public,Europe,65,66,1786038531080,1786054556201,2026-08-06T17:48:51Z,2026-08-06T22:15:56Z,https://classic.warcraftlogs.com/reports/vj4dbJTG2xZ79VgA,1056,19,19,-1,TRUE,100,-1
n347MqyfNJPjmZkx,SSC / TK,public,Europe,18,41,1786047157535,1786054552954,2026-08-06T20:12:37Z,2026-08-06T22:15:52Z,https://classic.warcraftlogs.com/reports/n347MqyfNJPjmZkx,1056,19,19,-1,TRUE,100,-1
Tk8fLmNFvA7ZbVC1,SSC 06/08/2026,public,Europe,1,12,1786041925987,1786053005373,2026-08-06T18:45:25Z,2026-08-06T21:50:05Z,https://classic.warcraftlogs.com/reports/Tk8fLmNFvA7ZbVC1,1056,19,19,-1,TRUE,100,-1
KjryatPWBLNGnCD3,SSC / TK,public,Europe,1,37,1786047476254,1786054443350,2026-08-06T20:17:56Z,2026-08-06T22:14:03Z,https://classic.warcraftlogs.com/reports/KjryatPWBLNGnCD3,1056,19,19,-1,TRUE,100,-1
W47thAMkCBrj1KVF,SSC / TK,public,Europe,1,28,1786047137859,1786053921441,2026-08-06T20:12:17Z,2026-08-06T22:05:21Z,https://classic.warcraftlogs.com/reports/W47thAMkCBrj1KVF,1056,19,19,-1,TRUE,100,-1
qy4QxPdFWTtLpKmn,SSC / TK,public,Europe,1,61,1786041503856,1786054198940,2026-08-06T18:38:23Z,2026-08-06T22:09:58Z,https://classic.warcraftlogs.com/reports/qy4QxPdFWTtLpKmn,1056,19,19,-1,TRUE,100,-1
vRjWJNPpAYKnd9cb,SSC / TK,public,Europe,1,9,1785960332527,1785964936478,2026-08-05T20:05:32Z,2026-08-05T21:22:16Z,https://classic.warcraftlogs.com/reports/vRjWJNPpAYKnd9cb,1056,19,19,-1,TRUE,100,-1
6x3VJTP94GnzHjC2,SSC / TK,public,Europe,1,14,1786042555846,1786053578457,2026-08-06T18:55:55Z,2026-08-06T21:59:38Z,https://classic.warcraftlogs.com/reports/6x3VJTP94GnzHjC2,1056,19,19,-1,TRUE,100,-1
RnNazA6J7GwX4Bb3,SSC / TK,public,Europe,1,59,1786041302180,1786053935710,2026-08-06T18:35:02Z,2026-08-06T22:05:35Z,https://classic.warcraftlogs.com/reports/RnNazA6J7GwX4Bb3,1056,19,19,-1,TRUE,100,-1
thpgjCGbNcxWX9Qa,tk/ssc,public,Europe,42,42,1786046245406,1786054219522,2026-08-06T19:57:25Z,2026-08-06T22:10:19Z,https://classic.warcraftlogs.com/reports/thpgjCGbNcxWX9Qa,1056,19,19,-1,TRUE,100,-1
7t2AmabzQpR1MTxK,SSC / TK,public,Europe,77,83,1786036059696,1786054173311,2026-08-06T17:07:39Z,2026-08-06T22:09:33Z,https://classic.warcraftlogs.com/reports/7t2AmabzQpR1MTxK,1056,19,19,-1,TRUE,100,-1
Rdn8KNAHMtvgWJGw,SSC / TK,public,Europe,52,67,1786041312729,1786054156969,2026-08-06T18:35:12Z,2026-08-06T22:09:16Z,https://classic.warcraftlogs.com/reports/Rdn8KNAHMtvgWJGw,1056,19,19,-1,TRUE,100,-1
8wyhdjnWpBGJMHYk,SSC / TK,public,Europe,74,74,1786041300962,1786054156718,2026-08-06T18:35:00Z,2026-08-06T22:09:16Z,https://classic.warcraftlogs.com/reports/8wyhdjnWpBGJMHYk,1056,19,19,-1,TRUE,100,-1
aCcBPrGMYLJV7pqw,Druid pug,public,Europe,1,9,1786043442581,1786053367009,2026-08-06T19:10:42Z,2026-08-06T21:56:07Z,https://classic.warcraftlogs.com/reports/aCcBPrGMYLJV7pqw,1056,19,19,-1,TRUE,100,-1
kDBVF8ZW2wRnf4LA,ssc tk,public,Europe,103,103,1786035430830,1786054117221,2026-08-06T16:57:10Z,2026-08-06T22:08:37Z,https://classic.warcraftlogs.com/reports/kDBVF8ZW2wRnf4LA,1056,19,19,-1,TRUE,100,-1
xjc8Vd6M71BnQYv3,SSC/TK,public,Europe,1,62,1786044400516,1786053845934,2026-08-06T19:26:40Z,2026-08-06T22:04:05Z,https://classic.warcraftlogs.com/reports/xjc8Vd6M71BnQYv3,1056,19,19,-1,TRUE,100,-1
yvHN2zMnDP9qJVTm,SSC / TK,public,Europe,16,47,1786038148899,1786051882123,2026-08-06T17:42:28Z,2026-08-06T21:31:22Z,https://classic.warcraftlogs.com/reports/yvHN2zMnDP9qJVTm,1056,19,19,-1,TRUE,100,-1
dXF2Hg4ypC1Z6bMW,SSC / TK,public,Europe,66,67,1786042893633,1786054009570,2026-08-06T19:01:33Z,2026-08-06T22:06:49Z,https://classic.warcraftlogs.com/reports/dXF2Hg4ypC1Z6bMW,1056,19,19,-1,TRUE,100,-1
Kx3AftrVNcqjGmyv,SSC / TK,public,Europe,1,70,1786036523065,1786053358024,2026-08-06T17:15:23Z,2026-08-06T21:55:58Z,https://classic.warcraftlogs.com/reports/Kx3AftrVNcqjGmyv,1056,19,19,-1,TRUE,100,-1
kyF3K4Xrw1GYCjp8,SSC / TK,public,Europe,1,50,1786038381931,1786051679834,2026-08-06T17:46:21Z,2026-08-06T21:27:59Z,https://classic.warcraftlogs.com/reports/kyF3K4Xrw1GYCjp8,1056,19,19,-1,TRUE,100,-1
yjvwD4TgcFQ7Wxzf,TK Secutor,public,Europe,1,22,1786050307414,1786053933988,2026-08-06T21:05:07Z,2026-08-06T22:05:33Z,https://classic.warcraftlogs.com/reports/yjvwD4TgcFQ7Wxzf,1056,19,19,-1,TRUE,100,-1
Q18vaWAMfkRcdNrG,SSC / TK,public,Europe,1,61,1786041863831,1786053819651,2026-08-06T18:44:23Z,2026-08-06T22:03:39Z,https://classic.warcraftlogs.com/reports/Q18vaWAMfkRcdNrG,1056,19,19,-1,TRUE,100,-1
4KLp63Ht9WZxayBM,SSC / TK,public,Europe,46,85,1785954382045,1786053921461,2026-08-05T18:26:22Z,2026-08-06T22:05:21Z,https://classic.warcraftlogs.com/reports/4KLp63Ht9WZxayBM,1056,19,19,-1,TRUE,100,-1
tXpwNqmjrTaGFB7R,"06,08,2026 ssc +tk",public,Europe,51,51,1786041192435,1786053928526,2026-08-06T18:33:12Z,2026-08-06T22:05:28Z,https://classic.warcraftlogs.com/reports/tXpwNqmjrTaGFB7R,1056,19,19,-1,TRUE,100,-1
nCmG2axHQdtNv1p3,SSC Group 1,public,Europe,1,29,1786039119952,1786048683523,2026-08-06T17:58:39Z,2026-08-06T20:38:03Z,https://classic.warcraftlogs.com/reports/nCmG2axHQdtNv1p3,1056,19,19,-1,TRUE,100,-1
Cv8QNaFYBV2Rg7nX,TK Secutor,public,Europe,25,25,1786050307414,1786053883530,2026-08-06T21:05:07Z,2026-08-06T22:04:43Z,https://classic.warcraftlogs.com/reports/Cv8QNaFYBV2Rg7nX,1056,19,19,-1,TRUE,100,-1
WVgvQLqcN61nDfP9,thursday ssctk,public,Europe,47,47,1786038535901,1786053872935,2026-08-06T17:48:55Z,2026-08-06T22:04:32Z,https://classic.warcraftlogs.com/reports/WVgvQLqcN61nDfP9,1056,19,19,-1,TRUE,100,-1
rRL9Bgv8xNQPKqyn,SSC & TK,public,Europe,68,68,1786044906860,1786053846547,2026-08-06T19:35:06Z,2026-08-06T22:04:06Z,https://classic.warcraftlogs.com/reports/rRL9Bgv8xNQPKqyn,1056,19,19,-1,TRUE,100,-1
K1NnqLjVpMgkZB6D,TK Group 1,public,Europe,1,29,1786039119952,1786043942338,2026-08-06T17:58:39Z,2026-08-06T19:19:02Z,https://classic.warcraftlogs.com/reports/K1NnqLjVpMgkZB6D,1056,19,19,-1,TRUE,100,-1
9h1FJdBkz34Kp87f,SSC / TK,public,Europe,1,11,1786041734866,1786053413743,2026-08-06T18:42:14Z,2026-08-06T21:56:53Z,https://classic.warcraftlogs.com/reports/9h1FJdBkz34Kp87f,1056,19,19,-1,TRUE,100,-1
zBFLpKgAV9XYCQn6,SSC / TK,public,Europe,36,35,1786047853489,1786053815150,2026-08-06T20:24:13Z,2026-08-06T22:03:35Z,https://classic.warcraftlogs.com/reports/zBFLpKgAV9XYCQn6,1056,19,19,-1,TRUE,100,-1
kFQWtgHNT6KjrYBm,SSC / TK,public,Europe,1,61,1786041066240,1786052057467,2026-08-06T18:31:06Z,2026-08-06T21:34:17Z,https://classic.warcraftlogs.com/reports/kFQWtgHNT6KjrYBm,1056,19,19,-1,TRUE,100,-1
dKpZqP2wLJGQ1YBk,TK,public,Europe,1,33,1786047029438,1786053587783,2026-08-06T20:10:29Z,2026-08-06T21:59:47Z,https://classic.warcraftlogs.com/reports/dKpZqP2wLJGQ1YBk,1056,19,19,-1,TRUE,100,-1
r4VaDq6k9dQhymT7,<Lost Crew> SSC/TK Pump - 6/8/2026 part3,public,Europe,27,28,1786048958930,1786053765933,2026-08-06T20:42:38Z,2026-08-06T22:02:45Z,https://classic.warcraftlogs.com/reports/r4VaDq6k9dQhymT7,1056,19,19,-1,TRUE,100,-1
Yth7fTnR1cqCHPF8,SSC / TK,public,Europe,1,61,1786041314302,1786053720639,2026-08-06T18:35:14Z,2026-08-06T22:02:00Z,https://classic.warcraftlogs.com/reports/Yth7fTnR1cqCHPF8,1056,19,19,-1,TRUE,100,-1
3Km72kLPWc8bXRtx,SSC / TK,public,Europe,80,80,1786038263841,1786053726455,2026-08-06T17:44:23Z,2026-08-06T22:02:06Z,https://classic.warcraftlogs.com/reports/3Km72kLPWc8bXRtx,1056,19,19,-1,TRUE,100,-1
KAx6X1LV3nQFJtaw,SSC / TK,public,Europe,1,61,1786041066240,1786052057467,2026-08-06T18:31:06Z,2026-08-06T21:34:17Z,https://classic.warcraftlogs.com/reports/KAx6X1LV3nQFJtaw,1056,19,19,-1,TRUE,100,-1
2QKqcf3FyX9jNCRn,SSC+TK,public,Europe,2,57,1786042534823,1786053311827,2026-08-06T18:55:34Z,2026-08-06T21:55:11Z,https://classic.warcraftlogs.com/reports/2QKqcf3FyX9jNCRn,1056,19,19,-1,TRUE,100,-1
K4AHqkT9vt7FyCWX,Raid_logs,public,Europe,71,72,1786041286570,1786053614403,2026-08-06T18:34:46Z,2026-08-06T22:00:14Z,https://classic.warcraftlogs.com/reports/K4AHqkT9vt7FyCWX,1056,20,20,-1,TRUE,100,-1
gR2W4jmJQLMVw9Gb,SSC TK 06/08,public,Europe,39,51,1786044853669,1786053577248,2026-08-06T19:34:13Z,2026-08-06T21:59:37Z,https://classic.warcraftlogs.com/reports/gR2W4jmJQLMVw9Gb,1056,20,20,-1,TRUE,100,-1
ZCRGH3WjMq7dn8Ny,SSC / TK,public,Europe,62,64,1786043539204,1786053578827,2026-08-06T19:12:19Z,2026-08-06T21:59:38Z,https://classic.warcraftlogs.com/reports/ZCRGH3WjMq7dn8Ny,1056,20,20,-1,TRUE,100,-1
HrGFby6KgBxhJZ9W,SP SSC&TK,public,Europe,64,71,1786042573901,1786053578539,2026-08-06T18:56:13Z,2026-08-06T21:59:38Z,https://classic.warcraftlogs.com/reports/HrGFby6KgBxhJZ9W,1056,20,20,-1,TRUE,100,-1
3HPMmWCQJ1DGf6Lp,nouvelle horizon,public,Europe,1,60,1786041929739,1786053289437,2026-08-06T18:45:29Z,2026-08-06T21:54:49Z,https://classic.warcraftlogs.com/reports/3HPMmWCQJ1DGf6Lp,1056,20,20,-1,TRUE,100,-1
8Z7K3WvHYAnV6qXw,SSC / TK,public,Europe,1,55,1786043139440,1786053280086,2026-08-06T19:05:39Z,2026-08-06T21:54:40Z,https://classic.warcraftlogs.com/reports/8Z7K3WvHYAnV6qXw,1056,20,20,-1,TRUE,100,-1
H91DXn83dCVG7j2N,SSC / TK,public,Europe,1,46,1786038181764,1786052406827,2026-08-06T17:43:01Z,2026-08-06T21:40:06Z,https://classic.warcraftlogs.com/reports/H91DXn83dCVG7j2N,1056,20,20,-1,TRUE,100,-1
adtDwbLJPWVX4NqR,06.08.2026 - Revolution SR - SSC+TK ID 13,public,Europe,1,68,1786039628866,1786053334764,2026-08-06T18:07:08Z,2026-08-06T21:55:34Z,https://classic.warcraftlogs.com/reports/adtDwbLJPWVX4NqR,1056,20,20,-1,TRUE,100,-1
CFnfaRNLDvmctxzp,SSC PUG,public,Europe,1,38,1786042132375,1786052348593,2026-08-06T18:48:52Z,2026-08-06T21:39:08Z,https://classic.warcraftlogs.com/reports/CFnfaRNLDvmctxzp,1056,20,20,-1,TRUE,100,-1
37QkgpB21XNqZGDx,SSC + TK PUG,public,Europe,62,64,1786040488834,1786053439946,2026-08-06T18:21:28Z,2026-08-06T21:57:19Z,https://classic.warcraftlogs.com/reports/37QkgpB21XNqZGDx,1056,20,20,-1,TRUE,100,-1
R2YhxH3MmJLzKF8g,SSC / TK,public,Europe,64,69,1786041956810,1786053413085,2026-08-06T18:45:56Z,2026-08-06T21:56:53Z,https://classic.warcraftlogs.com/reports/R2YhxH3MmJLzKF8g,1056,20,20,-1,TRUE,100,-1
tQZkgyGwnVDKPL1r,TK 06-08 parte 1,public,Europe,1,33,1786043548767,1786053275941,2026-08-06T19:12:28Z,2026-08-06T21:54:35Z,https://classic.warcraftlogs.com/reports/tQZkgyGwnVDKPL1r,1056,20,20,-1,TRUE,100,-1
9RNPZTqVgnQjGbWc,ssc/tk,public,Europe,1,63,1786038865480,1786052989680,2026-08-06T17:54:25Z,2026-08-06T21:49:49Z,https://classic.warcraftlogs.com/reports/9RNPZTqVgnQjGbWc,1056,20,20,-1,TRUE,100,-1
DH4cbd2FmGz8N6xQ,SSC,public,Europe,42,42,1786048169253,1786053389002,2026-08-06T20:29:29Z,2026-08-06T21:56:29Z,https://classic.warcraftlogs.com/reports/DH4cbd2FmGz8N6xQ,1056,20,20,-1,TRUE,100,-1
CgLZvwH2mTJPqF1r,SSC / TK,public,Europe,60,67,1786042070216,1786053387253,2026-08-06T18:47:50Z,2026-08-06T21:56:27Z,https://classic.warcraftlogs.com/reports/CgLZvwH2mTJPqF1r,1056,20,20,-1,TRUE,100,-1
CKVYXgLMwtT74v6n,SSC / TK,public,Europe,62,63,1786040573709,1786053387359,2026-08-06T18:22:53Z,2026-08-06T21:56:27Z,https://classic.warcraftlogs.com/reports/CKVYXgLMwtT74v6n,1056,20,20,-1,TRUE,100,-1
mr7vMzLYdjC6cnQW,SSC + TK,public,Europe,1,70,1786040835787,1786052882204,2026-08-06T18:27:15Z,2026-08-06T21:48:02Z,https://classic.warcraftlogs.com/reports/mr7vMzLYdjC6cnQW,1056,20,20,-1,TRUE,100,-1
PKAzWaTr3CMN8YLx,SSC / TK,public,Europe,43,45,1786047476254,1786053369975,2026-08-06T20:17:56Z,2026-08-06T21:56:09Z,https://classic.warcraftlogs.com/reports/PKAzWaTr3CMN8YLx,1056,20,20,-1,TRUE,100,-1
htWgwAXZbzfqKRC7,SSC / TK,public,Europe,9,23,1786045202325,1786053360872,2026-08-06T19:40:02Z,2026-08-06T21:56:00Z,https://classic.warcraftlogs.com/reports/htWgwAXZbzfqKRC7,1056,20,20,-1,TRUE,100,-1
NYyAtTKrhwQ8kbHM,SSC / TK,public,Europe,1,45,1786041459359,1786053220834,2026-08-06T18:37:39Z,2026-08-06T21:53:40Z,https://classic.warcraftlogs.com/reports/NYyAtTKrhwQ8kbHM,1056,20,20,-1,TRUE,100,-1
jdgYAcVDfrtkzbyM,SSC / TK,public,Europe,58,58,1786043851837,1786053342659,2026-08-06T19:17:31Z,2026-08-06T21:55:42Z,https://classic.warcraftlogs.com/reports/jdgYAcVDfrtkzbyM,1056,20,20,-1,TRUE,100,-1
AjKGF4LP2pvqNVrc,SSC / TK,public,Europe,72,78,1786043056880,1786053427781,2026-08-06T19:04:16Z,2026-08-06T21:57:07Z,https://classic.warcraftlogs.com/reports/AjKGF4LP2pvqNVrc,1056,20,20,-1,TRUE,100,-1
TmxCRnLYVkXhdrF2,SSC / TK,public,Europe,74,77,1786039933036,1786053337978,2026-08-06T18:12:13Z,2026-08-06T21:55:37Z,https://classic.warcraftlogs.com/reports/TmxCRnLYVkXhdrF2,1056,20,20,-1,TRUE,100,-1
WqzQxpTkHvmranyF,SSC / TK,public,Europe,75,77,1786042726668,1786053336605,2026-08-06T18:58:46Z,2026-08-06T21:55:36Z,https://classic.warcraftlogs.com/reports/WqzQxpTkHvmranyF,1056,20,20,-1,TRUE,100,-1
TDbqnAQVX29KLM4g,UP SSC+TK 13,public,Europe,1,65,1786038766728,1786052186312,2026-08-06T17:52:46Z,2026-08-06T21:36:26Z,https://classic.warcraftlogs.com/reports/TDbqnAQVX29KLM4g,1056,20,20,-1,TRUE,100,-1
FmZ1zDcJ4k7MHGvx,SSC / TK,public,Europe,50,50,1786039161038,1786053303543,2026-08-06T17:59:21Z,2026-08-06T21:55:03Z,https://classic.warcraftlogs.com/reports/FmZ1zDcJ4k7MHGvx,1056,20,20,-1,TRUE,100,-1
HZYmpzq3cbAhWkaN,SSC / TK,public,Europe,1,58,1786040165066,1786053003444,2026-08-06T18:16:05Z,2026-08-06T21:50:03Z,https://classic.warcraftlogs.com/reports/HZYmpzq3cbAhWkaN,1056,20,20,-1,TRUE,100,-1
VtyrhN7Bv2CgmpGz,SSC / TK,public,Europe,80,81,1786042268969,1786053269346,2026-08-06T18:51:08Z,2026-08-06T21:54:29Z,https://classic.warcraftlogs.com/reports/VtyrhN7Bv2CgmpGz,1056,20,20,-1,TRUE,100,-1
2qRJPNCfKdGx78rv,Turistforeningen SSC. 06.08.26,public,Europe,1,43,1786038835924,1786049761811,2026-08-06T17:53:55Z,2026-08-06T20:56:01Z,https://classic.warcraftlogs.com/reports/2qRJPNCfKdGx78rv,1056,20,20,-1,TRUE,100,-1
N93HmMgBxav42q6k,SSC / TK,public,Europe,55,58,1786043770861,1786053226883,2026-08-06T19:16:10Z,2026-08-06T21:53:46Z,https://classic.warcraftlogs.com/reports/N93HmMgBxav42q6k,1056,20,20,-1,TRUE,100,-1
17xAcyhQVBjq9tGL,SSC / TK,public,Europe,72,73,1786041143410,1786053224325,2026-08-06T18:32:23Z,2026-08-06T21:53:44Z,https://classic.warcraftlogs.com/reports/17xAcyhQVBjq9tGL,1056,20,20,-1,TRUE,100,-1
kbY3ZtRnLh76K1yw,SSC / TK,public,Europe,230,500,1786038771396,1786045656809,2026-08-06T17:52:51Z,2026-08-06T19:47:36Z,https://classic.warcraftlogs.com/reports/kbY3ZtRnLh76K1yw,1056,20,20,-1,TRUE,100,-1
V8pw6TXG9Pnc2tjv,SSC + TK,public,Europe,1,64,1786037998948,1786049717062,2026-08-06T17:39:58Z,2026-08-06T20:55:17Z,https://classic.warcraftlogs.com/reports/V8pw6TXG9Pnc2tjv,1056,20,20,-1,TRUE,100,-1
k2NzZ7mhBgrMYnbW,SSC / TK,public,Europe,59,67,1786043236269,1786053147954,2026-08-06T19:07:16Z,2026-08-06T21:52:27Z,https://classic.warcraftlogs.com/reports/k2NzZ7mhBgrMYnbW,1056,20,20,-1,TRUE,100,-1
Y9z16f4FrWPTqKwM,SSC / TK,public,Europe,85,88,1786039119327,1786053102183,2026-08-06T17:58:39Z,2026-08-06T21:51:42Z,https://classic.warcraftlogs.com/reports/Y9z16f4FrWPTqKwM,1056,20,20,-1,TRUE,100,-1
GJkQXCxnwZmV28KF,Mag/Gruul - 8/6,public,United States,18,43,1786038559757,1786053134372,2026-08-06T17:49:19Z,2026-08-06T21:52:14Z,https://classic.warcraftlogs.com/reports/GJkQXCxnwZmV28KF,1056,20,20,-1,TRUE,100,-1
C6DKHGWatXZPQN2m,SSC/ TK,public,Europe,1,71,1786037639131,1786051038968,2026-08-06T17:33:59Z,2026-08-06T21:17:18Z,https://classic.warcraftlogs.com/reports/C6DKHGWatXZPQN2m,1056,20,20,-1,TRUE,100,-1
jy7GVbcLD19vqd36,SSC / TK,public,Europe,1,42,1786039055606,1786048120961,2026-08-06T17:57:35Z,2026-08-06T20:28:40Z,https://classic.warcraftlogs.com/reports/jy7GVbcLD19vqd36,1056,20,20,-1,TRUE,100,-1
k8gdfb1zHh3rAYc2, ssctk zoomies ,public,Europe,1,52,1786042735022,1786052319891,2026-08-06T18:58:55Z,2026-08-06T21:38:39Z,https://classic.warcraftlogs.com/reports/k8gdfb1zHh3rAYc2,1056,20,20,-1,TRUE,100,-1
j4tXwcRqMbmVWKvh,SSC + TK 06-08-2026,public,Europe,1,55,1786041979743,1786052939607,2026-08-06T18:46:19Z,2026-08-06T21:48:59Z,https://classic.warcraftlogs.com/reports/j4tXwcRqMbmVWKvh,1056,20,20,-1,TRUE,100,-1
a8fvyM79R6bxQVAD,SSC / TK,public,Europe,1,54,1786043074451,1786052953082,2026-08-06T19:04:34Z,2026-08-06T21:49:13Z,https://classic.warcraftlogs.com/reports/a8fvyM79R6bxQVAD,1056,20,20,-1,TRUE,100,-1
KCTJfQDkz3XBLy2R,TK Raid Teddy 06-08,public,Europe,20,33,1786044896098,1786053095536,2026-08-06T19:34:56Z,2026-08-06T21:51:35Z,https://classic.warcraftlogs.com/reports/KCTJfQDkz3XBLy2R,1056,20,20,-1,TRUE,100,-1
4dLNgM6yQB8Rptmb,ssc-1,public,Europe,15,41,1786039683411,1786052979445,2026-08-06T18:08:03Z,2026-08-06T21:49:39Z,https://classic.warcraftlogs.com/reports/4dLNgM6yQB8Rptmb,1056,20,20,-1,TRUE,100,-1
jy9wZVzHL1Cv623G,SSC / TK,public,Europe,40,53,1786044710790,1786053055419,2026-08-06T19:31:50Z,2026-08-06T21:50:55Z,https://classic.warcraftlogs.com/reports/jy9wZVzHL1Cv623G,1056,20,20,-1,TRUE,100,-1
jDm21H9fdathx6Mw,SSC / TK,public,Europe,12,33,1786040242120,1786053034315,2026-08-06T18:17:22Z,2026-08-06T21:50:34Z,https://classic.warcraftlogs.com/reports/jDm21H9fdathx6Mw,1056,20,20,-1,TRUE,100,-1
cMRqawNHdjykvCGz,SSC TK,public,Europe,1,71,1786034118513,1786052907501,2026-08-06T16:35:18Z,2026-08-06T21:48:27Z,https://classic.warcraftlogs.com/reports/cMRqawNHdjykvCGz,1056,20,20,-1,TRUE,100,-1
bt3XNTPWavVD1qhm,SSC TK 06/08 PAS D'ARC COMME C'EST BIZARRE,public,Europe,16,51,1786043837957,1786052795560,2026-08-06T19:17:17Z,2026-08-06T21:46:35Z,https://classic.warcraftlogs.com/reports/bt3XNTPWavVD1qhm,1056,20,20,-1,TRUE,100,-1
nF1t4PGB2TCNxvzw,SSC / TK,public,Europe,1,66,1786038267401,1786052982082,2026-08-06T17:44:27Z,2026-08-06T21:49:42Z,https://classic.warcraftlogs.com/reports/nF1t4PGB2TCNxvzw,1056,20,20,-1,TRUE,100,-1
Lc3FPyhqbKntC6Hx,SSC TK -hydros,public,Europe,26,50,1786043674205,1786052782168,2026-08-06T19:14:34Z,2026-08-06T21:46:22Z,https://classic.warcraftlogs.com/reports/Lc3FPyhqbKntC6Hx,1056,20,20,-1,TRUE,100,-1
Cyr7HbDMf1TzBWFv,SSC / TK,public,Europe,35,35,1786044571076,1786052973381,2026-08-06T19:29:31Z,2026-08-06T21:49:33Z,https://classic.warcraftlogs.com/reports/Cyr7HbDMf1TzBWFv,1056,20,20,-1,TRUE,100,-1
7DpLF6mgQZxdvV8a,WGO - TK SSC,public,Europe,1,60,1786040507042,1786052782060,2026-08-06T18:21:47Z,2026-08-06T21:46:22Z,https://classic.warcraftlogs.com/reports/7DpLF6mgQZxdvV8a,1056,20,20,-1,TRUE,100,-1
7MARFgXDwZH3d9P2,„Con te partirò“,public,Europe,1,58,1786028379074,1786048759698,2026-08-06T14:59:39Z,2026-08-06T20:39:19Z,https://classic.warcraftlogs.com/reports/7MARFgXDwZH3d9P2,1056,20,20,-1,TRUE,100,-1
128TJYz7NWxAHQjZ,SSC / TK,public,Europe,1,38,1786041705207,1786052162103,2026-08-06T18:41:45Z,2026-08-06T21:36:02Z,https://classic.warcraftlogs.com/reports/128TJYz7NWxAHQjZ,1056,20,20,-1,TRUE,100,-1
T29tpAVwy18r3dLP,2026-08-06 SSC / TK,public,Europe,67,67,1786040325259,1786052900391,2026-08-06T18:18:45Z,2026-08-06T21:48:20Z,https://classic.warcraftlogs.com/reports/T29tpAVwy18r3dLP,1056,20,20,-1,TRUE,100,-1
6LJPjqgyk1bvpxVh,TK (13th ID),public,Europe,1,28,1786046732297,1786052861735,2026-08-06T20:05:32Z,2026-08-06T21:47:41Z,https://classic.warcraftlogs.com/reports/6LJPjqgyk1bvpxVh,1056,20,20,-1,TRUE,100,-1
Rfmatbd3cvFKpQJZ,SSC / TK,public,Europe,1,61,1786036710258,1786050953774,2026-08-06T17:18:30Z,2026-08-06T21:15:53Z,https://classic.warcraftlogs.com/reports/Rfmatbd3cvFKpQJZ,1056,20,20,-1,TRUE,100,-1
nCDPFVXktdaqQ3vK,SSC/TK,public,Europe,26,67,1786041466054,1786052839431,2026-08-06T18:37:46Z,2026-08-06T21:47:19Z,https://classic.warcraftlogs.com/reports/nCDPFVXktdaqQ3vK,1056,20,20,-1,TRUE,100,-1
RhTLBVg1PwytzamF,SSC / TK,public,Europe,1,61,1786038279551,1786052075540,2026-08-06T17:44:39Z,2026-08-06T21:34:35Z,https://classic.warcraftlogs.com/reports/RhTLBVg1PwytzamF,1056,20,20,-1,TRUE,100,-1
trm2GndcZ4YRhMfx,SSC / TK,public,Europe,68,69,1786038865480,1786052822096,2026-08-06T17:54:25Z,2026-08-06T21:47:02Z,https://classic.warcraftlogs.com/reports/trm2GndcZ4YRhMfx,1056,20,20,-1,TRUE,100,-1
h6AMWtgvJKFxf31Z,SCC + TK 06.08.2026,public,Europe,70,71,1786040398146,1786052820133,2026-08-06T18:19:58Z,2026-08-06T21:47:00Z,https://classic.warcraftlogs.com/reports/h6AMWtgvJKFxf31Z,1056,20,20,-1,TRUE,100,-1
b3Cad1hWQvwgcXTK,SSC / TK,public,Europe,68,69,1786040952698,1786052821202,2026-08-06T18:29:12Z,2026-08-06T21:47:01Z,https://classic.warcraftlogs.com/reports/b3Cad1hWQvwgcXTK,1056,20,20,-1,TRUE,100,-1
vRLgFqfPp1mHTaZj,SSC / TK,public,Europe,77,78,1786042149697,1786052819462,2026-08-06T18:49:09Z,2026-08-06T21:46:59Z,https://classic.warcraftlogs.com/reports/vRLgFqfPp1mHTaZj,1056,20,20,-1,TRUE,100,-1
6HYbnZgfJcWzamKF,SSC / TK,public,Europe,31,32,1786046415551,1786052811846,2026-08-06T20:00:15Z,2026-08-06T21:46:51Z,https://classic.warcraftlogs.com/reports/6HYbnZgfJcWzamKF,1056,20,20,-1,TRUE,100,-1
wc674hbC3pmFBVrk,25,public,Europe,60,70,1786042219970,1786052801476,2026-08-06T18:50:19Z,2026-08-06T21:46:41Z,https://classic.warcraftlogs.com/reports/wc674hbC3pmFBVrk,1056,20,20,-1,TRUE,100,-1
MgCfDHTtb3GF1cB8,ssc tk,public,Europe,70,73,1786041582257,1786052801339,2026-08-06T18:39:42Z,2026-08-06T21:46:41Z,https://classic.warcraftlogs.com/reports/MgCfDHTtb3GF1cB8,1056,20,20,-1,TRUE,100,-1
APyC6mfQp4bFhWDR,SSC TK Thursday 2026-08-06,public,Europe,84,85,1786042783226,1786052801457,2026-08-06T18:59:43Z,2026-08-06T21:46:41Z,https://classic.warcraftlogs.com/reports/APyC6mfQp4bFhWDR,1056,20,20,-1,TRUE,100,-1
yDrQzCVWx2TR7pXg,SSC / TK,public,Europe,73,73,1786042382736,1786052801625,2026-08-06T18:53:02Z,2026-08-06T21:46:41Z,https://classic.warcraftlogs.com/reports/yDrQzCVWx2TR7pXg,1056,20,20,-1,TRUE,100,-1
qfRwF67jNcaXd4KM,SSC / TK - 06-08-2026,public,Europe,71,71,1786041554578,1786052801986,2026-08-06T18:39:14Z,2026-08-06T21:46:41Z,https://classic.warcraftlogs.com/reports/qfRwF67jNcaXd4KM,1056,20,20,-1,TRUE,100,-1
8C73pBNLX2nWwvTP,Aug 6 SSC + TK Scripted,public,Europe,1,64,1786038571988,1786048584210,2026-08-06T17:49:31Z,2026-08-06T20:36:24Z,https://classic.warcraftlogs.com/reports/8C73pBNLX2nWwvTP,1056,20,20,-1,TRUE,100,-1
AgzaDybt246pR1W3,SSC / TK,public,Europe,1,42,1785868173012,1785878431760,2026-08-04T18:29:33Z,2026-08-04T21:20:31Z,https://classic.warcraftlogs.com/reports/AgzaDybt246pR1W3,1056,20,20,-1,TRUE,100,-1
hfNnR4HZad8bzW9V,SSC / TK,public,Europe,1,68,1786033955038,1786047729500,2026-08-06T16:32:35Z,2026-08-06T20:22:09Z,https://classic.warcraftlogs.com/reports/hfNnR4HZad8bzW9V,1056,20,20,-1,TRUE,100,-1
T768ntXxwyaRpDMk,SSC / TK,public,Europe,58,59,1786044368510,1786052633365,2026-08-06T19:26:08Z,2026-08-06T21:43:53Z,https://classic.warcraftlogs.com/reports/T768ntXxwyaRpDMk,1056,20,20,-1,TRUE,100,-1
yqvgB6N2AaQV1Crf,SSC / TK,public,Europe,76,76,1786037992347,1786052763316,2026-08-06T17:39:52Z,2026-08-06T21:46:03Z,https://classic.warcraftlogs.com/reports/yqvgB6N2AaQV1Crf,1056,20,20,-1,TRUE,100,-1
Zm6N9ny2tb7PvdpJ,SSC / TK,public,Europe,1,43,1786039116984,1786049004382,2026-08-06T17:58:36Z,2026-08-06T20:43:24Z,https://classic.warcraftlogs.com/reports/Zm6N9ny2tb7PvdpJ,1056,20,20,-1,TRUE,100,-1
RK1MVHk9WBjA73p2,SSC & TK only,public,Europe,1,56,1786042098906,1786052158408,2026-08-06T18:48:18Z,2026-08-06T21:35:58Z,https://classic.warcraftlogs.com/reports/RK1MVHk9WBjA73p2,1056,20,20,-1,TRUE,100,-1
Pr4zmjHQMAWg1JCX,ssctk0806,public,Europe,68,69,1786041714186,1786052700761,2026-08-06T18:41:54Z,2026-08-06T21:45:00Z,https://classic.warcraftlogs.com/reports/Pr4zmjHQMAWg1JCX,1056,20,20,-1,TRUE,100,-1
qbTWvAfB9FKYtGm1,SSC/TK 06.08.26,public,Europe,66,68,1786041656059,1786052700700,2026-08-06T18:40:56Z,2026-08-06T21:45:00Z,https://classic.warcraftlogs.com/reports/qbTWvAfB9FKYtGm1,1056,20,20,-1,TRUE,100,-1
M2y6qHpYkBnRPWdm,ssc+tk tors,public,Europe,1,54,1786042176766,1786052671380,2026-08-06T18:49:36Z,2026-08-06T21:44:31Z,https://classic.warcraftlogs.com/reports/M2y6qHpYkBnRPWdm,1056,20,20,-1,TRUE,100,-1
rhRM2T78qcHGzKVg,SSC/TK,public,United States,1,51,1785978329103,1785987557422,2026-08-06T01:05:29Z,2026-08-06T03:39:17Z,https://classic.warcraftlogs.com/reports/rhRM2T78qcHGzKVg,1056,20,20,-1,TRUE,100,-1
FHcD78fK9hZqYLCW,SSC / TK,public,Europe,1,70,1786039232106,1786052310354,2026-08-06T18:00:32Z,2026-08-06T21:38:30Z,https://classic.warcraftlogs.com/reports/FHcD78fK9hZqYLCW,1056,20,20,-1,TRUE,100,-1
B9qzp6xHMjwmC4Fd,TK,public,Europe,19,42,1786046375493,1786052666377,2026-08-06T19:59:35Z,2026-08-06T21:44:26Z,https://classic.warcraftlogs.com/reports/B9qzp6xHMjwmC4Fd,1056,20,20,-1,TRUE,100,-1
R9HGCZFdnP4gxfbL,SSC / TK,public,Europe,46,46,1786042980747,1786052602237,2026-08-06T19:03:00Z,2026-08-06T21:43:22Z,https://classic.warcraftlogs.com/reports/R9HGCZFdnP4gxfbL,1056,20,20,-1,TRUE,100,-1
pw2W3rcDhPNxRqgA,SSC / TK,public,Europe,1,8,1786040699246,1786052307537,2026-08-06T18:24:59Z,2026-08-06T21:38:27Z,https://classic.warcraftlogs.com/reports/pw2W3rcDhPNxRqgA,1056,20,20,-1,TRUE,100,-1
zjbckvQ2Z1qdgR7h,ssctkpug,public,Europe,81,81,1786039750518,1786052587195,2026-08-06T18:09:10Z,2026-08-06T21:43:07Z,https://classic.warcraftlogs.com/reports/zjbckvQ2Z1qdgR7h,1056,20,20,-1,TRUE,100,-1
Pcw7Z26mvB38bNt4,DONTAZ IS BACK ! CLIKC ?,public,Europe,78,78,1786040989334,1786052582544,2026-08-06T18:29:49Z,2026-08-06T21:43:02Z,https://classic.warcraftlogs.com/reports/Pcw7Z26mvB38bNt4,1056,20,20,-1,TRUE,100,-1
RLwnBM2djrFhvg1c,SSC / TK,public,Europe,78,78,1786041144117,1786052529831,2026-08-06T18:32:24Z,2026-08-06T21:42:09Z,https://classic.warcraftlogs.com/reports/RLwnBM2djrFhvg1c,1056,20,20,-1,TRUE,100,-1
zTKankYDLvfbgwRP,SSC / TK,public,Europe,17,38,1786046691157,1786052565016,2026-08-06T20:04:51Z,2026-08-06T21:42:45Z,https://classic.warcraftlogs.com/reports/zTKankYDLvfbgwRP,1056,20,20,-1,TRUE,100,-1
rhk72C1aqtxdyD93,"SSC/TK, 06.08.2026",public,Europe,67,77,1786040283791,1786052563662,2026-08-06T18:18:03Z,2026-08-06T21:42:43Z,https://classic.warcraftlogs.com/reports/rhk72C1aqtxdyD93,1056,20,20,-1,TRUE,100,-1
mJMg438aLFBQqn7X,SSC / TK,public,Europe,67,68,1786042148616,1786052562896,2026-08-06T18:49:08Z,2026-08-06T21:42:42Z,https://classic.warcraftlogs.com/reports/mJMg438aLFBQqn7X,1056,20,20,-1,TRUE,100,-1
RDyvgF6A3HnbaLtw,SSC / TK,public,Europe,1,54,1786037892058,1786049444278,2026-08-06T17:38:12Z,2026-08-06T20:50:44Z,https://classic.warcraftlogs.com/reports/RDyvgF6A3HnbaLtw,1056,20,20,-1,TRUE,100,-1
3Gw6c1KBmDrRjAZt,Serpentshrine Cavern - 06/08/2026,public,Europe,44,47,1786038881130,1786052523072,2026-08-06T17:54:41Z,2026-08-06T21:42:03Z,https://classic.warcraftlogs.com/reports/3Gw6c1KBmDrRjAZt,1056,20,20,-1,TRUE,100,-1
A2DTqY1dRnMLac9Z,SSC / TK,public,Europe,74,74,1786040072385,1786052521279,2026-08-06T18:14:32Z,2026-08-06T21:42:01Z,https://classic.warcraftlogs.com/reports/A2DTqY1dRnMLac9Z,1056,20,20,-1,TRUE,100,-1
h6rZqwFJL7Q9NBGW,SSC / TK,public,Europe,54,54,1786039126973,1786052521322,2026-08-06T17:58:46Z,2026-08-06T21:42:01Z,https://classic.warcraftlogs.com/reports/h6rZqwFJL7Q9NBGW,1056,20,20,-1,TRUE,100,-1
ywkMxfhjHVF4dAZb,SSC / TK,public,Europe,24,72,1786039384030,1786051363910,2026-08-06T18:03:04Z,2026-08-06T21:22:43Z,https://classic.warcraftlogs.com/reports/ywkMxfhjHVF4dAZb,1056,20,20,-1,TRUE,100,-1
aTv7PhH91zwbnkqA,ssc/tk,public,Europe,61,75,1786040772485,1786052477510,2026-08-06T18:26:12Z,2026-08-06T21:41:17Z,https://classic.warcraftlogs.com/reports/aTv7PhH91zwbnkqA,1056,20,20,-1,TRUE,100,-1
KgmbGRCjtVnrw7yp,Noemi is a tit,public,Europe,142,144,1786032630094,1786052405131,2026-08-06T16:10:30Z,2026-08-06T21:40:05Z,https://classic.warcraftlogs.com/reports/KgmbGRCjtVnrw7yp,1056,20,20,-1,TRUE,100,-1
9z72VvGWcxjAkMqF,SSC / TK,public,Europe,1,15,1786042331868,1786051682765,2026-08-06T18:52:11Z,2026-08-06T21:28:02Z,https://classic.warcraftlogs.com/reports/9z72VvGWcxjAkMqF,1056,20,20,-1,TRUE,100,-1
X94aJPyRf2bgrmwj,SSC / TK,public,Europe,74,75,1786038146159,1786052336186,2026-08-06T17:42:26Z,2026-08-06T21:38:56Z,https://classic.warcraftlogs.com/reports/X94aJPyRf2bgrmwj,1056,20,20,-1,TRUE,100,-1
gcZyBR1bd7jJV9HT,SSC / TK,public,Europe,79,83,1786035816504,1786052332683,2026-08-06T17:03:36Z,2026-08-06T21:38:52Z,https://classic.warcraftlogs.com/reports/gcZyBR1bd7jJV9HT,1056,20,20,-1,TRUE,100,-1
wtPNCMmkJj43BDgX,classicooo,public,Europe,90,93,1786039193082,1786052332042,2026-08-06T17:59:53Z,2026-08-06T21:38:52Z,https://classic.warcraftlogs.com/reports/wtPNCMmkJj43BDgX,1056,20,20,-1,TRUE,100,-1
AFVcdBD4ph16X7qj,SSc 06/08,public,Europe,19,39,1786045108220,1786052311119,2026-08-06T19:38:28Z,2026-08-06T21:38:31Z,https://classic.warcraftlogs.com/reports/AFVcdBD4ph16X7qj,1056,21,21,-1,TRUE,100,-1
TgCJjVn9zB83dDQ1,SSC / TK,public,Europe,48,48,1786045092902,1786052314711,2026-08-06T19:38:12Z,2026-08-06T21:38:34Z,https://classic.warcraftlogs.com/reports/TgCJjVn9zB83dDQ1,1056,21,21,-1,TRUE,100,-1
nAJMyHBvL9wPdWTz,SSC / Hydross,public,Europe,2,1,1786038227979,1786039643693,2026-08-06T17:43:47Z,2026-08-06T18:07:23Z,https://classic.warcraftlogs.com/reports/nAJMyHBvL9wPdWTz,1056,21,21,-1,TRUE,100,-1
KJkNrRt73xzA24Vq,SSC / TK,public,Europe,2,64,1786039330849,1786052280476,2026-08-06T18:02:10Z,2026-08-06T21:38:00Z,https://classic.warcraftlogs.com/reports/KJkNrRt73xzA24Vq,1056,21,21,-1,TRUE,100,-1
NPYxwkJ2HTKGFXz8,SSC / TK,public,Europe,1,25,1786045903972,1786052242221,2026-08-06T19:51:43Z,2026-08-06T21:37:22Z,https://classic.warcraftlogs.com/reports/NPYxwkJ2HTKGFXz8,1056,21,21,-1,TRUE,100,-1
pjVrmbMd9RkJwY3t,Group 1 SSC + TK,public,Europe,1,63,1786040288354,1786049061689,2026-08-06T18:18:08Z,2026-08-06T20:44:21Z,https://classic.warcraftlogs.com/reports/pjVrmbMd9RkJwY3t,1056,21,21,-1,TRUE,100,-1
cMbjkTBJAh1vPRWF,SSC / TK,public,Europe,87,87,1786039050743,1786052264764,2026-08-06T17:57:30Z,2026-08-06T21:37:44Z,https://classic.warcraftlogs.com/reports/cMbjkTBJAh1vPRWF,1056,21,21,-1,TRUE,100,-1
cVxwZfbtKn1LHaB3,SSC / TK,public,Europe,82,86,1786039388482,1786052264197,2026-08-06T18:03:08Z,2026-08-06T21:37:44Z,https://classic.warcraftlogs.com/reports/cVxwZfbtKn1LHaB3,1056,21,21,-1,TRUE,100,-1
mWVt7x1RCNKbGwZy,SSC / TK,public,Europe,1,57,1786040114275,1786052133093,2026-08-06T18:15:14Z,2026-08-06T21:35:33Z,https://classic.warcraftlogs.com/reports/mWVt7x1RCNKbGwZy,1056,21,21,-1,TRUE,100,-1
XN1nxYfw6Cq27tzH,SSC ,public,Europe,82,84,1786039678755,1786052237436,2026-08-06T18:07:58Z,2026-08-06T21:37:17Z,https://classic.warcraftlogs.com/reports/XN1nxYfw6Cq27tzH,1056,21,21,-1,TRUE,100,-1
xwFY7G4zDZtJN2Hf,SSC + TK ,public,Europe,81,83,1786039424491,1786052238572,2026-08-06T18:03:44Z,2026-08-06T21:37:18Z,https://classic.warcraftlogs.com/reports/xwFY7G4zDZtJN2Hf,1056,21,21,-1,TRUE,100,-1
8Gcj27KWB9rR1xZD,SSC / TK,public,Europe,1,8,1786039296984,1786050602505,2026-08-06T18:01:36Z,2026-08-06T21:10:02Z,https://classic.warcraftlogs.com/reports/8Gcj27KWB9rR1xZD,1056,21,21,-1,TRUE,100,-1
9dt6NFnTj3fJKcam,SSCTK,public,Europe,103,103,1786036926258,1786052205566,2026-08-06T17:22:06Z,2026-08-06T21:36:45Z,https://classic.warcraftlogs.com/reports/9dt6NFnTj3fJKcam,1056,21,21,-1,TRUE,100,-1
m8wzn9FR3QPxhpr2,TK 06th August 26,public,Europe,1,29,1786040579703,1786051689719,2026-08-06T18:22:59Z,2026-08-06T21:28:09Z,https://classic.warcraftlogs.com/reports/m8wzn9FR3QPxhpr2,1056,21,21,-1,TRUE,100,-1
tFXy6h8TrNg4PZQz,ssc,public,Europe,44,44,1786041776795,1786052187655,2026-08-06T18:42:56Z,2026-08-06T21:36:27Z,https://classic.warcraftlogs.com/reports/tFXy6h8TrNg4PZQz,1056,21,21,-1,TRUE,100,-1
1MCTJRYQycqDgWzj,ssc,public,Europe,28,43,1786041667424,1786052162882,2026-08-06T18:41:07Z,2026-08-06T21:36:02Z,https://classic.warcraftlogs.com/reports/1MCTJRYQycqDgWzj,1056,21,21,-1,TRUE,100,-1
NHpnmF86Tqj4a19d,SSC and TK,public,Europe,72,74,1786042507426,1786052157706,2026-08-06T18:55:07Z,2026-08-06T21:35:57Z,https://classic.warcraftlogs.com/reports/NHpnmF86Tqj4a19d,1056,21,21,-1,TRUE,100,-1
ghjDZnaxW2XcPAy6,SSC / TK,public,Europe,64,65,1786040114275,1786052108749,2026-08-06T18:15:14Z,2026-08-06T21:35:08Z,https://classic.warcraftlogs.com/reports/ghjDZnaxW2XcPAy6,1056,21,21,-1,TRUE,100,-1
XNcd7y1YqpjztPWg,SSC + TK,public,Europe,80,80,1786037274574,1786052109420,2026-08-06T17:27:54Z,2026-08-06T21:35:09Z,https://classic.warcraftlogs.com/reports/XNcd7y1YqpjztPWg,1056,21,21,-1,TRUE,100,-1
yxQdtpmr4wbHg7nh,SSC / TK,public,Europe,47,72,1786042756331,1786052075270,2026-08-06T18:59:16Z,2026-08-06T21:34:35Z,https://classic.warcraftlogs.com/reports/yxQdtpmr4wbHg7nh,1056,21,21,-1,TRUE,100,-1
vndARDm92b6NBzjc,swag elf sry for spam i swear it works ,public,Europe,40,69,1786039230029,1786052074906,2026-08-06T18:00:30Z,2026-08-06T21:34:34Z,https://classic.warcraftlogs.com/reports/vndARDm92b6NBzjc,1056,21,21,-1,TRUE,100,-1
nTazPcDxRH642MKN,SSC / TK,public,Europe,1,31,1786045860506,1786051892008,2026-08-06T19:51:00Z,2026-08-06T21:31:32Z,https://classic.warcraftlogs.com/reports/nTazPcDxRH642MKN,1056,21,21,-1,TRUE,100,-1
49r2RtNyFbq6KDYM,SSC / TK,public,Europe,47,73,1786037268140,1786052021888,2026-08-06T17:27:48Z,2026-08-06T21:33:41Z,https://classic.warcraftlogs.com/reports/49r2RtNyFbq6KDYM,1056,21,21,-1,TRUE,100,-1
HwMPZhqzyLWN1GRk,TK,public,Europe,2,37,1786040831279,1786051526941,2026-08-06T18:27:11Z,2026-08-06T21:25:26Z,https://classic.warcraftlogs.com/reports/HwMPZhqzyLWN1GRk,1056,21,21,-1,TRUE,100,-1
afqgQ9ANrZyHwtx7,SSC+TK 08/07/26,public,Europe,1,69,1786039058558,1786051290078,2026-08-06T17:57:38Z,2026-08-06T21:21:30Z,https://classic.warcraftlogs.com/reports/afqgQ9ANrZyHwtx7,1056,21,21,-1,TRUE,100,-1
dVDMcxNAq74BGrtn,SSC / TK,public,Europe,65,79,1786040364145,1786051976177,2026-08-06T18:19:24Z,2026-08-06T21:32:56Z,https://classic.warcraftlogs.com/reports/dVDMcxNAq74BGrtn,1056,21,21,-1,TRUE,100,-1
6w7hJY3djL42pFTn,SSC / TK,public,Europe,71,71,1786040999643,1786051976900,2026-08-06T18:29:59Z,2026-08-06T21:32:56Z,https://classic.warcraftlogs.com/reports/6w7hJY3djL42pFTn,1056,21,21,-1,TRUE,100,-1
WyJDfArh46pqNVgv,Clams1shot,public,Europe,83,83,1786038938697,1786051975622,2026-08-06T17:55:38Z,2026-08-06T21:32:55Z,https://classic.warcraftlogs.com/reports/WyJDfArh46pqNVgv,1056,21,21,-1,TRUE,100,-1
96pJhjtHarwVPxbz,ssc and TK 06-08,public,Europe,68,70,1786040979569,1786051979256,2026-08-06T18:29:39Z,2026-08-06T21:32:59Z,https://classic.warcraftlogs.com/reports/96pJhjtHarwVPxbz,1056,21,21,-1,TRUE,100,-1
a3BQnXr7KGPzLZcw,SSC + TK,public,Europe,72,73,1786039615456,1786051949180,2026-08-06T18:06:55Z,2026-08-06T21:32:29Z,https://classic.warcraftlogs.com/reports/a3BQnXr7KGPzLZcw,1056,21,21,-1,TRUE,100,-1
hAz9fP7VpNbgTQdB,SSC/TK Pug,public,Europe,77,78,1786038515366,1786051948990,2026-08-06T17:48:35Z,2026-08-06T21:32:28Z,https://classic.warcraftlogs.com/reports/hAz9fP7VpNbgTQdB,1056,21,21,-1,TRUE,100,-1
yaD4AcZYKrzqGRxM,SSC / TK,public,Europe,1,25,1786047608046,1786051894279,2026-08-06T20:20:08Z,2026-08-06T21:31:34Z,https://classic.warcraftlogs.com/reports/yaD4AcZYKrzqGRxM,1056,21,21,-1,TRUE,100,-1
GZ7BwDQnJ2YmXMdx,SSC / TK,public,Europe,23,29,1786047494648,1786051950926,2026-08-06T20:18:14Z,2026-08-06T21:32:30Z,https://classic.warcraftlogs.com/reports/GZ7BwDQnJ2YmXMdx,1056,21,21,-1,TRUE,100,-1
3myPkhNAn9cKQWdJ,SSC / TK,public,Europe,62,74,1786038628473,1786051949626,2026-08-06T17:50:28Z,2026-08-06T21:32:29Z,https://classic.warcraftlogs.com/reports/3myPkhNAn9cKQWdJ,1056,21,21,-1,TRUE,100,-1
qgNZ1HW6Ak29LVdC,SSC / TK,public,Europe,87,87,1786039453477,1786051940420,2026-08-06T18:04:13Z,2026-08-06T21:32:20Z,https://classic.warcraftlogs.com/reports/qgNZ1HW6Ak29LVdC,1056,21,21,-1,TRUE,100,-1
vLhDFQRgja6tMTXw,SSC / TK,public,Europe,63,74,1786038964453,1786051929022,2026-08-06T17:56:04Z,2026-08-06T21:32:09Z,https://classic.warcraftlogs.com/reports/vLhDFQRgja6tMTXw,1056,21,21,-1,TRUE,100,-1
tkd3N1vGxCaJ9zhA,SSC,public,Europe,76,77,1786039210551,1786051929506,2026-08-06T18:00:10Z,2026-08-06T21:32:09Z,https://classic.warcraftlogs.com/reports/tkd3N1vGxCaJ9zhA,1056,21,21,-1,TRUE,100,-1
4DhJRc9KZLnxpPQw,SSC / TK,public,Europe,1,29,1786042059112,1786051767215,2026-08-06T18:47:39Z,2026-08-06T21:29:27Z,https://classic.warcraftlogs.com/reports/4DhJRc9KZLnxpPQw,1056,21,21,-1,TRUE,100,-1
JBZ76z1YX4tnKfDQ,SSC / TK,public,Europe,2,37,1786038944621,1786049345701,2026-08-06T17:55:44Z,2026-08-06T20:49:05Z,https://classic.warcraftlogs.com/reports/JBZ76z1YX4tnKfDQ,1056,21,21,-1,TRUE,100,-1
M7VfXHPKgnm94aBD,SSC + TK,public,Europe,43,75,1786037588199,1786051890577,2026-08-06T17:33:08Z,2026-08-06T21:31:30Z,https://classic.warcraftlogs.com/reports/M7VfXHPKgnm94aBD,1056,21,21,-1,TRUE,100,-1
b8jKzTrw6WptPZgR,SSC / TK,public,Europe,1,61,1786037326260,1786051162394,2026-08-06T17:28:46Z,2026-08-06T21:19:22Z,https://classic.warcraftlogs.com/reports/b8jKzTrw6WptPZgR,1056,21,21,-1,TRUE,100,-1
cKhZVHmJMPDrfwAQ,SSC - 06/08,public,Europe,1,21,1786046941636,1786051121391,2026-08-06T20:09:01Z,2026-08-06T21:18:41Z,https://classic.warcraftlogs.com/reports/cKhZVHmJMPDrfwAQ,1056,21,21,-1,TRUE,100,-1
zWDPakfp9CV6Ltd4,SSC_06_08,public,Europe,55,55,1786040758954,1786051850088,2026-08-06T18:25:58Z,2026-08-06T21:30:50Z,https://classic.warcraftlogs.com/reports/zWDPakfp9CV6Ltd4,1056,21,21,-1,TRUE,100,-1
wdDkPXMB3GzC641v,SSC - 06.08.26 - No Vashj ;D,public,Europe,1,6,1786046541210,1786051736655,2026-08-06T20:02:21Z,2026-08-06T21:28:56Z,https://classic.warcraftlogs.com/reports/wdDkPXMB3GzC641v,1056,21,21,-1,TRUE,100,-1
vTjgbnPBq9acVCYy,SSC / TK,public,Europe,80,80,1786038526232,1786051848506,2026-08-06T17:48:46Z,2026-08-06T21:30:48Z,https://classic.warcraftlogs.com/reports/vTjgbnPBq9acVCYy,1056,21,21,-1,TRUE,100,-1
h4n9KY1RpJPG7vHN,SSC / TK,public,Europe,18,37,1786040907044,1786051842724,2026-08-06T18:28:27Z,2026-08-06T21:30:42Z,https://classic.warcraftlogs.com/reports/h4n9KY1RpJPG7vHN,1056,21,21,-1,TRUE,100,-1
Pb2fMKzTrV4Y1Xmy,SSC / TK,public,Europe,39,79,1786036703088,1786051835271,2026-08-06T17:18:23Z,2026-08-06T21:30:35Z,https://classic.warcraftlogs.com/reports/Pb2fMKzTrV4Y1Xmy,1056,21,21,-1,TRUE,100,-1
3MYDTkbQB1Ah4F9P,SSC / TK,public,Europe,1,58,1786037897797,1786051654378,2026-08-06T17:38:17Z,2026-08-06T21:27:34Z,https://classic.warcraftlogs.com/reports/3MYDTkbQB1Ah4F9P,1056,21,21,-1,TRUE,100,-1
a3HNMqVT2JgKXyWx,ID1 / 6.8,public,Europe,77,79,1786037009326,1786051810850,2026-08-06T17:23:29Z,2026-08-06T21:30:10Z,https://classic.warcraftlogs.com/reports/a3HNMqVT2JgKXyWx,1056,21,21,-1,TRUE,100,-1
ZAj8pVngWzJT4yM9,SSC / TK,public,United States,9,33,1785689943068,1785696443923,2026-08-02T16:59:03Z,2026-08-02T18:47:23Z,https://classic.warcraftlogs.com/reports/ZAj8pVngWzJT4yM9,1056,21,21,-1,TRUE,100,-1
PDHbcyxrL3YAhfq9,SSC / TK,public,Europe,14,37,1786042973800,1786051478434,2026-08-06T19:02:53Z,2026-08-06T21:24:38Z,https://classic.warcraftlogs.com/reports/PDHbcyxrL3YAhfq9,1056,21,21,-1,TRUE,100,-1
LJ8KjvCc4wQ6rfXD,Taco,public,Europe,70,74,1786038900400,1786051787803,2026-08-06T17:55:00Z,2026-08-06T21:29:47Z,https://classic.warcraftlogs.com/reports/LJ8KjvCc4wQ6rfXD,1056,21,21,-1,TRUE,100,-1
vQJTXAB3yZ2t6qFM,SSC/TK,public,Europe,76,76,1786039664640,1786051788762,2026-08-06T18:07:44Z,2026-08-06T21:29:48Z,https://classic.warcraftlogs.com/reports/vQJTXAB3yZ2t6qFM,1056,21,21,-1,TRUE,100,-1
v2tKfrmxJc8VABZq,KoE RT2 SSC 06-08-26,public,Europe,1,34,1786045635214,1786051600234,2026-08-06T19:47:15Z,2026-08-06T21:26:40Z,https://classic.warcraftlogs.com/reports/v2tKfrmxJc8VABZq,1056,21,21,-1,TRUE,100,-1
HFMzXQr7wjgRTYK4,dee-do-do,public,Europe,29,46,1786042760708,1786051779819,2026-08-06T18:59:20Z,2026-08-06T21:29:39Z,https://classic.warcraftlogs.com/reports/HFMzXQr7wjgRTYK4,1056,21,21,-1,TRUE,100,-1
6kDt9YdJZaXbgANw,SSC / TK,public,Europe,1,57,1786039143118,1786050223534,2026-08-06T17:59:03Z,2026-08-06T21:03:43Z,https://classic.warcraftlogs.com/reports/6kDt9YdJZaXbgANw,1056,21,21,-1,TRUE,100,-1
adpC6Nv421ByfJhW,SSC / TK,public,Europe,1,38,1786036772088,1786046043613,2026-08-06T17:19:32Z,2026-08-06T19:54:03Z,https://classic.warcraftlogs.com/reports/adpC6Nv421ByfJhW,1056,21,21,-1,TRUE,100,-1
gDRPAzkpZJLqw2nf,SSC / TK,public,Europe,75,76,1786041303095,1786051753816,2026-08-06T18:35:03Z,2026-08-06T21:29:13Z,https://classic.warcraftlogs.com/reports/gDRPAzkpZJLqw2nf,1056,21,21,-1,TRUE,100,-1
j97FmGJTnbrRcAVa,SSC/TK 06/08,public,Europe,72,72,1786041152316,1786051754105,2026-08-06T18:32:32Z,2026-08-06T21:29:14Z,https://classic.warcraftlogs.com/reports/j97FmGJTnbrRcAVa,1056,21,21,-1,TRUE,100,-1
Z6LdqCWkJjBAgTYV,SSC / TK,public,Europe,72,73,1786041166797,1786051750272,2026-08-06T18:32:46Z,2026-08-06T21:29:10Z,https://classic.warcraftlogs.com/reports/Z6LdqCWkJjBAgTYV,1056,21,21,-1,TRUE,100,-1
Q1VrLxd4JDzAP6RK,SSC / TK,public,Europe,73,75,1786039243597,1786051738699,2026-08-06T18:00:43Z,2026-08-06T21:28:58Z,https://classic.warcraftlogs.com/reports/Q1VrLxd4JDzAP6RK,1056,21,21,-1,TRUE,100,-1
CDBjfy1QhcxKYLkd,SSC / TK,public,Europe,60,70,1786039556021,1786051738577,2026-08-06T18:05:56Z,2026-08-06T21:28:58Z,https://classic.warcraftlogs.com/reports/CDBjfy1QhcxKYLkd,1056,21,21,-1,TRUE,100,-1
HjNnrCXaq9wY7hV3,SSC / TK,public,Europe,1,5,1786041734866,1786051308338,2026-08-06T18:42:14Z,2026-08-06T21:21:48Z,https://classic.warcraftlogs.com/reports/HjNnrCXaq9wY7hV3,1056,21,21,-1,TRUE,100,-1
6kWtM8fGFm9Zv1hX,SSC / TK,public,Europe,52,73,1786036611394,1786051644387,2026-08-06T17:16:51Z,2026-08-06T21:27:24Z,https://classic.warcraftlogs.com/reports/6kWtM8fGFm9Zv1hX,1056,21,21,-1,TRUE,100,-1
rjKqhwpxJnazQWT1,25-man-06-08-2026,public,Europe,67,67,1786040750709,1786051704884,2026-08-06T18:25:50Z,2026-08-06T21:28:24Z,https://classic.warcraftlogs.com/reports/rjKqhwpxJnazQWT1,1056,21,21,-1,TRUE,100,-1
vY2dJKkWRn4GTj81,SSC + TK 06.08.2026,public,Europe,1,64,1786038884192,1786051446227,2026-08-06T17:54:44Z,2026-08-06T21:24:06Z,https://classic.warcraftlogs.com/reports/vY2dJKkWRn4GTj81,1056,21,21,-1,TRUE,100,-1
1CnLfZrYam3bGqJH,We ball 06/08,public,Europe,87,87,1786038329789,1786051678239,2026-08-06T17:45:29Z,2026-08-06T21:27:58Z,https://classic.warcraftlogs.com/reports/1CnLfZrYam3bGqJH,1056,21,21,-1,TRUE,100,-1
WNCzwLT9vDGBX37K,SSC / TK,public,Europe,43,43,1786042239774,1786051681336,2026-08-06T18:50:39Z,2026-08-06T21:28:01Z,https://classic.warcraftlogs.com/reports/WNCzwLT9vDGBX37K,1056,21,21,-1,TRUE,100,-1
MXF91c8ZyBbjVHKh,SSC/TK,public,Europe,70,75,1786039637493,1786051665849,2026-08-06T18:07:17Z,2026-08-06T21:27:45Z,https://classic.warcraftlogs.com/reports/MXF91c8ZyBbjVHKh,1056,21,21,-1,TRUE,100,-1
Cf1kNVy8KgxMWY9Z,TK/SSC,public,Europe,69,70,1786039797547,1786051655048,2026-08-06T18:09:57Z,2026-08-06T21:27:35Z,https://classic.warcraftlogs.com/reports/Cf1kNVy8KgxMWY9Z,1056,21,21,-1,TRUE,100,-1
694J2vhtW31GXgBQ,Raid 1 SSC,public,Europe,41,41,1786038716011,1786051655578,2026-08-06T17:51:56Z,2026-08-06T21:27:35Z,https://classic.warcraftlogs.com/reports/694J2vhtW31GXgBQ,1056,21,21,-1,TRUE,100,-1
xkARCg2LthXZ1H8f,TK 05/08,public,Europe,32,32,1786047845512,1786051648850,2026-08-06T20:24:05Z,2026-08-06T21:27:28Z,https://classic.warcraftlogs.com/reports/xkARCg2LthXZ1H8f,1056,21,21,-1,TRUE,100,-1
VGDqJbXLP3MmfrW7,SSC / TK,public,Europe,72,73,1786037106786,1786051646062,2026-08-06T17:25:06Z,2026-08-06T21:27:26Z,https://classic.warcraftlogs.com/reports/VGDqJbXLP3MmfrW7,1056,21,21,-1,TRUE,100,-1
CPY3wAX912rMzx8a,SSC / TK,public,Europe,52,52,1786042033042,1786051637225,2026-08-06T18:47:13Z,2026-08-06T21:27:17Z,https://classic.warcraftlogs.com/reports/CPY3wAX912rMzx8a,1056,21,21,-1,TRUE,100,-1
pLPH1DAxRBmdb3ha,ssc/tk,public,Europe,1,53,1786039369994,1786050437558,2026-08-06T18:02:49Z,2026-08-06T21:07:17Z,https://classic.warcraftlogs.com/reports/pLPH1DAxRBmdb3ha,1056,21,21,-1,TRUE,100,-1
8T6a1JKybwGRvDAL,TK 06.08.2026,public,Europe,1,28,1786043981865,1786051569695,2026-08-06T19:19:41Z,2026-08-06T21:26:09Z,https://classic.warcraftlogs.com/reports/8T6a1JKybwGRvDAL,1056,21,21,-1,TRUE,100,-1
t16jXAnT8LkD9pHr,SSC/TK - Jasmine (PUG) - 6/8,public,Europe,57,72,1786041395133,1786051613129,2026-08-06T18:36:35Z,2026-08-06T21:26:53Z,https://classic.warcraftlogs.com/reports/t16jXAnT8LkD9pHr,1056,21,21,-1,TRUE,100,-1
1R2mGPhMXkYDxrAK,SSC / TK,public,Europe,1,65,1786035533838,1786051523051,2026-08-06T16:58:53Z,2026-08-06T21:25:23Z,https://classic.warcraftlogs.com/reports/1R2mGPhMXkYDxrAK,1056,21,21,-1,TRUE,100,-1
Y7cMf4vGNjqrP3AX,SSC/TK,public,Europe,1,44,1786039700515,1786046482784,2026-08-06T18:08:20Z,2026-08-06T20:01:22Z,https://classic.warcraftlogs.com/reports/Y7cMf4vGNjqrP3AX,1056,21,21,-1,TRUE,100,-1
vZtFq64bxN1MTwyc,SSC / TK,public,Europe,1,28,1786039638979,1786051439618,2026-08-06T18:07:18Z,2026-08-06T21:23:59Z,https://classic.warcraftlogs.com/reports/vZtFq64bxN1MTwyc,1056,21,21,-1,TRUE,100,-1
8T63p1DXzqVPBHv4,KOLOTNECHA 25,public,Europe,1,14,1786039316926,1786049173710,2026-08-06T18:01:56Z,2026-08-06T20:46:13Z,https://classic.warcraftlogs.com/reports/8T63p1DXzqVPBHv4,1056,21,21,-1,TRUE,100,-1
rq3JGWKnfPj8MyhF,SSC / TK,public,Europe,1,9,1786037839150,1786049363715,2026-08-06T17:37:19Z,2026-08-06T20:49:23Z,https://classic.warcraftlogs.com/reports/rq3JGWKnfPj8MyhF,1056,21,21,-1,TRUE,100,-1
DbqyNngkrBfAKYMR,SSC / TK,public,Europe,1,23,1786042023807,1786048720203,2026-08-06T18:47:03Z,2026-08-06T20:38:40Z,https://classic.warcraftlogs.com/reports/DbqyNngkrBfAKYMR,1056,21,21,-1,TRUE,100,-1
yhJdjfHcvnD4GTbm,TK + AQ badge run 06/08/2026,public,Europe,1,34,1786045335000,1786051406889,2026-08-06T19:42:15Z,2026-08-06T21:23:26Z,https://classic.warcraftlogs.com/reports/yhJdjfHcvnD4GTbm,1056,21,21,-1,TRUE,100,-1
NMcba9hVwTnLQGxf,SSC / TK,public,Europe,1,34,1786045984114,1786051440822,2026-08-06T19:53:04Z,2026-08-06T21:24:00Z,https://classic.warcraftlogs.com/reports/NMcba9hVwTnLQGxf,1056,21,21,-1,TRUE,100,-1
TpZa4MKBqfCbFhA9,SSC / TK,public,Europe,37,37,1786041395035,1786051431342,2026-08-06T18:36:35Z,2026-08-06T21:23:51Z,https://classic.warcraftlogs.com/reports/TpZa4MKBqfCbFhA9,1056,21,21,-1,TRUE,100,-1
Zzc9Wwy7dDVXCbPR,SSC / TK,public,Europe,33,33,1786042128766,1786051451566,2026-08-06T18:48:48Z,2026-08-06T21:24:11Z,https://classic.warcraftlogs.com/reports/Zzc9Wwy7dDVXCbPR,1056,21,21,-1,TRUE,100,-1
r1QdKRZcDxGAWNhq,SSC / TK,public,Europe,1,62,1786039736436,1786049924676,2026-08-06T18:08:56Z,2026-08-06T20:58:44Z,https://classic.warcraftlogs.com/reports/r1QdKRZcDxGAWNhq,1056,21,21,-1,TRUE,100,-1
xcPQ8Fkm3fphGXZg,SSC / TK,public,Europe,1,28,1786046678445,1786051419010,2026-08-06T20:04:38Z,2026-08-06T21:23:39Z,https://classic.warcraftlogs.com/reports/xcPQ8Fkm3fphGXZg,1056,21,21,-1,TRUE,100,-1
1a7KF3ApxZd6V4CT,SSC / TK,public,Europe,1,42,1786044464450,1786051232127,2026-08-06T19:27:44Z,2026-08-06T21:20:32Z,https://classic.warcraftlogs.com/reports/1a7KF3ApxZd6V4CT,1056,21,21,-1,TRUE,100,-1
8jxwnR97GBNHLZAP,SSC,public,Europe,43,42,1786038933919,1786051404303,2026-08-06T17:55:33Z,2026-08-06T21:23:24Z,https://classic.warcraftlogs.com/reports/8jxwnR97GBNHLZAP,1056,21,21,-1,TRUE,100,-1
v9gf3THcdKz42DJj,SSC MADDOGS 06/08/2026 Backup,public,Europe,57,58,1786042362994,1786051406723,2026-08-06T18:52:42Z,2026-08-06T21:23:26Z,https://classic.warcraftlogs.com/reports/v9gf3THcdKz42DJj,1056,21,21,-1,TRUE,100,-1
xMK8cfLYVzk7tqmb,SSC / TK,public,Europe,42,77,1786037791715,1786051393643,2026-08-06T17:36:31Z,2026-08-06T21:23:13Z,https://classic.warcraftlogs.com/reports/xMK8cfLYVzk7tqmb,1056,21,21,-1,TRUE,100,-1
Hf3k8MWxQh62aTCV,SSC / TK,public,Europe,1,35,1786039449742,1786051031679,2026-08-06T18:04:09Z,2026-08-06T21:17:11Z,https://classic.warcraftlogs.com/reports/Hf3k8MWxQh62aTCV,1056,21,21,-1,TRUE,100,-1
zWjCAvwmHbn87xTG,SSC / TK,public,Europe,43,46,1786041517250,1786051389443,2026-08-06T18:38:37Z,2026-08-06T21:23:09Z,https://classic.warcraftlogs.com/reports/zWjCAvwmHbn87xTG,1056,21,21,-1,TRUE,100,-1
RBMKpHfW2VYL8vGy,TK intern <3,public,Europe,11,28,1786046273417,1786051193476,2026-08-06T19:57:53Z,2026-08-06T21:19:53Z,https://classic.warcraftlogs.com/reports/RBMKpHfW2VYL8vGy,1056,21,21,-1,TRUE,100,-1
ZDwhf8PL9RMYmdk3,TK SSC Team 2,public,Europe,78,78,1786039449015,1786049184538,2026-08-06T18:04:09Z,2026-08-06T20:46:24Z,https://classic.warcraftlogs.com/reports/ZDwhf8PL9RMYmdk3,1056,21,21,-1,TRUE,100,-1
ZTvJLcFfNyrR3amh,SSC / TK,public,Europe,81,81,1786037639342,1786051361315,2026-08-06T17:33:59Z,2026-08-06T21:22:41Z,https://classic.warcraftlogs.com/reports/ZTvJLcFfNyrR3amh,1056,21,21,-1,TRUE,100,-1
aCgMfKH2DkvZpJPz,ssc and tk,public,Europe,1,64,1786039297616,1786051240843,2026-08-06T18:01:37Z,2026-08-06T21:20:40Z,https://classic.warcraftlogs.com/reports/aCgMfKH2DkvZpJPz,1056,21,21,-1,TRUE,100,-1
wbZNMrm81KtvgYjy,SSC / TK,public,Europe,1,9,1786039108014,1786051205065,2026-08-06T17:58:28Z,2026-08-06T21:20:05Z,https://classic.warcraftlogs.com/reports/wbZNMrm81KtvgYjy,1056,21,21,-1,TRUE,100,-1
FNc7RGgMhTmjAZXz,SSC / TK,public,Europe,2,56,1786040678766,1786051283382,2026-08-06T18:24:38Z,2026-08-06T21:21:23Z,https://classic.warcraftlogs.com/reports/FNc7RGgMhTmjAZXz,1056,22,22,-1,TRUE,100,-1
pJPdDR2BNtmk38L4,Malaka SSC and TK nr 13,public,Europe,88,88,1786037210166,1786051253370,2026-08-06T17:26:50Z,2026-08-06T21:20:53Z,https://classic.warcraftlogs.com/reports/pJPdDR2BNtmk38L4,1056,22,22,-1,TRUE,100,-1
XPp329JNKLGw1znR,SSC / TK,public,Europe,1,61,1786037326260,1786051162394,2026-08-06T17:28:46Z,2026-08-06T21:19:22Z,https://classic.warcraftlogs.com/reports/XPp329JNKLGw1znR,1056,22,22,-1,TRUE,100,-1
HpWzVy9wLbjm7h4q,SSC / TK,public,Europe,73,73,1786039508535,1786051261655,2026-08-06T18:05:08Z,2026-08-06T21:21:01Z,https://classic.warcraftlogs.com/reports/HpWzVy9wLbjm7h4q,1056,22,22,-1,TRUE,100,-1
FJg1V9anwXxTydtq,SSC / TK,public,Europe,1,36,1786034711552,1786050615738,2026-08-06T16:45:11Z,2026-08-06T21:10:15Z,https://classic.warcraftlogs.com/reports/FJg1V9anwXxTydtq,1056,22,22,-1,TRUE,100,-1
xngy3aQYTLbRDKqH,SSC / TK,public,Europe,1,65,1786037639660,1786050945598,2026-08-06T17:33:59Z,2026-08-06T21:15:45Z,https://classic.warcraftlogs.com/reports/xngy3aQYTLbRDKqH,1056,22,22,-1,TRUE,100,-1
AjkcaxzgBGD9WrQy,TK semiguild,public,Europe,22,23,1786047787160,1786051224542,2026-08-06T20:23:07Z,2026-08-06T21:20:24Z,https://classic.warcraftlogs.com/reports/AjkcaxzgBGD9WrQy,1056,22,22,-1,TRUE,100,-1
b24YQKRVtAcjB7CM,SSC / TK,public,Europe,75,83,1786038909205,1786051227150,2026-08-06T17:55:09Z,2026-08-06T21:20:27Z,https://classic.warcraftlogs.com/reports/b24YQKRVtAcjB7CM,1056,22,22,-1,TRUE,100,-1
tkGbQVM1z2h6ZRxa,ssc tk 6th August,public,Europe,84,84,1786035992993,1786051221410,2026-08-06T17:06:32Z,2026-08-06T21:20:21Z,https://classic.warcraftlogs.com/reports/tkGbQVM1z2h6ZRxa,1056,22,22,-1,TRUE,100,-1
XztdFxTNy7cBKLYH,SSC,public,Europe,55,56,1786041627788,1786051218210,2026-08-06T18:40:27Z,2026-08-06T21:20:18Z,https://classic.warcraftlogs.com/reports/XztdFxTNy7cBKLYH,1056,22,22,-1,TRUE,100,-1
bBaXkdCnFjDqZ9G4,SSC_06_08,public,Europe,55,55,1786041626936,1786051218589,2026-08-06T18:40:26Z,2026-08-06T21:20:18Z,https://classic.warcraftlogs.com/reports/bBaXkdCnFjDqZ9G4,1056,22,22,-1,TRUE,100,-1
dGpB1jah3qtvgQy2,SSC / TK,public,Europe,1,43,1786043832297,1786051211282,2026-08-06T19:17:12Z,2026-08-06T21:20:11Z,https://classic.warcraftlogs.com/reports/dGpB1jah3qtvgQy2,1056,22,22,-1,TRUE,100,-1
GHbRXL9qYZxcFVrt,SSC / TK,public,Europe,51,75,1786039058558,1786051194750,2026-08-06T17:57:38Z,2026-08-06T21:19:54Z,https://classic.warcraftlogs.com/reports/GHbRXL9qYZxcFVrt,1056,22,22,-1,TRUE,100,-1
XqGxtPk7g8L4amYA,tk/ssc/gruul_0608,public,Europe,1,12,1786039156394,1786050485412,2026-08-06T17:59:16Z,2026-08-06T21:08:05Z,https://classic.warcraftlogs.com/reports/XqGxtPk7g8L4amYA,1056,22,22,-1,TRUE,100,-1
TGXVHBmDAtwCaYZP,25man with pugs,public,Europe,66,76,1786041151025,1786051187260,2026-08-06T18:32:31Z,2026-08-06T21:19:47Z,https://classic.warcraftlogs.com/reports/TGXVHBmDAtwCaYZP,1056,22,22,-1,TRUE,100,-1
G8LahgDNQHqWtJfY,SSC / TK,public,Europe,78,78,1786040041541,1786051191309,2026-08-06T18:14:01Z,2026-08-06T21:19:51Z,https://classic.warcraftlogs.com/reports/G8LahgDNQHqWtJfY,1056,22,22,-1,TRUE,100,-1
KgMPV3XJcQmDHCyL,25man,public,Europe,37,68,1786040101354,1786051187150,2026-08-06T18:15:01Z,2026-08-06T21:19:47Z,https://classic.warcraftlogs.com/reports/KgMPV3XJcQmDHCyL,1056,22,22,-1,TRUE,100,-1
T43ygRV1HFBNadKk,SSC / TK,public,Europe,60,60,1786037819878,1786051184474,2026-08-06T17:36:59Z,2026-08-06T21:19:44Z,https://classic.warcraftlogs.com/reports/T43ygRV1HFBNadKk,1056,22,22,-1,TRUE,100,-1
QFj4y8kdrXGBpCLv,SSA1,public,Europe,70,70,1786035943476,1786051183565,2026-08-06T17:05:43Z,2026-08-06T21:19:43Z,https://classic.warcraftlogs.com/reports/QFj4y8kdrXGBpCLv,1056,22,22,-1,TRUE,100,-1
HL4VapFm7gjW6kvC,Chipmunk Thursday only SSC,public,Europe,1,19,1786028421432,1786047018431,2026-08-06T15:00:21Z,2026-08-06T20:10:18Z,https://classic.warcraftlogs.com/reports/HL4VapFm7gjW6kvC,1056,22,22,-1,TRUE,100,-1
Q3qXGJBcHkNhpwb9,SSC / TK,public,Europe,1,68,1786037853122,1786051160008,2026-08-06T17:37:33Z,2026-08-06T21:19:20Z,https://classic.warcraftlogs.com/reports/Q3qXGJBcHkNhpwb9,1056,22,22,-1,TRUE,100,-1
mdz6xfHbgB8DG92V,SSC / TK,public,Europe,1,59,1786037729728,1786051099512,2026-08-06T17:35:29Z,2026-08-06T21:18:19Z,https://classic.warcraftlogs.com/reports/mdz6xfHbgB8DG92V,1056,22,22,-1,TRUE,100,-1
TnD4MyR17fAdCYhk,ssc,public,Europe,90,90,1786039356312,1786051201403,2026-08-06T18:02:36Z,2026-08-06T21:20:01Z,https://classic.warcraftlogs.com/reports/TnD4MyR17fAdCYhk,1056,22,22,-1,TRUE,100,-1
vZdnbC8yPgjK2Xck,SSC / TK,public,Europe,84,84,1786039622869,1786051171945,2026-08-06T18:07:02Z,2026-08-06T21:19:31Z,https://classic.warcraftlogs.com/reports/vZdnbC8yPgjK2Xck,1056,22,22,-1,TRUE,100,-1
RYf2Z4AzPm3KrF6H,SSC / TK,public,Europe,80,80,1786038277687,1786051158400,2026-08-06T17:44:37Z,2026-08-06T21:19:18Z,https://classic.warcraftlogs.com/reports/RYf2Z4AzPm3KrF6H,1056,22,22,-1,TRUE,100,-1
9rP4JTtxCnmavN32,Fooking keeeds,public,Europe,71,72,1786040926721,1786051155164,2026-08-06T18:28:46Z,2026-08-06T21:19:15Z,https://classic.warcraftlogs.com/reports/9rP4JTtxCnmavN32,1056,22,22,-1,TRUE,100,-1
1PA72nN86rwTgcDX,SSC TK,public,Europe,1,60,1786039270484,1786046050741,2026-08-06T18:01:10Z,2026-08-06T19:54:10Z,https://classic.warcraftlogs.com/reports/1PA72nN86rwTgcDX,1056,22,22,-1,TRUE,100,-1
RGhHaqWNCQcrzvLZ,SSC / TK,public,Europe,50,50,1786041400029,1786051122413,2026-08-06T18:36:40Z,2026-08-06T21:18:42Z,https://classic.warcraftlogs.com/reports/RGhHaqWNCQcrzvLZ,1056,22,22,-1,TRUE,100,-1
9mZYF3HcgAdbBpN6,SSC / TK,public,Europe,46,58,1786039231840,1786051116122,2026-08-06T18:00:31Z,2026-08-06T21:18:36Z,https://classic.warcraftlogs.com/reports/9mZYF3HcgAdbBpN6,1056,22,22,-1,TRUE,100,-1
yq1VDxNAhWMbZv2T,TK #2,public,Europe,1,19,1786046892243,1786049809693,2026-08-06T20:08:12Z,2026-08-06T20:56:49Z,https://classic.warcraftlogs.com/reports/yq1VDxNAhWMbZv2T,1056,22,22,-1,TRUE,100,-1
gxk82By4pGZJR7HC,SSC / TK,public,Europe,1,20,1786046205502,1786051049350,2026-08-06T19:56:45Z,2026-08-06T21:17:29Z,https://classic.warcraftlogs.com/reports/gxk82By4pGZJR7HC,1056,22,22,-1,TRUE,100,-1
F9vqR1NnGVkAxWf3,SSC / TK,public,Europe,1,49,1786038619249,1786045740137,2026-08-06T17:50:19Z,2026-08-06T19:49:00Z,https://classic.warcraftlogs.com/reports/F9vqR1NnGVkAxWf3,1056,22,22,-1,TRUE,100,-1
Wmaw6Rby8fKtqDLh,No thanks to Moongler >.<,public,Europe,1,12,1786039261095,1786050854258,2026-08-06T18:01:01Z,2026-08-06T21:14:14Z,https://classic.warcraftlogs.com/reports/Wmaw6Rby8fKtqDLh,1056,22,22,-1,TRUE,100,-1
MrkX9GHJwzPF8f7j,SSC/TK/Gruul 06/08,public,Europe,1,76,1786038695790,1786050394181,2026-08-06T17:51:35Z,2026-08-06T21:06:34Z,https://classic.warcraftlogs.com/reports/MrkX9GHJwzPF8f7j,1056,22,22,-1,TRUE,100,-1
BDPTb3QXdf2pJWwy,SSC / TK,public,Europe,1,36,1786042795412,1786049230111,2026-08-06T18:59:55Z,2026-08-06T20:47:10Z,https://classic.warcraftlogs.com/reports/BDPTb3QXdf2pJWwy,1056,22,22,-1,TRUE,100,-1
FpwWbJAQXdcrmxg4,SSC / TK,public,Europe,86,86,1786037935122,1786051057781,2026-08-06T17:38:55Z,2026-08-06T21:17:37Z,https://classic.warcraftlogs.com/reports/FpwWbJAQXdcrmxg4,1056,22,22,-1,TRUE,100,-1
YKZWDmNkjBtav1ng,25 man,public,Europe,72,72,1786042468867,1786051060273,2026-08-06T18:54:28Z,2026-08-06T21:17:40Z,https://classic.warcraftlogs.com/reports/YKZWDmNkjBtav1ng,1056,22,22,-1,TRUE,100,-1
Nq23hRvdxHn9FPgW,SSC / TK,public,Europe,81,80,1786040603507,1786051060253,2026-08-06T18:23:23Z,2026-08-06T21:17:40Z,https://classic.warcraftlogs.com/reports/Nq23hRvdxHn9FPgW,1056,22,22,-1,TRUE,100,-1
YGjDBqfMcKbmXV3A,tk / scc sold,public,Europe,71,78,1786038747388,1786051057430,2026-08-06T17:52:27Z,2026-08-06T21:17:37Z,https://classic.warcraftlogs.com/reports/YGjDBqfMcKbmXV3A,1056,22,22,-1,TRUE,100,-1
tvpLJDhKbzMjwYyP,SSC / TK,public,Europe,52,52,1786039642317,1786051042834,2026-08-06T18:07:22Z,2026-08-06T21:17:22Z,https://classic.warcraftlogs.com/reports/tvpLJDhKbzMjwYyP,1056,22,22,-1,TRUE,100,-1
tprc1Qb6KNYBW3L4,Guild run,public,Europe,66,74,1786037818010,1786051037133,2026-08-06T17:36:58Z,2026-08-06T21:17:17Z,https://classic.warcraftlogs.com/reports/tprc1Qb6KNYBW3L4,1056,22,22,-1,TRUE,100,-1
nmB8AvHZWaQ9kfxb,SSC / TK,public,Europe,75,76,1786037823421,1786051037408,2026-08-06T17:37:03Z,2026-08-06T21:17:17Z,https://classic.warcraftlogs.com/reports/nmB8AvHZWaQ9kfxb,1056,22,22,-1,TRUE,100,-1
HFQfmgY61CKnwjWc,SSC / TK,public,Europe,72,73,1786039646567,1786050951171,2026-08-06T18:07:26Z,2026-08-06T21:15:51Z,https://classic.warcraftlogs.com/reports/HFQfmgY61CKnwjWc,1056,22,22,-1,TRUE,100,-1
KtyF6jm7WzDBgH3c,06_08_2026_Gruul,public,Europe,1,43,1786037101642,1786050916055,2026-08-06T17:25:01Z,2026-08-06T21:15:16Z,https://classic.warcraftlogs.com/reports/KtyF6jm7WzDBgH3c,1056,22,22,-1,TRUE,100,-1
j8XbwB9RzfLmGFn6,Blir inga logs idag,public,Europe,83,84,1786039797316,1786051028377,2026-08-06T18:09:57Z,2026-08-06T21:17:08Z,https://classic.warcraftlogs.com/reports/j8XbwB9RzfLmGFn6,1056,22,22,-1,TRUE,100,-1
YFg3hKAV7pTyX1Bx,PuG,public,Europe,1,17,1786036881220,1786050347288,2026-08-06T17:21:21Z,2026-08-06T21:05:47Z,https://classic.warcraftlogs.com/reports/YFg3hKAV7pTyX1Bx,1056,22,22,-1,TRUE,100,-1
1mNVhDrCRYPJZjGf,tk+ssc,public,Europe,60,72,1786036007270,1786051024725,2026-08-06T17:06:47Z,2026-08-06T21:17:04Z,https://classic.warcraftlogs.com/reports/1mNVhDrCRYPJZjGf,1056,22,22,-1,TRUE,100,-1
pYR4Adk9MhDQZq82,SSC und TK,public,Europe,1,59,1786038853860,1786050416839,2026-08-06T17:54:13Z,2026-08-06T21:06:56Z,https://classic.warcraftlogs.com/reports/pYR4Adk9MhDQZq82,1056,22,22,-1,TRUE,100,-1
KtrVL2Dy9JvCMhgz,SSC / TK,public,Europe,18,18,1786039900447,1786051010839,2026-08-06T18:11:40Z,2026-08-06T21:16:50Z,https://classic.warcraftlogs.com/reports/KtrVL2Dy9JvCMhgz,1056,22,22,-1,TRUE,100,-1
H6xjpANGm4yTghZ3,SSC / TK,public,Europe,73,73,1786040454750,1786050976399,2026-08-06T18:20:54Z,2026-08-06T21:16:16Z,https://classic.warcraftlogs.com/reports/H6xjpANGm4yTghZ3,1056,22,22,-1,TRUE,100,-1
1zgVTx3JnbNvtFqP,SSC / TK,public,Europe,1,37,1786044891965,1786050773786,2026-08-06T19:34:51Z,2026-08-06T21:12:53Z,https://classic.warcraftlogs.com/reports/1zgVTx3JnbNvtFqP,1056,22,22,-1,TRUE,100,-1
t6jAYD2CTFfJPqZV,SSC / TK,public,Europe,79,80,1786039745194,1786050965104,2026-08-06T18:09:05Z,2026-08-06T21:16:05Z,https://classic.warcraftlogs.com/reports/t6jAYD2CTFfJPqZV,1056,22,22,-1,TRUE,100,-1
4AqVatWkcHnGr6Zx,08/06 - 2026 SSC/TK/Gruul,public,Europe,1,74,1786039240544,1786050570511,2026-08-06T18:00:40Z,2026-08-06T21:09:30Z,https://classic.warcraftlogs.com/reports/4AqVatWkcHnGr6Zx,1056,22,22,-1,TRUE,100,-1
F4ZcVmqaDnCN8yBr,ssctk,public,Europe,75,75,1786035110624,1786050954390,2026-08-06T16:51:50Z,2026-08-06T21:15:54Z,https://classic.warcraftlogs.com/reports/F4ZcVmqaDnCN8yBr,1056,22,22,-1,TRUE,100,-1
chdYBDfNx2bTAmRL,torsdag,public,Europe,47,62,1786036187752,1786050954467,2026-08-06T17:09:47Z,2026-08-06T21:15:54Z,https://classic.warcraftlogs.com/reports/chdYBDfNx2bTAmRL,1056,22,22,-1,TRUE,100,-1
YV1QNFxP2pfHgrda,SSC / TK,public,Europe,59,60,1786042120478,1786050917774,2026-08-06T18:48:40Z,2026-08-06T21:15:17Z,https://classic.warcraftlogs.com/reports/YV1QNFxP2pfHgrda,1056,22,22,-1,TRUE,100,-1
H42DP9JhnfbmBG7x,"06,08",public,Europe,101,101,1786035588901,1786050912783,2026-08-06T16:59:48Z,2026-08-06T21:15:12Z,https://classic.warcraftlogs.com/reports/H42DP9JhnfbmBG7x,1056,22,22,-1,TRUE,100,-1
c6JdmhFVgrtHN1xf,SSC / TK,public,Europe,95,95,1786035701926,1786050911483,2026-08-06T17:01:41Z,2026-08-06T21:15:11Z,https://classic.warcraftlogs.com/reports/c6JdmhFVgrtHN1xf,1056,22,22,-1,TRUE,100,-1
CQwNdpfKqB17JL46,SSC / TK,public,Europe,71,74,1786038163571,1786050902586,2026-08-06T17:42:43Z,2026-08-06T21:15:02Z,https://classic.warcraftlogs.com/reports/CQwNdpfKqB17JL46,1056,22,22,-1,TRUE,100,-1
bj8Hnx1R3TYVtMwf,SSC / TK,public,Europe,77,77,1786036567877,1786050905501,2026-08-06T17:16:07Z,2026-08-06T21:15:05Z,https://classic.warcraftlogs.com/reports/bj8Hnx1R3TYVtMwf,1056,22,22,-1,TRUE,100,-1
JXWAGPhCpqydHVY3,Chipmunk Thursday only TK,public,Europe,1,13,1786028421432,1786050765557,2026-08-06T15:00:21Z,2026-08-06T21:12:45Z,https://classic.warcraftlogs.com/reports/JXWAGPhCpqydHVY3,1056,22,22,-1,TRUE,100,-1
fxzXrh9gVPMjH3wA,999,public,Europe,74,74,1786038946746,1786050892257,2026-08-06T17:55:46Z,2026-08-06T21:14:52Z,https://classic.warcraftlogs.com/reports/fxzXrh9gVPMjH3wA,1056,22,22,-1,TRUE,100,-1
nLWQVxcYCRGBhwt9,SCC/TK  PUG 06/08/26,public,Europe,76,79,1786037303099,1786050887330,2026-08-06T17:28:23Z,2026-08-06T21:14:47Z,https://classic.warcraftlogs.com/reports/nLWQVxcYCRGBhwt9,1056,22,22,-1,TRUE,100,-1
HB2yTPNGnzRvbVpY,ssc tk,public,Europe,77,80,1786037108829,1786050902797,2026-08-06T17:25:08Z,2026-08-06T21:15:02Z,https://classic.warcraftlogs.com/reports/HB2yTPNGnzRvbVpY,1056,22,22,-1,TRUE,100,-1
mHFy3MqgXZ8dYw6j,SSC+TK RUN,public,Europe,76,79,1786037310678,1786050888639,2026-08-06T17:28:30Z,2026-08-06T21:14:48Z,https://classic.warcraftlogs.com/reports/mHFy3MqgXZ8dYw6j,1056,22,22,-1,TRUE,100,-1
ga7AK1tBfmFYJRnP,TK og SSC 06.08-2026,public,Europe,1,15,1786039909723,1786050347614,2026-08-06T18:11:49Z,2026-08-06T21:05:47Z,https://classic.warcraftlogs.com/reports/ga7AK1tBfmFYJRnP,1056,22,22,-1,TRUE,100,-1
Z4jmR3KQ2Fx16wAB,ssc tk 8/7,public,Europe,1,60,1786037673441,1786050704280,2026-08-06T17:34:33Z,2026-08-06T21:11:44Z,https://classic.warcraftlogs.com/reports/Z4jmR3KQ2Fx16wAB,1056,22,22,-1,TRUE,100,-1
4ZTCbvyd1KmPDH9X,SSC / TK,public,Europe,1,64,1786037846437,1786050609479,2026-08-06T17:37:26Z,2026-08-06T21:10:09Z,https://classic.warcraftlogs.com/reports/4ZTCbvyd1KmPDH9X,1056,22,22,-1,TRUE,100,-1
Q3ZHRgKJjMCNnyGx,SSC / TK,public,Europe,60,60,1786039611015,1786050838954,2026-08-06T18:06:51Z,2026-08-06T21:13:58Z,https://classic.warcraftlogs.com/reports/Q3ZHRgKJjMCNnyGx,1056,22,22,-1,TRUE,100,-1
aJvrjXGwQ1kfZnqD,SSC / TK,public,Europe,67,68,1786037326260,1786050847587,2026-08-06T17:28:46Z,2026-08-06T21:14:07Z,https://classic.warcraftlogs.com/reports/aJvrjXGwQ1kfZnqD,1056,22,22,-1,TRUE,100,-1
tGdfB1Mv6Y4hKNLD,SSC / TK,public,Europe,2,30,1786046086284,1786050799007,2026-08-06T19:54:46Z,2026-08-06T21:13:19Z,https://classic.warcraftlogs.com/reports/tGdfB1Mv6Y4hKNLD,1056,22,22,-1,TRUE,100,-1
X8qNMwHGcpChdDW7,SSC / TK,public,Europe,1,39,1785954900803,1785967405067,2026-08-05T18:35:00Z,2026-08-05T22:03:25Z,https://classic.warcraftlogs.com/reports/X8qNMwHGcpChdDW7,1056,22,22,-1,TRUE,100,-1
nk76wjJbHpZFdYD3,06/08 raid,public,Europe,81,81,1786038491333,1786050808088,2026-08-06T17:48:11Z,2026-08-06T21:13:28Z,https://classic.warcraftlogs.com/reports/nk76wjJbHpZFdYD3,1056,22,22,-1,TRUE,100,-1
fgAqdjM1pz7wTGtk,SSC / TK,public,Europe,1,11,1786039076603,1786050463796,2026-08-06T17:57:56Z,2026-08-06T21:07:43Z,https://classic.warcraftlogs.com/reports/fgAqdjM1pz7wTGtk,1056,22,22,-1,TRUE,100,-1
LQjvK8wFfnqRW1Mp,SSC - 06.08.26,public,Europe,31,35,1786043731230,1786050801814,2026-08-06T19:15:31Z,2026-08-06T21:13:21Z,https://classic.warcraftlogs.com/reports/LQjvK8wFfnqRW1Mp,1056,22,22,-1,TRUE,100,-1
br4VHYwJvTX1hgGn,TT Thur 06-08-2026,public,Europe,1,64,1786038765357,1786049607453,2026-08-06T17:52:45Z,2026-08-06T20:53:27Z,https://classic.warcraftlogs.com/reports/br4VHYwJvTX1hgGn,1056,22,22,-1,TRUE,100,-1
TmMb8gjGqQk14Ynt,SSC / TK / Gruul,public,Europe,1,71,1786038370335,1786050314847,2026-08-06T17:46:10Z,2026-08-06T21:05:14Z,https://classic.warcraftlogs.com/reports/TmMb8gjGqQk14Ynt,1056,22,22,-1,TRUE,100,-1
9jJT26mf7xcFtrVq,Aftershock pumps,public,Europe,15,15,1786047467681,1786050765904,2026-08-06T20:17:47Z,2026-08-06T21:12:45Z,https://classic.warcraftlogs.com/reports/9jJT26mf7xcFtrVq,1056,22,22,-1,TRUE,100,-1
7gPpRcMGNwhD2vfz,Chipmunk Thursday initial live log,public,Europe,64,65,1786028421432,1786050765557,2026-08-06T15:00:21Z,2026-08-06T21:12:45Z,https://classic.warcraftlogs.com/reports/7gPpRcMGNwhD2vfz,1056,22,22,-1,TRUE,100,-1
m4RJcMd9TKYgDnwj,P2 Hunter Pumpers,public,Europe,77,77,1786040630584,1786050763101,2026-08-06T18:23:50Z,2026-08-06T21:12:43Z,https://classic.warcraftlogs.com/reports/m4RJcMd9TKYgDnwj,1056,22,22,-1,TRUE,100,-1
TJwCxKMYDag9RmcX,Pug TK,public,Europe,36,36,1786038537660,1786050756468,2026-08-06T17:48:57Z,2026-08-06T21:12:36Z,https://classic.warcraftlogs.com/reports/TJwCxKMYDag9RmcX,1056,22,22,-1,TRUE,100,-1
64XjHJbgdtBLDmah,SSC / TK,public,Europe,12,36,1786042174674,1786050579164,2026-08-06T18:49:34Z,2026-08-06T21:09:39Z,https://classic.warcraftlogs.com/reports/64XjHJbgdtBLDmah,1056,22,22,-1,TRUE,100,-1
zwx6mWdb8M9XCcJk,TK,public,Europe,1,14,1786038741454,1786045759132,2026-08-06T17:52:21Z,2026-08-06T19:49:19Z,https://classic.warcraftlogs.com/reports/zwx6mWdb8M9XCcJk,1056,22,22,-1,TRUE,100,-1
wK6RZmnXy9CWtk7q,SSS/TK/Gruul,public,Europe,1,70,1786035330216,1786050182010,2026-08-06T16:55:30Z,2026-08-06T21:03:02Z,https://classic.warcraftlogs.com/reports/wK6RZmnXy9CWtk7q,1056,22,22,-1,TRUE,100,-1
pw9TzQdnkWV6rA3B,SSC / TK,public,Europe,1,45,1786043585875,1786050625687,2026-08-06T19:13:05Z,2026-08-06T21:10:25Z,https://classic.warcraftlogs.com/reports/pw9TzQdnkWV6rA3B,1056,22,22,-1,TRUE,100,-1
ZNFhq4PD2Jm3rf1w,SSC / TK,public,Europe,2,67,1786038300235,1786050560479,2026-08-06T17:45:00Z,2026-08-06T21:09:20Z,https://classic.warcraftlogs.com/reports/ZNFhq4PD2Jm3rf1w,1056,22,22,-1,TRUE,100,-1
WzmArwaMH9G6kZdL,SSC / TK,public,Europe,1,68,1786040808765,1786050602463,2026-08-06T18:26:48Z,2026-08-06T21:10:02Z,https://classic.warcraftlogs.com/reports/WzmArwaMH9G6kZdL,1056,22,22,-1,TRUE,100,-1
rm47LMW2CgGwaBHA,ssc_tk_06/08/26,public,Europe,1,62,1786038858490,1786049719262,2026-08-06T17:54:18Z,2026-08-06T20:55:19Z,https://classic.warcraftlogs.com/reports/rm47LMW2CgGwaBHA,1056,22,22,-1,TRUE,100,-1
jWqN9kTLZAgzaVHm,SSC,public,Europe,1,14,1786038741454,1786049551090,2026-08-06T17:52:21Z,2026-08-06T20:52:31Z,https://classic.warcraftlogs.com/reports/jWqN9kTLZAgzaVHm,1056,22,22,-1,TRUE,100,-1
TjFaV9ZM1hXD7zqt,SSC-tk,public,Europe,34,60,1786037765113,1786050647804,2026-08-06T17:36:05Z,2026-08-06T21:10:47Z,https://classic.warcraftlogs.com/reports/TjFaV9ZM1hXD7zqt,1056,22,22,-1,TRUE,100,-1
AtBCvM9XLRDbZ1QW,06.08.26 W13 TK/SSC #2,public,Europe,86,88,1786039740313,1786050641531,2026-08-06T18:09:00Z,2026-08-06T21:10:41Z,https://classic.warcraftlogs.com/reports/AtBCvM9XLRDbZ1QW,1056,22,22,-1,TRUE,100,-1
XqBgMQnLmCbNrY2J,SSC+TK,public,Europe,78,79,1786038811326,1786050636795,2026-08-06T17:53:31Z,2026-08-06T21:10:36Z,https://classic.warcraftlogs.com/reports/XqBgMQnLmCbNrY2J,1056,22,22,-1,TRUE,100,-1
v9C6LhQBc1jz8Atm,25-TK-B 06/08/'2026,public,Europe,1,29,1786042987497,1786048773200,2026-08-06T19:03:07Z,2026-08-06T20:39:33Z,https://classic.warcraftlogs.com/reports/v9C6LhQBc1jz8Atm,1056,22,22,-1,TRUE,100,-1
dwbpx8zrGCZmD6kf,SSC + TK - 06/08,public,Europe,1,56,1786038838610,1786049683127,2026-08-06T17:53:58Z,2026-08-06T20:54:43Z,https://classic.warcraftlogs.com/reports/dwbpx8zrGCZmD6kf,1056,22,22,-1,TRUE,100,-1
1PGJgkqrdwB9TyYv,"SEMESTERBAKSMÄLLA, TRIMMAD UGGLA & 20 BLÅSJOBB",public,Europe,1,34,1786043106403,1786050469009,2026-08-06T19:05:06Z,2026-08-06T21:07:49Z,https://classic.warcraftlogs.com/reports/1PGJgkqrdwB9TyYv,1056,22,22,-1,TRUE,100,-1
amfQAT9LBJ2VNHMv,Ebri SSC+TK+GRUUL,public,Europe,1,74,1786038362622,1786049876515,2026-08-06T17:46:02Z,2026-08-06T20:57:56Z,https://classic.warcraftlogs.com/reports/amfQAT9LBJ2VNHMv,1056,22,22,-1,TRUE,100,-1
nX9BtPqaWYGVckFz,SSC / TK,public,Europe,63,63,1786037435923,1786050558390,2026-08-06T17:30:35Z,2026-08-06T21:09:18Z,https://classic.warcraftlogs.com/reports/nX9BtPqaWYGVckFz,1056,22,22,-1,TRUE,100,-1
gGbtqHv7CRX6VMJf,SSC / TK,public,Europe,72,74,1786038809131,1786050558136,2026-08-06T17:53:29Z,2026-08-06T21:09:18Z,https://classic.warcraftlogs.com/reports/gGbtqHv7CRX6VMJf,1056,22,22,-1,TRUE,100,-1
JThZAr1xFKtDg9a4,SSC / TK,public,Europe,55,55,1786038614465,1786050549927,2026-08-06T17:50:14Z,2026-08-06T21:09:09Z,https://classic.warcraftlogs.com/reports/JThZAr1xFKtDg9a4,1056,22,22,-1,TRUE,100,-1
wRhvgKLQJaYdq7jH,SSC / TK,public,Europe,1,55,1786038474188,1786049539010,2026-08-06T17:47:54Z,2026-08-06T20:52:19Z,https://classic.warcraftlogs.com/reports/wRhvgKLQJaYdq7jH,1056,22,22,-1,TRUE,100,-1
y8HLK4nDCckd7pzA,SSC//TK Thursday 06.08.26,public,Europe,53,53,1786039142401,1786050524723,2026-08-06T17:59:02Z,2026-08-06T21:08:44Z,https://classic.warcraftlogs.com/reports/y8HLK4nDCckd7pzA,1056,23,23,-1,TRUE,100,-1
RFMwxtHp6Dc2nbXY,SSC / TK,public,Europe,76,77,1786039961563,1786050538047,2026-08-06T18:12:41Z,2026-08-06T21:08:58Z,https://classic.warcraftlogs.com/reports/RFMwxtHp6Dc2nbXY,1056,23,23,-1,TRUE,100,-1
khGvfHr7czbL4VWg,SSC / TK,public,Europe,1,26,1786044476739,1786050240214,2026-08-06T19:27:56Z,2026-08-06T21:04:00Z,https://classic.warcraftlogs.com/reports/khGvfHr7czbL4VWg,1056,23,23,-1,TRUE,100,-1
PL7VNZjBn43FyQtA,SSC / TK,public,Europe,35,40,1786042426600,1786050494437,2026-08-06T18:53:46Z,2026-08-06T21:08:14Z,https://classic.warcraftlogs.com/reports/PL7VNZjBn43FyQtA,1056,23,23,-1,TRUE,100,-1
8TBwQndRcVKAXxHa,SSC / TK,public,Europe,43,43,1786042174674,1786050494345,2026-08-06T18:49:34Z,2026-08-06T21:08:14Z,https://classic.warcraftlogs.com/reports/8TBwQndRcVKAXxHa,1056,23,23,-1,TRUE,100,-1
1xQX2ygm6f497HGk,Weekly Guild Raid ,public,Europe,56,60,1786039412038,1786050491434,2026-08-06T18:03:32Z,2026-08-06T21:08:11Z,https://classic.warcraftlogs.com/reports/1xQX2ygm6f497HGk,1056,23,23,-1,TRUE,100,-1
BpJ4DwA71kfHcXdt,25m Alkazhan,public,Europe,66,66,1786038745458,1786050363900,2026-08-06T17:52:25Z,2026-08-06T21:06:03Z,https://classic.warcraftlogs.com/reports/BpJ4DwA71kfHcXdt,1056,23,23,-1,TRUE,100,-1
YWMA91fD2nhGbVvj,SSC / TK,public,Europe,70,70,1786039215648,1786050492332,2026-08-06T18:00:15Z,2026-08-06T21:08:12Z,https://classic.warcraftlogs.com/reports/YWMA91fD2nhGbVvj,1056,23,23,-1,TRUE,100,-1
4DzpHh6rBkxMTnAX,Flamingos SSC/TK - ID 13,public,Europe,1,66,1786037152691,1786050168460,2026-08-06T17:25:52Z,2026-08-06T21:02:48Z,https://classic.warcraftlogs.com/reports/4DzpHh6rBkxMTnAX,1056,23,23,-1,TRUE,100,-1
4QThPCXm7AtyHMjV,SSC / TK,public,Europe,72,72,1786038733763,1786050484721,2026-08-06T17:52:13Z,2026-08-06T21:08:04Z,https://classic.warcraftlogs.com/reports/4QThPCXm7AtyHMjV,1056,23,23,-1,TRUE,100,-1
8AVqL1TBn7Gv3jhD,SSC_Gruul_TK,public,Europe,1,74,1786039361369,1786050052477,2026-08-06T18:02:41Z,2026-08-06T21:00:52Z,https://classic.warcraftlogs.com/reports/8AVqL1TBn7Gv3jhD,1056,23,23,-1,TRUE,100,-1
MqNTFvY7QxBchDj8,t5,public,Europe,1,61,1786037614438,1786048996395,2026-08-06T17:33:34Z,2026-08-06T20:43:16Z,https://classic.warcraftlogs.com/reports/MqNTFvY7QxBchDj8,1056,23,23,-1,TRUE,100,-1
J6A2NcwvT4M3gqxb,SSC / TK,public,Europe,1,74,1786035465995,1786050471603,2026-08-06T16:57:45Z,2026-08-06T21:07:51Z,https://classic.warcraftlogs.com/reports/J6A2NcwvT4M3gqxb,1056,23,23,-1,TRUE,100,-1
nCmRLZBw7x9jbK4h,TK  06.08.2026,public,Europe,1,23,1786037584833,1786050370208,2026-08-06T17:33:04Z,2026-08-06T21:06:10Z,https://classic.warcraftlogs.com/reports/nCmRLZBw7x9jbK4h,1056,23,23,-1,TRUE,100,-1
czWmBZGbyPLnwRFr,6 статик сск/тк,public,Europe,1,55,1786037384750,1786050072975,2026-08-06T17:29:44Z,2026-08-06T21:01:12Z,https://classic.warcraftlogs.com/reports/czWmBZGbyPLnwRFr,1056,23,23,-1,TRUE,100,-1
9hZ37J4QHRPaXzyA,SSC / TK,public,Europe,44,45,1786041861518,1786050433341,2026-08-06T18:44:21Z,2026-08-06T21:07:13Z,https://classic.warcraftlogs.com/reports/9hZ37J4QHRPaXzyA,1056,23,23,-1,TRUE,100,-1
QtMYrKhJBdPywbDT,SSC+TK 06.08.2026,public,Europe,1,74,1786037603445,1786050213545,2026-08-06T17:33:23Z,2026-08-06T21:03:33Z,https://classic.warcraftlogs.com/reports/QtMYrKhJBdPywbDT,1056,23,23,-1,TRUE,100,-1
6kDLT4XAWnFHdwbc,Наслаждение сск + тк,public,Europe,76,89,1786036027788,1786050418702,2026-08-06T17:07:07Z,2026-08-06T21:06:58Z,https://classic.warcraftlogs.com/reports/6kDLT4XAWnFHdwbc,1056,23,23,-1,TRUE,100,-1
nK2mvQ7gJ6V4HD8y,SSC / TK,public,Europe,56,66,1786039343924,1786050414139,2026-08-06T18:02:23Z,2026-08-06T21:06:54Z,https://classic.warcraftlogs.com/reports/nK2mvQ7gJ6V4HD8y,1056,23,23,-1,TRUE,100,-1
PWaBJ8w6jb7DN3kY,tk & ssc 06/08/26,public,Europe,54,64,1786039191942,1786050414872,2026-08-06T17:59:51Z,2026-08-06T21:06:54Z,https://classic.warcraftlogs.com/reports/PWaBJ8w6jb7DN3kY,1056,23,23,-1,TRUE,100,-1
hYyCpQKfJT8bLMFq,PUG,public,Europe,67,68,1786039061546,1786050415372,2026-08-06T17:57:41Z,2026-08-06T21:06:55Z,https://classic.warcraftlogs.com/reports/hYyCpQKfJT8bLMFq,1056,23,23,-1,TRUE,100,-1
gRWJq4DBXHLYGFxT,SSC / TK,public,Europe,1,41,1786038200167,1786050012703,2026-08-06T17:43:20Z,2026-08-06T21:00:12Z,https://classic.warcraftlogs.com/reports/gRWJq4DBXHLYGFxT,1056,23,23,-1,TRUE,100,-1
BgXZGazRxpCyTF6t,TK zorsak,public,Europe,26,27,1786045648200,1786050403506,2026-08-06T19:47:28Z,2026-08-06T21:06:43Z,https://classic.warcraftlogs.com/reports/BgXZGazRxpCyTF6t,1056,23,23,-1,TRUE,100,-1
qXhtc2krbmWDRLGT,SSC / TK,public,Europe,1,58,1786040036055,1786050074938,2026-08-06T18:13:56Z,2026-08-06T21:01:14Z,https://classic.warcraftlogs.com/reports/qXhtc2krbmWDRLGT,1056,23,23,-1,TRUE,100,-1
AtVMnfw8JXW1pBvb,SSC / TK,public,Europe,1,63,1786038889396,1786049833134,2026-08-06T17:54:49Z,2026-08-06T20:57:13Z,https://classic.warcraftlogs.com/reports/AtVMnfw8JXW1pBvb,1056,23,23,-1,TRUE,100,-1
6x2vTNjMHknfPFLy,SSC / TK,public,Europe,61,61,1786042009489,1786050388832,2026-08-06T18:46:49Z,2026-08-06T21:06:28Z,https://classic.warcraftlogs.com/reports/6x2vTNjMHknfPFLy,1056,23,23,-1,TRUE,100,-1
nrpwHCb98J62TzGd,SSC / TK,public,Europe,81,81,1786039987649,1786050388884,2026-08-06T18:13:07Z,2026-08-06T21:06:28Z,https://classic.warcraftlogs.com/reports/nrpwHCb98J62TzGd,1056,23,23,-1,TRUE,100,-1
p8wJgd73yZ6PtvVm,Tempest Keep,public,Europe,39,39,1786039851796,1786050394030,2026-08-06T18:10:51Z,2026-08-06T21:06:34Z,https://classic.warcraftlogs.com/reports/p8wJgd73yZ6PtvVm,1056,23,23,-1,TRUE,100,-1
GbhTadJMvpN1tq92,SSC / TK,public,Europe,1,20,1786047608046,1786050298511,2026-08-06T20:20:08Z,2026-08-06T21:04:58Z,https://classic.warcraftlogs.com/reports/GbhTadJMvpN1tq92,1056,23,23,-1,TRUE,100,-1
k4nMGt1Qz6XZ2bWV,SSC / TK,public,Europe,72,72,1786038227829,1786050370671,2026-08-06T17:43:47Z,2026-08-06T21:06:10Z,https://classic.warcraftlogs.com/reports/k4nMGt1Qz6XZ2bWV,1056,23,23,-1,TRUE,100,-1
cvCr9BbJLQkmyGq7,SSC + TK,public,Europe,1,6,1785859267742,1785864796926,2026-08-04T16:01:07Z,2026-08-04T17:33:16Z,https://classic.warcraftlogs.com/reports/cvCr9BbJLQkmyGq7,1056,23,23,-1,TRUE,100,-1
YXP63DdVngWtFxjA,Ballern am Donnerstag,public,Europe,72,74,1786038489703,1786050353996,2026-08-06T17:48:09Z,2026-08-06T21:05:53Z,https://classic.warcraftlogs.com/reports/YXP63DdVngWtFxjA,1056,23,23,-1,TRUE,100,-1
XVqDYAkC2HrBKFvL,TK og SSC 06.08-2026,public,Europe,60,60,1786039909723,1786050347614,2026-08-06T18:11:49Z,2026-08-06T21:05:47Z,https://classic.warcraftlogs.com/reports/XVqDYAkC2HrBKFvL,1056,23,23,-1,TRUE,100,-1
dpvaFxtHNqJbXL8w,scc + tk guild,public,Europe,82,82,1786036502883,1786050341911,2026-08-06T17:15:02Z,2026-08-06T21:05:41Z,https://classic.warcraftlogs.com/reports/dpvaFxtHNqJbXL8w,1056,23,23,-1,TRUE,100,-1
14R6pkZJNnKahfFP,SSC / TK,public,Europe,1,12,1786037463756,1786050158903,2026-08-06T17:31:03Z,2026-08-06T21:02:38Z,https://classic.warcraftlogs.com/reports/14R6pkZJNnKahfFP,1056,23,23,-1,TRUE,100,-1
wqTzp6RDFGXdrBvM,SSC / TK,public,Europe,10,35,1786041821163,1786050130352,2026-08-06T18:43:41Z,2026-08-06T21:02:10Z,https://classic.warcraftlogs.com/reports/wqTzp6RDFGXdrBvM,1056,23,23,-1,TRUE,100,-1
rhzJcKWgqxfvw1PN,Raid 1 SSC & TK 20260806,public,Europe,79,79,1786040409496,1786050318029,2026-08-06T18:20:09Z,2026-08-06T21:05:18Z,https://classic.warcraftlogs.com/reports/rhzJcKWgqxfvw1PN,1056,23,23,-1,TRUE,100,-1
chZ9Vtzdpxn4WqQr,SSC / TK,public,Europe,1,65,1786039015360,1786049789620,2026-08-06T17:56:55Z,2026-08-06T20:56:29Z,https://classic.warcraftlogs.com/reports/chZ9Vtzdpxn4WqQr,1056,23,23,-1,TRUE,100,-1
m4WkhLqz1wrc7gjQ,tk run 5,public,Europe,15,16,1786047329377,1786050307908,2026-08-06T20:15:29Z,2026-08-06T21:05:07Z,https://classic.warcraftlogs.com/reports/m4WkhLqz1wrc7gjQ,1056,23,23,-1,TRUE,100,-1
NnaRAPWXtzZJG4qf,SSC TK 06-08,public,Europe,68,68,1786038987182,1786050307551,2026-08-06T17:56:27Z,2026-08-06T21:05:07Z,https://classic.warcraftlogs.com/reports/NnaRAPWXtzZJG4qf,1056,23,23,-1,TRUE,100,-1
jC87dmYQFfayhPAk,SSC / TK,public,Europe,67,68,1786038535241,1786050348301,2026-08-06T17:48:55Z,2026-08-06T21:05:48Z,https://classic.warcraftlogs.com/reports/jC87dmYQFfayhPAk,1056,23,23,-1,TRUE,100,-1
3VznvYRg9aQNZPH7,SSC/TK 6.8.,public,Europe,65,66,1786038556468,1786050307800,2026-08-06T17:49:16Z,2026-08-06T21:05:07Z,https://classic.warcraftlogs.com/reports/3VznvYRg9aQNZPH7,1056,23,23,-1,TRUE,100,-1
qk6JbRPDawH2nf91,SSC / TK,public,Europe,1,65,1786037781947,1786050170051,2026-08-06T17:36:21Z,2026-08-06T21:02:50Z,https://classic.warcraftlogs.com/reports/qk6JbRPDawH2nf91,1056,23,23,-1,TRUE,100,-1
kFB36LX41jDgp8tN,SSC / TK,public,Europe,1,16,1785790824965,1785794614679,2026-08-03T21:00:24Z,2026-08-03T22:03:34Z,https://classic.warcraftlogs.com/reports/kFB36LX41jDgp8tN,1056,23,23,-1,TRUE,100,-1
KdAXFqbPY8C2kHx7,SSC + TK 6/8,public,Europe,1,10,1786039530834,1786048763956,2026-08-06T18:05:30Z,2026-08-06T20:39:23Z,https://classic.warcraftlogs.com/reports/KdAXFqbPY8C2kHx7,1056,23,23,-1,TRUE,100,-1
zCgcYrXKd1Rj3N8v,SSCintoTK06.08.26,public,Europe,72,74,1786038202220,1786050274948,2026-08-06T17:43:22Z,2026-08-06T21:04:34Z,https://classic.warcraftlogs.com/reports/zCgcYrXKd1Rj3N8v,1056,23,23,-1,TRUE,100,-1
b2p9ZmN3Tzj4qK7A,SSK/GRUL/TK-06.08.2026,public,Europe,104,105,1786036263321,1786050278547,2026-08-06T17:11:03Z,2026-08-06T21:04:38Z,https://classic.warcraftlogs.com/reports/b2p9ZmN3Tzj4qK7A,1056,23,23,-1,TRUE,100,-1
ATv8DNY4grqCma27,PERSRFONE's KOLYASKA,public,Europe,97,98,1786035429253,1786050277907,2026-08-06T16:57:09Z,2026-08-06T21:04:37Z,https://classic.warcraftlogs.com/reports/ATv8DNY4grqCma27,1056,23,23,-1,TRUE,100,-1
FtgwTcnCjazvVp2d,TK,public,Europe,1,43,1786040009927,1786049843206,2026-08-06T18:13:29Z,2026-08-06T20:57:23Z,https://classic.warcraftlogs.com/reports/FtgwTcnCjazvVp2d,1056,23,23,-1,TRUE,100,-1
QzTG6YFHdKPCDj47,T5 ,public,Europe,84,86,1786038751184,1786050272460,2026-08-06T17:52:31Z,2026-08-06T21:04:32Z,https://classic.warcraftlogs.com/reports/QzTG6YFHdKPCDj47,1056,23,23,-1,TRUE,100,-1
7BnCRp4FLNaVkJYj,SSC / TK,public,Europe,86,87,1786038692506,1786050276825,2026-08-06T17:51:32Z,2026-08-06T21:04:36Z,https://classic.warcraftlogs.com/reports/7BnCRp4FLNaVkJYj,1056,23,23,-1,TRUE,100,-1
KMxwa2B4YtPVdCvW,SSC / TK,public,Europe,87,89,1786037548974,1786050272544,2026-08-06T17:32:28Z,2026-08-06T21:04:32Z,https://classic.warcraftlogs.com/reports/KMxwa2B4YtPVdCvW,1056,23,23,-1,TRUE,100,-1
p13XCyfPMrQVzKRG,Gondor: This Scarlet enclave looks alot like SSC and TK in tbc,public,Europe,71,73,1786039585339,1786050272607,2026-08-06T18:06:25Z,2026-08-06T21:04:32Z,https://classic.warcraftlogs.com/reports/p13XCyfPMrQVzKRG,1056,23,23,-1,TRUE,100,-1
Bac91gNWY8xfdG42,SSC / TK 20260806,public,Europe,67,84,1786038749749,1786050268733,2026-08-06T17:52:29Z,2026-08-06T21:04:28Z,https://classic.warcraftlogs.com/reports/Bac91gNWY8xfdG42,1056,23,23,-1,TRUE,100,-1
w7CYNRKx16L8JhnB,SSC / TK,public,Europe,78,78,1786038785031,1786050262966,2026-08-06T17:53:05Z,2026-08-06T21:04:22Z,https://classic.warcraftlogs.com/reports/w7CYNRKx16L8JhnB,1056,23,23,-1,TRUE,100,-1
fxcCVZLhyz7gRrmA,SSC / TK,public,Europe,64,71,1786039058452,1786050263412,2026-08-06T17:57:38Z,2026-08-06T21:04:23Z,https://classic.warcraftlogs.com/reports/fxcCVZLhyz7gRrmA,1056,23,23,-1,TRUE,100,-1
bJZtTxcwYB7D2dk1,SSC / TK,public,Europe,9,9,1786045583829,1786050260310,2026-08-06T19:46:23Z,2026-08-06T21:04:20Z,https://classic.warcraftlogs.com/reports/bJZtTxcwYB7D2dk1,1056,23,23,-1,TRUE,100,-1
fL1KxDvJCn7Ay8FY,ssc tk,public,Europe,71,72,1786040812628,1786050253531,2026-08-06T18:26:52Z,2026-08-06T21:04:13Z,https://classic.warcraftlogs.com/reports/fL1KxDvJCn7Ay8FY,1056,23,23,-1,TRUE,100,-1
jF6cGnCmMVdHaqRk,SSC / TK,public,Europe,71,71,1786040752859,1786050273237,2026-08-06T18:25:52Z,2026-08-06T21:04:33Z,https://classic.warcraftlogs.com/reports/jF6cGnCmMVdHaqRk,1056,23,23,-1,TRUE,100,-1
k9hafb8JQ7NmRgLY,SSC / TK,public,Europe,76,76,1786039888880,1786050241269,2026-08-06T18:11:28Z,2026-08-06T21:04:01Z,https://classic.warcraftlogs.com/reports/k9hafb8JQ7NmRgLY,1056,23,23,-1,TRUE,100,-1
rfZnj9cxyaWJbzD2,LELEK & PARTNER SSC & TK - 06.08.2026,public,Europe,79,79,1786037199914,1786050236927,2026-08-06T17:26:39Z,2026-08-06T21:03:56Z,https://classic.warcraftlogs.com/reports/rfZnj9cxyaWJbzD2,1056,23,23,-1,TRUE,100,-1
WcvXm72Y6GNpKztH,SSC 06.08.2026,public,Europe,47,48,1786038052977,1786050224764,2026-08-06T17:40:52Z,2026-08-06T21:03:44Z,https://classic.warcraftlogs.com/reports/WcvXm72Y6GNpKztH,1056,23,23,-1,TRUE,100,-1
pZnYF82b7Kwa4vRP,SSC / TK,public,Europe,72,73,1786038249124,1786050199853,2026-08-06T17:44:09Z,2026-08-06T21:03:19Z,https://classic.warcraftlogs.com/reports/pZnYF82b7Kwa4vRP,1056,23,23,-1,TRUE,100,-1
pBtgKwMJDLmP9c2X,Nordly 06-08-2026,public,Europe,59,68,1786039550815,1786050195026,2026-08-06T18:05:50Z,2026-08-06T21:03:15Z,https://classic.warcraftlogs.com/reports/pBtgKwMJDLmP9c2X,1056,23,23,-1,TRUE,100,-1
crGJNnYKjF2v1f8W,SSC 2026-08-06,public,Europe,1,74,1786035890956,1786049489739,2026-08-06T17:04:50Z,2026-08-06T20:51:29Z,https://classic.warcraftlogs.com/reports/crGJNnYKjF2v1f8W,1056,23,23,-1,TRUE,100,-1
gGPLHrT97zjZvNnK,SSC / TK,public,Europe,1,29,1786035996207,1786041159431,2026-08-06T17:06:36Z,2026-08-06T18:32:39Z,https://classic.warcraftlogs.com/reports/gGPLHrT97zjZvNnK,1056,23,23,-1,TRUE,100,-1
wvnkhtXdVH9paNc1,25 Mann Smash! 6/8,public,Europe,87,87,1786034541366,1786050166493,2026-08-06T16:42:21Z,2026-08-06T21:02:46Z,https://classic.warcraftlogs.com/reports/wvnkhtXdVH9paNc1,1056,23,23,-1,TRUE,100,-1
YpPk4ncKtyCDaHbm,SSC / TK,public,Europe,1,55,1786039734968,1786049322629,2026-08-06T18:08:54Z,2026-08-06T20:48:42Z,https://classic.warcraftlogs.com/reports/YpPk4ncKtyCDaHbm,1056,23,23,-1,TRUE,100,-1
dptHZLD7GKRahmJT,SSC TK Spiters A 06/08,public,Europe,1,51,1786040068848,1786049814302,2026-08-06T18:14:28Z,2026-08-06T20:56:54Z,https://classic.warcraftlogs.com/reports/dptHZLD7GKRahmJT,1056,23,23,-1,TRUE,100,-1
AFQPKDrMWxJVvhgN,SSC / TK,public,Europe,56,56,1786038578825,1786050240755,2026-08-06T17:49:38Z,2026-08-06T21:04:00Z,https://classic.warcraftlogs.com/reports/AFQPKDrMWxJVvhgN,1056,23,23,-1,TRUE,100,-1
WcL3fPKyvHVj9Mtn,ssc/tk,public,Europe,1,58,1786039984969,1786048160273,2026-08-06T18:13:04Z,2026-08-06T20:29:20Z,https://classic.warcraftlogs.com/reports/WcL3fPKyvHVj9Mtn,1056,23,23,-1,TRUE,100,-1
hJDBHqZWMNQ2mtdG,SSC / TK,public,Europe,1,24,1786040287116,1786049921639,2026-08-06T18:18:07Z,2026-08-06T20:58:41Z,https://classic.warcraftlogs.com/reports/hJDBHqZWMNQ2mtdG,1056,23,23,-1,TRUE,100,-1
RgTdxN6MqK3b7jf4,tk_ssc,public,Europe,1,61,1786036137623,1786049367853,2026-08-06T17:08:57Z,2026-08-06T20:49:27Z,https://classic.warcraftlogs.com/reports/RgTdxN6MqK3b7jf4,1056,23,23,-1,TRUE,100,-1
6rMxJq4tB8K1CaXp,SSC / TK,public,Europe,74,75,1786037200640,1786050139021,2026-08-06T17:26:40Z,2026-08-06T21:02:19Z,https://classic.warcraftlogs.com/reports/6rMxJq4tB8K1CaXp,1056,23,23,-1,TRUE,100,-1
nrFwxgyR8PjW9A24,24/25 doggies,public,Europe,58,82,1786036969612,1786050158285,2026-08-06T17:22:49Z,2026-08-06T21:02:38Z,https://classic.warcraftlogs.com/reports/nrFwxgyR8PjW9A24,1056,23,23,-1,TRUE,100,-1
xkvMdByKYLjF64r7,25er TK + SSC + Gruul Bloodlist 060826,public,Europe,84,84,1786036980844,1786050128566,2026-08-06T17:23:00Z,2026-08-06T21:02:08Z,https://classic.warcraftlogs.com/reports/xkvMdByKYLjF64r7,1056,23,23,-1,TRUE,100,-1
bgJ7RF2k86WHhcpC,SSC / TK,public,Europe,1,54,1786031971254,1786047330933,2026-08-06T15:59:31Z,2026-08-06T20:15:30Z,https://classic.warcraftlogs.com/reports/bgJ7RF2k86WHhcpC,1056,23,23,-1,TRUE,100,-1
kMdaDGKFRCn7APBV,SSC+TK,public,Europe,78,78,1786038049027,1786050090463,2026-08-06T17:40:49Z,2026-08-06T21:01:30Z,https://classic.warcraftlogs.com/reports/kMdaDGKFRCn7APBV,1056,23,23,-1,TRUE,100,-1
gj71FAt6Jn2m93MZ,GrouchySsc/Tk/Gruul,public,Europe,1,69,1786038772290,1786049873495,2026-08-06T17:52:52Z,2026-08-06T20:57:53Z,https://classic.warcraftlogs.com/reports/gj71FAt6Jn2m93MZ,1056,23,23,-1,TRUE,100,-1
tr4M1m2qdRY7aQBg,SSC / TK,public,Europe,64,74,1786038098211,1786050095385,2026-08-06T17:41:38Z,2026-08-06T21:01:35Z,https://classic.warcraftlogs.com/reports/tr4M1m2qdRY7aQBg,1056,23,23,-1,TRUE,100,-1
JmYPnWakp8tqrdZR,SSC / TK,public,Europe,65,68,1786040523768,1786050096798,2026-08-06T18:22:03Z,2026-08-06T21:01:36Z,https://classic.warcraftlogs.com/reports/JmYPnWakp8tqrdZR,1056,23,23,-1,TRUE,100,-1
VTHMQvK2p8XZwyJW,SSC / TK,public,Europe,24,24,1786045331655,1786050091805,2026-08-06T19:42:11Z,2026-08-06T21:01:31Z,https://classic.warcraftlogs.com/reports/VTHMQvK2p8XZwyJW,1056,23,23,-1,TRUE,100,-1
R2PvcQ6aqbYGgAJD,SSC / TK,public,Europe,53,55,1786041565922,1786050093805,2026-08-06T18:39:25Z,2026-08-06T21:01:33Z,https://classic.warcraftlogs.com/reports/R2PvcQ6aqbYGgAJD,1056,23,23,-1,TRUE,100,-1
Z2c8dqnRhQkrjYFz,SSC / TK,public,Europe,21,71,1786037846997,1786050091752,2026-08-06T17:37:26Z,2026-08-06T21:01:31Z,https://classic.warcraftlogs.com/reports/Z2c8dqnRhQkrjYFz,1056,23,23,-1,TRUE,100,-1
DPXqBTQ3xr7YfahR,SSC / TK,public,Europe,1,68,1786039654146,1786050067656,2026-08-06T18:07:34Z,2026-08-06T21:01:07Z,https://classic.warcraftlogs.com/reports/DPXqBTQ3xr7YfahR,1056,23,23,-1,TRUE,100,-1
fPwWYzTR821a3Dk7,SSC / TK,public,Europe,10,33,1786042776978,1786050089409,2026-08-06T18:59:36Z,2026-08-06T21:01:29Z,https://classic.warcraftlogs.com/reports/fPwWYzTR821a3Dk7,1056,23,23,-1,TRUE,100,-1
ACkHZjcqvTnMrzLg,SSC/Gruul 26-8-6,public,United States,1,42,1785971193260,1785985116035,2026-08-05T23:06:33Z,2026-08-06T02:58:36Z,https://classic.warcraftlogs.com/reports/ACkHZjcqvTnMrzLg,1056,23,23,-1,TRUE,100,-1
FBGXdjtacmAKgfZQ,SSC / TK,public,Europe,67,67,1786039552630,1786050082704,2026-08-06T18:05:52Z,2026-08-06T21:01:22Z,https://classic.warcraftlogs.com/reports/FBGXdjtacmAKgfZQ,1056,23,23,-1,TRUE,100,-1
XQfnzD6BaG94CJpd,SSC / TK,public,Europe,85,86,1786035465995,1786050087290,2026-08-06T16:57:45Z,2026-08-06T21:01:27Z,https://classic.warcraftlogs.com/reports/XQfnzD6BaG94CJpd,1056,23,23,-1,TRUE,100,-1
6qMrAvdfLg2jB4xR,SSC / TK,public,Europe,86,86,1786033612273,1786050088605,2026-08-06T16:26:52Z,2026-08-06T21:01:28Z,https://classic.warcraftlogs.com/reports/6qMrAvdfLg2jB4xR,1056,23,23,-1,TRUE,100,-1
KJcrwxpmvZWVk9AR,SSC / TK - K,public,Europe,1,75,1786038099421,1786049515359,2026-08-06T17:41:39Z,2026-08-06T20:51:55Z,https://classic.warcraftlogs.com/reports/KJcrwxpmvZWVk9AR,1056,23,23,-1,TRUE,100,-1
fjhL4QZ6zbJtCWxk,SSC / TK,public,Europe,52,74,1786038265660,1786050072578,2026-08-06T17:44:25Z,2026-08-06T21:01:12Z,https://classic.warcraftlogs.com/reports/fjhL4QZ6zbJtCWxk,1056,23,23,-1,TRUE,100,-1
DH6PLTzGK8xNnt1W,SSC / TK,public,Europe,80,80,1786037878266,1786050073201,2026-08-06T17:37:58Z,2026-08-06T21:01:13Z,https://classic.warcraftlogs.com/reports/DH6PLTzGK8xNnt1W,1056,23,23,-1,TRUE,100,-1
AP8rLHmZWMY4vjgR,SSC / TK,public,Europe,1,60,1786037813686,1786049923991,2026-08-06T17:36:53Z,2026-08-06T20:58:43Z,https://classic.warcraftlogs.com/reports/AP8rLHmZWMY4vjgR,1056,23,23,-1,TRUE,100,-1
B9Ka8YwjnRMJLhfA,[FC][Celiz] 25man - 06.08.2026,public,Europe,67,68,1786039490759,1786050065542,2026-08-06T18:04:50Z,2026-08-06T21:01:05Z,https://classic.warcraftlogs.com/reports/B9Ka8YwjnRMJLhfA,1056,23,23,-1,TRUE,100,-1
BJxKvD1XM2CrQY6t,gibbregn,public,Europe,73,74,1786037460125,1786050066323,2026-08-06T17:31:00Z,2026-08-06T21:01:06Z,https://classic.warcraftlogs.com/reports/BJxKvD1XM2CrQY6t,1056,23,23,-1,TRUE,100,-1
2p8X36CAnKRV9xkd,autoreport-SSC / TK-2026-08-06,public,Europe,70,71,1786040652370,1786050050728,2026-08-06T18:24:12Z,2026-08-06T21:00:50Z,https://classic.warcraftlogs.com/reports/2p8X36CAnKRV9xkd,1056,23,23,-1,TRUE,100,-1
JF2TLzDtwrf47hZb,SSC/TK Thursday 06/08/2026,public,Europe,70,71,1786040717702,1786050051820,2026-08-06T18:25:17Z,2026-08-06T21:00:51Z,https://classic.warcraftlogs.com/reports/JF2TLzDtwrf47hZb,1056,23,23,-1,TRUE,100,-1
pbqXF7K32jfR8mtN,SSC / TK,public,Europe,77,77,1786037755107,1786050052572,2026-08-06T17:35:55Z,2026-08-06T21:00:52Z,https://classic.warcraftlogs.com/reports/pbqXF7K32jfR8mtN,1056,23,23,-1,TRUE,100,-1
WZ8MQBaCGJ2zkmYf,SSC / TK,public,Europe,1,64,1786040010487,1786049859520,2026-08-06T18:13:30Z,2026-08-06T20:57:39Z,https://classic.warcraftlogs.com/reports/WZ8MQBaCGJ2zkmYf,1056,23,23,-1,TRUE,100,-1
18HDknFmXTgG3d2B,SSC / TK,public,Europe,1,65,1786039391293,1786050011991,2026-08-06T18:03:11Z,2026-08-06T21:00:11Z,https://classic.warcraftlogs.com/reports/18HDknFmXTgG3d2B,1056,24,24,-1,TRUE,100,-1
VFzc9dvPtCyAH7YG,SSC/TK 8/6,public,Europe,68,68,1786039475344,1786050030030,2026-08-06T18:04:35Z,2026-08-06T21:00:30Z,https://classic.warcraftlogs.com/reports/VFzc9dvPtCyAH7YG,1056,24,24,-1,TRUE,100,-1
MhXj1TWxmwqGHAy3,SSC / TK,public,Europe,69,69,1786039859747,1786050031190,2026-08-06T18:10:59Z,2026-08-06T21:00:31Z,https://classic.warcraftlogs.com/reports/MhXj1TWxmwqGHAy3,1056,24,24,-1,TRUE,100,-1
ApMr6mfHDZRvB2xa,SSC / TK,public,Europe,32,32,1786044731589,1786050028817,2026-08-06T19:32:11Z,2026-08-06T21:00:28Z,https://classic.warcraftlogs.com/reports/ApMr6mfHDZRvB2xa,1056,24,24,-1,TRUE,100,-1
paFHPkDAQrTGn8WZ,SSC / TK,public,Europe,33,33,1786044463274,1786050028518,2026-08-06T19:27:43Z,2026-08-06T21:00:28Z,https://classic.warcraftlogs.com/reports/paFHPkDAQrTGn8WZ,1056,24,24,-1,TRUE,100,-1
kzJ4vNnjAtRbf3B7,R1 - W13,public,Europe,74,74,1786039431497,1786050024940,2026-08-06T18:03:51Z,2026-08-06T21:00:24Z,https://classic.warcraftlogs.com/reports/kzJ4vNnjAtRbf3B7,1056,24,24,-1,TRUE,100,-1
tNg3qXzKrTcAkFmf,SSC + TK,public,Europe,59,61,1786040349827,1786050023178,2026-08-06T18:19:09Z,2026-08-06T21:00:23Z,https://classic.warcraftlogs.com/reports/tNg3qXzKrTcAkFmf,1056,24,24,-1,TRUE,100,-1
F6xVw8vdRHcnNDQP,TK 6/8,public,Europe,1,30,1786043607414,1786049024750,2026-08-06T19:13:27Z,2026-08-06T20:43:44Z,https://classic.warcraftlogs.com/reports/F6xVw8vdRHcnNDQP,1056,24,24,-1,TRUE,100,-1
JkY319cyxvnMrPL2,SSC / GL,public,Europe,1,44,1786041836278,1786049910582,2026-08-06T18:43:56Z,2026-08-06T20:58:30Z,https://classic.warcraftlogs.com/reports/JkY319cyxvnMrPL2,1056,24,24,-1,TRUE,100,-1
aPnfcbDGZKpVLvWr,ssc grief,public,Europe,2,14,1786038580289,1786049740447,2026-08-06T17:49:40Z,2026-08-06T20:55:40Z,https://classic.warcraftlogs.com/reports/aPnfcbDGZKpVLvWr,1056,24,24,-1,TRUE,100,-1
H89aWyGC4zDMPg2T,„Con te partirò“,public,Europe,1,58,1786028379074,1786048759698,2026-08-06T14:59:39Z,2026-08-06T20:39:19Z,https://classic.warcraftlogs.com/reports/H89aWyGC4zDMPg2T,1056,24,24,-1,TRUE,100,-1
WnK1Y46kHvM8QaCB,SSC,public,Europe,50,51,1786041400501,1786049995559,2026-08-06T18:36:40Z,2026-08-06T20:59:55Z,https://classic.warcraftlogs.com/reports/WnK1Y46kHvM8QaCB,1056,24,24,-1,TRUE,100,-1
bmkM2hVApNYGZ6Cw,TK/SSC/GRUUL,public,Europe,69,81,1786039183004,1786049999381,2026-08-06T17:59:43Z,2026-08-06T20:59:59Z,https://classic.warcraftlogs.com/reports/bmkM2hVApNYGZ6Cw,1056,24,24,-1,TRUE,100,-1
H14RrTaNktzLQwBF,SSC / TK,public,Europe,1,34,1786043832297,1786049901309,2026-08-06T19:17:12Z,2026-08-06T20:58:21Z,https://classic.warcraftlogs.com/reports/H14RrTaNktzLQwBF,1056,24,24,-1,TRUE,100,-1
qQdp67DaTfLJyB4b,06.08.2026,public,Europe,75,75,1786039311905,1786049973695,2026-08-06T18:01:51Z,2026-08-06T20:59:33Z,https://classic.warcraftlogs.com/reports/qQdp67DaTfLJyB4b,1056,24,24,-1,TRUE,100,-1
zLGPYfk1g3xHBvWA,Бомбик ССК,public,Europe,1,36,1786036518761,1786049798161,2026-08-06T17:15:18Z,2026-08-06T20:56:38Z,https://classic.warcraftlogs.com/reports/zLGPYfk1g3xHBvWA,1056,24,24,-1,TRUE,100,-1
N7AZgKRGWM9BYDxp,Twinks im Kombidämpfer,public,Europe,74,74,1786036440436,1786049964939,2026-08-06T17:14:00Z,2026-08-06T20:59:24Z,https://classic.warcraftlogs.com/reports/N7AZgKRGWM9BYDxp,1056,24,24,-1,TRUE,100,-1
CYLhVnMzrR79fat3,TK doc,public,Europe,1,60,1786040643540,1786049765162,2026-08-06T18:24:03Z,2026-08-06T20:56:05Z,https://classic.warcraftlogs.com/reports/CYLhVnMzrR79fat3,1056,24,24,-1,TRUE,100,-1
aTh7cnBLmyFwvbP2,SSC und TK Donnerstag,public,Europe,1,68,1786038304204,1786049700834,2026-08-06T17:45:04Z,2026-08-06T20:55:00Z,https://classic.warcraftlogs.com/reports/aTh7cnBLmyFwvbP2,1056,24,24,-1,TRUE,100,-1
b6adAYFjJMvcTkLD,TK NoName,public,Europe,1,32,1786042329715,1786049632771,2026-08-06T18:52:09Z,2026-08-06T20:53:52Z,https://classic.warcraftlogs.com/reports/b6adAYFjJMvcTkLD,1056,24,24,-1,TRUE,100,-1
R8FmPb7HqZWANwk9,SSC / TK,public,Europe,56,63,1786036177187,1786049936322,2026-08-06T17:09:37Z,2026-08-06T20:58:56Z,https://classic.warcraftlogs.com/reports/R8FmPb7HqZWANwk9,1056,24,24,-1,TRUE,100,-1
3vrP6XNDYkAJynZ8,SSC + TK | 06.08.2026,public,Europe,1,58,1786037019467,1786047053987,2026-08-06T17:23:39Z,2026-08-06T20:10:53Z,https://classic.warcraftlogs.com/reports/3vrP6XNDYkAJynZ8,1056,24,24,-1,TRUE,100,-1
Q96fB2cqYvjbKGyM,SSC / TK,public,Europe,1,63,1786039112639,1786049813283,2026-08-06T17:58:32Z,2026-08-06T20:56:53Z,https://classic.warcraftlogs.com/reports/Q96fB2cqYvjbKGyM,1056,24,24,-1,TRUE,100,-1
q7GcFwr4M1hjyXLQ,SSC/TK 06.08.,public,Europe,1,61,1786039204298,1786049835358,2026-08-06T18:00:04Z,2026-08-06T20:57:15Z,https://classic.warcraftlogs.com/reports/q7GcFwr4M1hjyXLQ,1056,24,24,-1,TRUE,100,-1
6myDpdzH23LraPTn,SSC / TK,public,Europe,51,52,1786038360280,1786049904186,2026-08-06T17:46:00Z,2026-08-06T20:58:24Z,https://classic.warcraftlogs.com/reports/6myDpdzH23LraPTn,1056,24,24,-1,TRUE,100,-1
bwxqXm4KJ8F7QLNZ,SSC/TK,public,Europe,77,79,1786038354403,1786049902364,2026-08-06T17:45:54Z,2026-08-06T20:58:22Z,https://classic.warcraftlogs.com/reports/bwxqXm4KJ8F7QLNZ,1056,24,24,-1,TRUE,100,-1
DH2jNw1Mfbm7VPcB,SSC / TK,public,Europe,73,79,1786034952878,1786049888586,2026-08-06T16:49:12Z,2026-08-06T20:58:08Z,https://classic.warcraftlogs.com/reports/DH2jNw1Mfbm7VPcB,1056,24,24,-1,TRUE,100,-1
XZjzBraPFpbhd1Mw,SSC / TK,public,Europe,54,54,1786037735664,1786049898774,2026-08-06T17:35:35Z,2026-08-06T20:58:18Z,https://classic.warcraftlogs.com/reports/XZjzBraPFpbhd1Mw,1056,24,24,-1,TRUE,100,-1
P1dzn9tMZvkRpCWr,SSC / GL,public,Europe,17,44,1786041836278,1786049892983,2026-08-06T18:43:56Z,2026-08-06T20:58:12Z,https://classic.warcraftlogs.com/reports/P1dzn9tMZvkRpCWr,1056,24,24,-1,TRUE,100,-1
mBMgVjZnFf4vbRzX,SSC / TK,public,Europe,1,65,1786035437194,1786048245135,2026-08-06T16:57:17Z,2026-08-06T20:30:45Z,https://classic.warcraftlogs.com/reports/mBMgVjZnFf4vbRzX,1056,24,24,-1,TRUE,100,-1
wMfgG81WxXkRyNjp,SSC / TK,public,Europe,1,5,1786043548089,1786049013914,2026-08-06T19:12:28Z,2026-08-06T20:43:33Z,https://classic.warcraftlogs.com/reports/wMfgG81WxXkRyNjp,1056,24,24,-1,TRUE,100,-1
7ZDH6kXFGzfVv4ay,SSC / TK,public,Europe,1,58,1786037639660,1786049408161,2026-08-06T17:33:59Z,2026-08-06T20:50:08Z,https://classic.warcraftlogs.com/reports/7ZDH6kXFGzfVv4ay,1056,24,24,-1,TRUE,100,-1
RN3gTYjHfCmbdw9Q,SSC / TK,public,Europe,40,53,1786040519613,1786049873509,2026-08-06T18:21:59Z,2026-08-06T20:57:53Z,https://classic.warcraftlogs.com/reports/RN3gTYjHfCmbdw9Q,1056,24,24,-1,TRUE,100,-1
Ayhmk6DVHxYtfZ3J,SSC / TK,public,Europe,81,83,1786038931209,1786049871077,2026-08-06T17:55:31Z,2026-08-06T20:57:51Z,https://classic.warcraftlogs.com/reports/Ayhmk6DVHxYtfZ3J,1056,24,24,-1,TRUE,100,-1
XyJAfaGPhgnFwL23,SSC / TK,public,Europe,54,74,1786038293904,1786049869909,2026-08-06T17:44:53Z,2026-08-06T20:57:49Z,https://classic.warcraftlogs.com/reports/XyJAfaGPhgnFwL23,1056,24,24,-1,TRUE,100,-1
XhPYBRcgFVHmWajq,SSC / TK,public,Europe,1,26,1786043429312,1786049769870,2026-08-06T19:10:29Z,2026-08-06T20:56:09Z,https://classic.warcraftlogs.com/reports/XhPYBRcgFVHmWajq,1056,24,24,-1,TRUE,100,-1
zwDfQ8Y1ZhtTPqmx,SSC / TK,public,Europe,1,65,1786038773397,1786049821250,2026-08-06T17:52:53Z,2026-08-06T20:57:01Z,https://classic.warcraftlogs.com/reports/zwDfQ8Y1ZhtTPqmx,1056,24,24,-1,TRUE,100,-1
7xYdDN4mb8vQPg1R,SSC + TK,public,Europe,59,59,1786038156471,1786049845740,2026-08-06T17:42:36Z,2026-08-06T20:57:25Z,https://classic.warcraftlogs.com/reports/7xYdDN4mb8vQPg1R,1056,24,24,-1,TRUE,100,-1
1qcA9MC8PkXHhBaW,POTUZHNIY RAID,public,Europe,79,85,1786035057301,1786049841274,2026-08-06T16:50:57Z,2026-08-06T20:57:21Z,https://classic.warcraftlogs.com/reports/1qcA9MC8PkXHhBaW,1056,24,24,-1,TRUE,100,-1
xwMt2y19dVFgaNDP,SSC / TK,public,Europe,1,62,1786030696066,1786044875670,2026-08-06T15:38:16Z,2026-08-06T19:34:35Z,https://classic.warcraftlogs.com/reports/xwMt2y19dVFgaNDP,1056,24,24,-1,TRUE,100,-1
Dr9vVKAWmt1RyC6f,SSC + TK Chess Club 06/08/2026,public,Europe,40,66,1786038889516,1786049833542,2026-08-06T17:54:49Z,2026-08-06T20:57:13Z,https://classic.warcraftlogs.com/reports/Dr9vVKAWmt1RyC6f,1056,24,24,-1,TRUE,100,-1
BY3VNpWnxkZ1zGFT,ssc and probs not tk tbh,public,Europe,77,77,1786038779276,1786049832045,2026-08-06T17:52:59Z,2026-08-06T20:57:12Z,https://classic.warcraftlogs.com/reports/BY3VNpWnxkZ1zGFT,1056,24,24,-1,TRUE,100,-1
p1YqbJcCRVBZrMAW,SSC / TK,public,Europe,25,56,1786040310101,1786049812944,2026-08-06T18:18:30Z,2026-08-06T20:56:52Z,https://classic.warcraftlogs.com/reports/p1YqbJcCRVBZrMAW,1056,24,24,-1,TRUE,100,-1
m4cgMTaADXtVJKhq,TK 13: Split 4,public,Europe,1,16,1786036765282,1786049521136,2026-08-06T17:19:25Z,2026-08-06T20:52:01Z,https://classic.warcraftlogs.com/reports/m4cgMTaADXtVJKhq,1056,24,24,-1,TRUE,100,-1
MJ3TxYc9Njp4BZF8,SSC / TK,public,Europe,53,53,1786037614495,1786049802502,2026-08-06T17:33:34Z,2026-08-06T20:56:42Z,https://classic.warcraftlogs.com/reports/MJ3TxYc9Njp4BZF8,1056,24,24,-1,TRUE,100,-1
TKQCkMrjyA69vgWZ,2026-06-08 SSC & TK,public,Europe,1,63,1786038474737,1786049783367,2026-08-06T17:47:54Z,2026-08-06T20:56:23Z,https://classic.warcraftlogs.com/reports/TKQCkMrjyA69vgWZ,1056,24,24,-1,TRUE,100,-1
xFwykWCGtmhzBpTa,SSC / TK,public,Europe,35,69,1786038739264,1786049784317,2026-08-06T17:52:19Z,2026-08-06T20:56:24Z,https://classic.warcraftlogs.com/reports/xFwykWCGtmhzBpTa,1056,24,24,-1,TRUE,100,-1
p6VmTKPnhfLM87xG,SSC & TK - RQ,public,Europe,71,71,1786039068610,1786049770230,2026-08-06T17:57:48Z,2026-08-06T20:56:10Z,https://classic.warcraftlogs.com/reports/p6VmTKPnhfLM87xG,1056,24,24,-1,TRUE,100,-1
nGRAkCrDzYq2PNfp,SSC / TK,public,Europe,71,71,1786038309067,1786049771248,2026-08-06T17:45:09Z,2026-08-06T20:56:11Z,https://classic.warcraftlogs.com/reports/nGRAkCrDzYq2PNfp,1056,24,24,-1,TRUE,100,-1
vrgZdBhGPKQJDC4k,SSC 06.08.2026,public,Europe,1,13,1786041683843,1786049593736,2026-08-06T18:41:23Z,2026-08-06T20:53:13Z,https://classic.warcraftlogs.com/reports/vrgZdBhGPKQJDC4k,1056,24,24,-1,TRUE,100,-1
z1GgJfhxTwPyADXW,06-08-2026 - <The Tenth Legion> SSC & TK -Raid 1- Retirement home gaming,public,Europe,70,70,1786038652622,1786049766384,2026-08-06T17:50:52Z,2026-08-06T20:56:06Z,https://classic.warcraftlogs.com/reports/z1GgJfhxTwPyADXW,1056,24,24,-1,TRUE,100,-1
ghwyGv71P9JbkV4t,Crowned SSC/TK 06/08,public,Europe,70,82,1786037573045,1786049764837,2026-08-06T17:32:53Z,2026-08-06T20:56:04Z,https://classic.warcraftlogs.com/reports/ghwyGv71P9JbkV4t,1056,24,24,-1,TRUE,100,-1
tWyZz4rTJFMCNg19,SSC / TK,public,Europe,1,73,1786034581996,1786048923289,2026-08-06T16:43:01Z,2026-08-06T20:42:03Z,https://classic.warcraftlogs.com/reports/tWyZz4rTJFMCNg19,1056,24,24,-1,TRUE,100,-1
WCzcaBP2TKvy93jM,SSC / TK,public,Europe,1,61,1786036836205,1786049381555,2026-08-06T17:20:36Z,2026-08-06T20:49:41Z,https://classic.warcraftlogs.com/reports/WCzcaBP2TKvy93jM,1056,24,24,-1,TRUE,100,-1
zMpJyKnwHQFrGChY,SSC / TK,public,Europe,27,34,1786043767580,1786049752109,2026-08-06T19:16:07Z,2026-08-06T20:55:52Z,https://classic.warcraftlogs.com/reports/zMpJyKnwHQFrGChY,1056,24,24,-1,TRUE,100,-1
p3dXZHyNtxg1wn6P,SSC / TK,public,Europe,30,36,1786042882903,1786049740876,2026-08-06T19:01:22Z,2026-08-06T20:55:40Z,https://classic.warcraftlogs.com/reports/p3dXZHyNtxg1wn6P,1056,24,24,-1,TRUE,100,-1
VJTzLYDQRcAHFN9B,SSC / TK,public,Europe,1,33,1786042298729,1786049393058,2026-08-06T18:51:38Z,2026-08-06T20:49:53Z,https://classic.warcraftlogs.com/reports/VJTzLYDQRcAHFN9B,1056,24,24,-1,TRUE,100,-1
PZ7qaxGrThHFb86K,SSC / TK,public,Europe,1,58,1786039713689,1786049397173,2026-08-06T18:08:33Z,2026-08-06T20:49:57Z,https://classic.warcraftlogs.com/reports/PZ7qaxGrThHFb86K,1056,24,24,-1,TRUE,100,-1
WNfyFTV2cnDxGKXr,ssc + tk,public,Europe,1,71,1786023409560,1786046468203,2026-08-06T13:36:49Z,2026-08-06T20:01:08Z,https://classic.warcraftlogs.com/reports/WNfyFTV2cnDxGKXr,1056,24,24,-1,TRUE,100,-1
M6m3GX8zNr97gLKP,Raid 2,public,Europe,1,29,1786045216552,1786049692507,2026-08-06T19:40:16Z,2026-08-06T20:54:52Z,https://classic.warcraftlogs.com/reports/M6m3GX8zNr97gLKP,1056,24,24,-1,TRUE,100,-1
4DFmzdXrqTRgM17B,SSC / TK,public,Europe,76,76,1786036176068,1786049730210,2026-08-06T17:09:36Z,2026-08-06T20:55:30Z,https://classic.warcraftlogs.com/reports/4DFmzdXrqTRgM17B,1056,24,24,-1,TRUE,100,-1
qCDwk93PFfytZ2vM,Donnerstag SSC & TK - 06.08.,public,Europe,91,93,1786035029275,1786049728852,2026-08-06T16:50:29Z,2026-08-06T20:55:28Z,https://classic.warcraftlogs.com/reports/qCDwk93PFfytZ2vM,1056,24,24,-1,TRUE,100,-1
3yJh9ZfKNqmCQwgP,SSC / TK,public,Europe,43,69,1786039080835,1786049725277,2026-08-06T17:58:00Z,2026-08-06T20:55:25Z,https://classic.warcraftlogs.com/reports/3yJh9ZfKNqmCQwgP,1056,24,24,-1,TRUE,100,-1
RLAgHGXtk1TpDybj,SSC / TK,public,Europe,65,73,1786038299821,1786049719142,2026-08-06T17:44:59Z,2026-08-06T20:55:19Z,https://classic.warcraftlogs.com/reports/RLAgHGXtk1TpDybj,1056,24,24,-1,TRUE,100,-1
rn6aY2D87w9Mmqth,SSC + TK Thursday FAST FAST,public,Europe,64,64,1786039439104,1786049718858,2026-08-06T18:03:59Z,2026-08-06T20:55:18Z,https://classic.warcraftlogs.com/reports/rn6aY2D87w9Mmqth,1056,24,24,-1,TRUE,100,-1
fzx4y2mWhjqcYNpH,SSC / TK,public,Europe,63,71,1786037292640,1786049717950,2026-08-06T17:28:12Z,2026-08-06T20:55:17Z,https://classic.warcraftlogs.com/reports/fzx4y2mWhjqcYNpH,1056,24,24,-1,TRUE,100,-1
4Lc6JhmaWNACDwn7,SSC / TK,public,Europe,70,70,1786034228708,1786049718013,2026-08-06T16:37:08Z,2026-08-06T20:55:18Z,https://classic.warcraftlogs.com/reports/4Lc6JhmaWNACDwn7,1056,24,24,-1,TRUE,100,-1
9PQ6ZrXFb8hNyxzV,"ssc/tk week 13, experts only",public,Europe,45,58,1786039131684,1786049718968,2026-08-06T17:58:51Z,2026-08-06T20:55:18Z,https://classic.warcraftlogs.com/reports/9PQ6ZrXFb8hNyxzV,1056,24,24,-1,TRUE,100,-1
4ztQ8AdMDPT6KZGy,SSC TK,public,Europe,70,70,1786035863556,1786049719620,2026-08-06T17:04:23Z,2026-08-06T20:55:19Z,https://classic.warcraftlogs.com/reports/4ztQ8AdMDPT6KZGy,1056,24,24,-1,TRUE,100,-1
Vh67cZ9HWBtNfJFr,SSC / TK,public,Europe,62,63,1786040423092,1786049710178,2026-08-06T18:20:23Z,2026-08-06T20:55:10Z,https://classic.warcraftlogs.com/reports/Vh67cZ9HWBtNfJFr,1056,24,24,-1,TRUE,100,-1
TGmhMycdaPRkpDKC,ssc+tk,public,Europe,68,68,1786039470003,1786049705524,2026-08-06T18:04:30Z,2026-08-06T20:55:05Z,https://classic.warcraftlogs.com/reports/TGmhMycdaPRkpDKC,1056,24,24,-1,TRUE,100,-1
p6LbMgFcyr4amAPJ,SSC / TK,public,Europe,74,75,1786037149309,1786049698949,2026-08-06T17:25:49Z,2026-08-06T20:54:58Z,https://classic.warcraftlogs.com/reports/p6LbMgFcyr4amAPJ,1056,24,24,-1,TRUE,100,-1
BQFpjTcN9qP2Ghvy,SSC / TK,public,Europe,1,69,1786038447055,1786049669133,2026-08-06T17:47:27Z,2026-08-06T20:54:29Z,https://classic.warcraftlogs.com/reports/BQFpjTcN9qP2Ghvy,1056,24,24,-1,TRUE,100,-1
yNgDdx6ZpjhavHGF,SSC / TK,public,Europe,1,15,1786046205502,1786049492050,2026-08-06T19:56:45Z,2026-08-06T20:51:32Z,https://classic.warcraftlogs.com/reports/yNgDdx6ZpjhavHGF,1056,24,24,-1,TRUE,100,-1
Z6tYB4vr2TK8AjVz,SSC / TK,public,Europe,87,88,1786038359922,1786049681953,2026-08-06T17:45:59Z,2026-08-06T20:54:41Z,https://classic.warcraftlogs.com/reports/Z6tYB4vr2TK8AjVz,1056,24,24,-1,TRUE,100,-1
7XjrN6PLhwgmQ9aZ,SSC / TK,public,Europe,83,84,1786038508078,1786049682203,2026-08-06T17:48:28Z,2026-08-06T20:54:42Z,https://classic.warcraftlogs.com/reports/7XjrN6PLhwgmQ9aZ,1056,24,24,-1,TRUE,100,-1
MDBJmGXz3qfvgbR4,SSC / TK,public,Europe,67,67,1786040882471,1786049663379,2026-08-06T18:28:02Z,2026-08-06T20:54:23Z,https://classic.warcraftlogs.com/reports/MDBJmGXz3qfvgbR4,1056,24,24,-1,TRUE,100,-1
CNqYRym3XtGzcdrF,SSC / TK,public,Europe,70,75,1786038363545,1786049662109,2026-08-06T17:46:03Z,2026-08-06T20:54:22Z,https://classic.warcraftlogs.com/reports/CNqYRym3XtGzcdrF,1056,24,24,-1,TRUE,100,-1
RKpM7v6QFTf3LJBc,SSC 13: Split 4,public,Europe,1,18,1786036765282,1786046547271,2026-08-06T17:19:25Z,2026-08-06T20:02:27Z,https://classic.warcraftlogs.com/reports/RKpM7v6QFTf3LJBc,1056,24,24,-1,TRUE,100,-1
dk9vDY6jqBMx1Crn,SSC / TK,public,Europe,1,63,1786037430012,1786049471431,2026-08-06T17:30:30Z,2026-08-06T20:51:11Z,https://classic.warcraftlogs.com/reports/dk9vDY6jqBMx1Crn,1056,24,24,-1,TRUE,100,-1
jb3tvn6pCrxQmKR9,2026/08/06 - SSC + TK,public,Europe,77,78,1786038287898,1786049641655,2026-08-06T17:44:47Z,2026-08-06T20:54:01Z,https://classic.warcraftlogs.com/reports/jb3tvn6pCrxQmKR9,1056,24,24,-1,TRUE,100,-1
x93DvY6nt47cAVqh,ssc_tk_guildrun,public,Europe,58,67,1786036936485,1786049628397,2026-08-06T17:22:16Z,2026-08-06T20:53:48Z,https://classic.warcraftlogs.com/reports/x93DvY6nt47cAVqh,1056,24,24,-1,TRUE,100,-1
zVN1Px46pKdg9Ljh,AFFLI CUCOLD AGAIN,public,Europe,76,76,1786039402817,1786049627290,2026-08-06T18:03:22Z,2026-08-06T20:53:47Z,https://classic.warcraftlogs.com/reports/zVN1Px46pKdg9Ljh,1056,24,24,-1,TRUE,100,-1
gGjcAbH2ZqDRYy3B,SSC / TK,public,Europe,1,63,1786039224433,1786049517462,2026-08-06T18:00:24Z,2026-08-06T20:51:57Z,https://classic.warcraftlogs.com/reports/gGjcAbH2ZqDRYy3B,1056,24,24,-1,TRUE,100,-1
n8XTqGNDwdZm9gPY,SSC,public,Europe,57,58,1786039150894,1786049625964,2026-08-06T17:59:10Z,2026-08-06T20:53:45Z,https://classic.warcraftlogs.com/reports/n8XTqGNDwdZm9gPY,1056,24,24,-1,TRUE,100,-1
GNML8nQxzVAvWZBR,ssctk20260806,public,Europe,2,13,1786036957651,1786049395369,2026-08-06T17:22:37Z,2026-08-06T20:49:55Z,https://classic.warcraftlogs.com/reports/GNML8nQxzVAvWZBR,1056,24,24,-1,TRUE,100,-1
wQ2rz4WhaFpdfbKx,SSC / TK,public,Europe,1,47,1786040303172,1786049402480,2026-08-06T18:18:23Z,2026-08-06T20:50:02Z,https://classic.warcraftlogs.com/reports/wQ2rz4WhaFpdfbKx,1056,24,24,-1,TRUE,100,-1
36fmbrvGypBJXLWg,SSC / TK,public,Europe,231,469,1786037985766,1786049554534,2026-08-06T17:39:45Z,2026-08-06T20:52:34Z,https://classic.warcraftlogs.com/reports/36fmbrvGypBJXLWg,1056,24,24,-1,TRUE,100,-1
rgM4zNCyjWFxtGVL,SSC / TK,public,Europe,27,43,1786040295642,1786049592921,2026-08-06T18:18:15Z,2026-08-06T20:53:12Z,https://classic.warcraftlogs.com/reports/rgM4zNCyjWFxtGVL,1056,24,24,-1,TRUE,100,-1
82G9nyFpZ4bgvDhN,SSC 06.08.,public,Europe,55,56,1786041169546,1786049595180,2026-08-06T18:32:49Z,2026-08-06T20:53:15Z,https://classic.warcraftlogs.com/reports/82G9nyFpZ4bgvDhN,1056,24,24,-1,TRUE,100,-1
GNLQtARCvHkqMjBw,SSC / TK,public,Europe,1,70,1786035426595,1786048595907,2026-08-06T16:57:06Z,2026-08-06T20:36:35Z,https://classic.warcraftlogs.com/reports/GNLQtARCvHkqMjBw,1056,24,24,-1,TRUE,100,-1
HMh7XmJgfpBq8RdT,SSC / TK,public,Europe,30,31,1786041676394,1786049593702,2026-08-06T18:41:16Z,2026-08-06T20:53:13Z,https://classic.warcraftlogs.com/reports/HMh7XmJgfpBq8RdT,1056,24,24,-1,TRUE,100,-1
QTrW2daB3GLjCpYw,can u do me Enchant Bracer - Superior Healing,public,Europe,73,73,1786038408764,1786049589737,2026-08-06T17:46:48Z,2026-08-06T20:53:09Z,https://classic.warcraftlogs.com/reports/QTrW2daB3GLjCpYw,1056,24,24,-1,TRUE,100,-1
CG3R8bg94vZQjAMc,SSC_0608,public,Europe,34,41,1786041435305,1786049568025,2026-08-06T18:37:15Z,2026-08-06T20:52:48Z,https://classic.warcraftlogs.com/reports/CG3R8bg94vZQjAMc,1056,24,24,-1,TRUE,100,-1
f8LrFdXT2CkDYHBW,SSC / TK,public,Europe,71,71,1786039661389,1786049572079,2026-08-06T18:07:41Z,2026-08-06T20:52:52Z,https://classic.warcraftlogs.com/reports/f8LrFdXT2CkDYHBW,1056,24,24,-1,TRUE,100,-1
ZGfCJQVLcw8mpgMd,SSC / TK,public,Europe,66,75,1786036503954,1786049566339,2026-08-06T17:15:03Z,2026-08-06T20:52:46Z,https://classic.warcraftlogs.com/reports/ZGfCJQVLcw8mpgMd,1056,24,24,-1,TRUE,100,-1
MZ4WPnzbRYHDCxpQ,TeamTrace - Først raid efter ferien,public,Europe,78,82,1786037873996,1786049565009,2026-08-06T17:37:53Z,2026-08-06T20:52:45Z,https://classic.warcraftlogs.com/reports/MZ4WPnzbRYHDCxpQ,1056,24,24,-1,TRUE,100,-1
VjNCmJQ6AaWxk9Bw,SSC / TK,public,Europe,56,56,1786037522849,1786049558325,2026-08-06T17:32:02Z,2026-08-06T20:52:38Z,https://classic.warcraftlogs.com/reports/VjNCmJQ6AaWxk9Bw,1056,24,24,-1,TRUE,100,-1
afcFt2rpACZRLnVx,partial log,public,Europe,1,42,1786041805901,1786049200505,2026-08-06T18:43:25Z,2026-08-06T20:46:40Z,https://classic.warcraftlogs.com/reports/afcFt2rpACZRLnVx,1056,24,24,-1,TRUE,100,-1
HFDTLdv3mX2qPGjB,SSC / TK,public,Europe,30,39,1786042243305,1786049549866,2026-08-06T18:50:43Z,2026-08-06T20:52:29Z,https://classic.warcraftlogs.com/reports/HFDTLdv3mX2qPGjB,1056,24,24,-1,TRUE,100,-1
2AXyhxRKg8TbLPDJ,SSC+TK,public,Europe,29,40,1786038741454,1786049551090,2026-08-06T17:52:21Z,2026-08-06T20:52:31Z,https://classic.warcraftlogs.com/reports/2AXyhxRKg8TbLPDJ,1056,25,25,-1,TRUE,100,-1
xq2H9vTQj4BJMwPc,20260806_TheOldOdds_SSC,public,Europe,42,42,1786040818913,1786049527043,2026-08-06T18:26:58Z,2026-08-06T20:52:07Z,https://classic.warcraftlogs.com/reports/xq2H9vTQj4BJMwPc,1056,25,25,-1,TRUE,100,-1
Tr7g2XLJY1HQpAyh,SSC / TK,public,Europe,34,34,1786041928337,1786049526668,2026-08-06T18:45:28Z,2026-08-06T20:52:06Z,https://classic.warcraftlogs.com/reports/Tr7g2XLJY1HQpAyh,1056,25,25,-1,TRUE,100,-1
w4YDZfd9pbynTWKr,thursday,public,Europe,125,344,1786038489164,1786040355053,2026-08-06T17:48:09Z,2026-08-06T18:19:15Z,https://classic.warcraftlogs.com/reports/w4YDZfd9pbynTWKr,1056,25,25,-1,TRUE,100,-1
NHhXK4C8LA7fqvVZ,SSC / TK,public,Europe,68,69,1786039568012,1786049518653,2026-08-06T18:06:08Z,2026-08-06T20:51:58Z,https://classic.warcraftlogs.com/reports/NHhXK4C8LA7fqvVZ,1056,25,25,-1,TRUE,100,-1
wCFJZbcPh69aY2KT,SSC&TK Raid Grün,public,Europe,75,75,1786037685804,1786049517391,2026-08-06T17:34:45Z,2026-08-06T20:51:57Z,https://classic.warcraftlogs.com/reports/wCFJZbcPh69aY2KT,1056,25,25,-1,TRUE,100,-1
X9bnZkTGtHN7h1pg,SSC / TK,public,Europe,59,75,1786039223836,1786049515309,2026-08-06T18:00:23Z,2026-08-06T20:51:55Z,https://classic.warcraftlogs.com/reports/X9bnZkTGtHN7h1pg,1056,25,25,-1,TRUE,100,-1
QTbC9pZVG4D6gvxJ,SSC / TK,public,Europe,16,22,1786045202325,1786049494461,2026-08-06T19:40:02Z,2026-08-06T20:51:34Z,https://classic.warcraftlogs.com/reports/QTbC9pZVG4D6gvxJ,1056,25,25,-1,TRUE,100,-1
NXWPL2G8Jv1DZThY,SSC & TK - 06/08/2026,public,Europe,16,45,1786041818708,1786049331137,2026-08-06T18:43:38Z,2026-08-06T20:48:51Z,https://classic.warcraftlogs.com/reports/NXWPL2G8Jv1DZThY,1056,25,25,-1,TRUE,100,-1
pDAKbdh36gCJQBr2,Donnerstagsraid,public,Europe,69,76,1786038999018,1786049476487,2026-08-06T17:56:39Z,2026-08-06T20:51:16Z,https://classic.warcraftlogs.com/reports/pDAKbdh36gCJQBr2,1056,25,25,-1,TRUE,100,-1
DPqd7xBctVf8WFRb,SSC TK,public,Europe,1,56,1786036069003,1786049281044,2026-08-06T17:07:49Z,2026-08-06T20:48:01Z,https://classic.warcraftlogs.com/reports/DPqd7xBctVf8WFRb,1056,25,25,-1,TRUE,100,-1
bCjJZT4Bqkn2dmpR,Schweizer Käse,public,Europe,31,76,1786036694488,1786049471430,2026-08-06T17:18:14Z,2026-08-06T20:51:11Z,https://classic.warcraftlogs.com/reports/bCjJZT4Bqkn2dmpR,1056,25,25,-1,TRUE,100,-1
QwLCD7MnPFdW4zhY,ssc+tk,public,Europe,69,70,1786040452268,1786051257485,2026-08-06T18:20:52Z,2026-08-06T21:20:57Z,https://classic.warcraftlogs.com/reports/QwLCD7MnPFdW4zhY,1056,25,25,-1,TRUE,100,-1
mzK31VjtXgB2JfhT,SSC / TK,public,Europe,1,68,1786035787891,1786049347823,2026-08-06T17:03:07Z,2026-08-06T20:49:07Z,https://classic.warcraftlogs.com/reports/mzK31VjtXgB2JfhT,1056,25,25,-1,TRUE,100,-1
PfRdcVMCWpg3bmN6,GRUUL,public,Europe,16,41,1786041836278,1786049450247,2026-08-06T18:43:56Z,2026-08-06T20:50:50Z,https://classic.warcraftlogs.com/reports/PfRdcVMCWpg3bmN6,1056,25,25,-1,TRUE,100,-1
HYTqmMJ6r49LBhAb,lads ssc/tk thursday week #11,public,Europe,54,61,1786038540427,1786049444154,2026-08-06T17:49:00Z,2026-08-06T20:50:44Z,https://classic.warcraftlogs.com/reports/HYTqmMJ6r49LBhAb,1056,25,25,-1,TRUE,100,-1
ftBdNqvA6WPa8Qrk,ssctk,public,Europe,70,73,1786037620890,1786049443712,2026-08-06T17:33:40Z,2026-08-06T20:50:43Z,https://classic.warcraftlogs.com/reports/ftBdNqvA6WPa8Qrk,1056,25,25,-1,TRUE,100,-1
hd3Dv8jgY6wyPxRX,SSC / TK,public,Europe,79,79,1786036675526,1786049429338,2026-08-06T17:17:55Z,2026-08-06T20:50:29Z,https://classic.warcraftlogs.com/reports/hd3Dv8jgY6wyPxRX,1056,25,25,-1,TRUE,100,-1
JPpKzkaYMVyr782D,SSC Raid Teddy 05-08,public,Europe,2,31,1785959434735,1785966981742,2026-08-05T19:50:34Z,2026-08-05T21:56:21Z,https://classic.warcraftlogs.com/reports/JPpKzkaYMVyr782D,1056,25,25,-1,TRUE,100,-1
9zXLYaCWqNmJQGkn,SSC/TK Week 13,public,Europe,1,55,1786039347203,1786047220292,2026-08-06T18:02:27Z,2026-08-06T20:13:40Z,https://classic.warcraftlogs.com/reports/9zXLYaCWqNmJQGkn,1056,25,25,-1,TRUE,100,-1
4HG81RbW2B3DKVTk,Raid_06.08.2026,public,Europe,74,74,1786039220883,1786049408031,2026-08-06T18:00:20Z,2026-08-06T20:50:08Z,https://classic.warcraftlogs.com/reports/4HG81RbW2B3DKVTk,1056,25,25,-1,TRUE,100,-1
PA86zLTaCJK3qDVY,raid,public,Europe,71,73,1786036966850,1786049376242,2026-08-06T17:22:46Z,2026-08-06T20:49:36Z,https://classic.warcraftlogs.com/reports/PA86zLTaCJK3qDVY,1056,25,25,-1,TRUE,100,-1
nhgdbVyGH2TCcDrk,tuff,public,Europe,76,77,1786037186795,1786049378357,2026-08-06T17:26:26Z,2026-08-06T20:49:38Z,https://classic.warcraftlogs.com/reports/nhgdbVyGH2TCcDrk,1056,25,25,-1,TRUE,100,-1
FA1wzkCJ7d2gV4Kc,SSC / TK,public,Europe,9,58,1786038441781,1786049369940,2026-08-06T17:47:21Z,2026-08-06T20:49:29Z,https://classic.warcraftlogs.com/reports/FA1wzkCJ7d2gV4Kc,1056,25,25,-1,TRUE,100,-1
VNqGMbCzZYytLjfJ,dataspel,public,Europe,82,85,1786038074007,1786049344381,2026-08-06T17:41:14Z,2026-08-06T20:49:04Z,https://classic.warcraftlogs.com/reports/VNqGMbCzZYytLjfJ,1056,25,25,-1,TRUE,100,-1
H3CbRMFa9AXJ8vZN,SSC + TK,public,Europe,64,64,1786038600741,1786049361884,2026-08-06T17:50:00Z,2026-08-06T20:49:21Z,https://classic.warcraftlogs.com/reports/H3CbRMFa9AXJ8vZN,1056,25,25,-1,TRUE,100,-1
rdH3zGLZvxTCm21n,SSC / TK,public,Europe,2,59,1786037505015,1786049148399,2026-08-06T17:31:45Z,2026-08-06T20:45:48Z,https://classic.warcraftlogs.com/reports/rdH3zGLZvxTCm21n,1056,25,25,-1,TRUE,100,-1
KYwNQdHjPTgF8rX4,SSC 06/08,public,Europe,34,43,1786040617547,1786049324071,2026-08-06T18:23:37Z,2026-08-06T20:48:44Z,https://classic.warcraftlogs.com/reports/KYwNQdHjPTgF8rX4,1056,25,25,-1,TRUE,100,-1
AX2QCZ3y8tdnN1RL,SSC (one shot no wipes duh),public,Europe,1,12,1786039545808,1786048858960,2026-08-06T18:05:45Z,2026-08-06T20:40:58Z,https://classic.warcraftlogs.com/reports/AX2QCZ3y8tdnN1RL,1056,25,25,-1,TRUE,100,-1
BxZkjzwHWGtVq2mK,SSC / GRUUL,public,Europe,19,42,1786041836278,1786049311243,2026-08-06T18:43:56Z,2026-08-06T20:48:31Z,https://classic.warcraftlogs.com/reports/BxZkjzwHWGtVq2mK,1056,25,25,-1,TRUE,100,-1
4P3qB7KAYQJ8ZkN6,SSC / TK,public,Europe,1,12,1786039627507,1786049062136,2026-08-06T18:07:07Z,2026-08-06T20:44:22Z,https://classic.warcraftlogs.com/reports/4P3qB7KAYQJ8ZkN6,1056,25,25,-1,TRUE,100,-1
W76jTmgnRvqABx1G,<Seven Sins> SSC/TK 06/08/26,public,Europe,63,63,1786040611141,1786049311492,2026-08-06T18:23:31Z,2026-08-06T20:48:31Z,https://classic.warcraftlogs.com/reports/W76jTmgnRvqABx1G,1056,25,25,-1,TRUE,100,-1
daDV4N8HzTXZ1J2q,SSC / TK,public,Europe,1,55,1786036710258,1786049106149,2026-08-06T17:18:30Z,2026-08-06T20:45:06Z,https://classic.warcraftlogs.com/reports/daDV4N8HzTXZ1J2q,1056,25,25,-1,TRUE,100,-1
qnjNX8g2FKpWh9kd,Full gems and enchants,public,Europe,55,64,1786037444328,1786049309307,2026-08-06T17:30:44Z,2026-08-06T20:48:29Z,https://classic.warcraftlogs.com/reports/qnjNX8g2FKpWh9kd,1056,25,25,-1,TRUE,100,-1
rZGg2Rk7vQj6VL9M,t5,public,Europe,59,68,1786033984503,1786049293467,2026-08-06T16:33:04Z,2026-08-06T20:48:13Z,https://classic.warcraftlogs.com/reports/rZGg2Rk7vQj6VL9M,1056,25,25,-1,TRUE,100,-1
mJ4X1QDdqn8wcRgP,Thursday Raid,public,Europe,52,76,1786035976261,1786049277069,2026-08-06T17:06:16Z,2026-08-06T20:47:57Z,https://classic.warcraftlogs.com/reports/mJ4X1QDdqn8wcRgP,1056,25,25,-1,TRUE,100,-1
jBLYmDTG6ZrMFwPN,MAGE - PUG,public,Europe,36,48,1786040518274,1786049299782,2026-08-06T18:21:58Z,2026-08-06T20:48:19Z,https://classic.warcraftlogs.com/reports/jBLYmDTG6ZrMFwPN,1056,25,25,-1,TRUE,100,-1
RLhT6KVkaXNfrP4n,SSC pug 6/8,public,Europe,38,39,1786041897771,1786049384886,2026-08-06T18:44:57Z,2026-08-06T20:49:44Z,https://classic.warcraftlogs.com/reports/RLhT6KVkaXNfrP4n,1056,25,25,-1,TRUE,100,-1
A4yMcNbktBJ9n2xz,SSC + TK 06.08.,public,Europe,70,72,1786040806949,1786049271425,2026-08-06T18:26:46Z,2026-08-06T20:47:51Z,https://classic.warcraftlogs.com/reports/A4yMcNbktBJ9n2xz,1056,25,25,-1,TRUE,100,-1
NhPjbM2vfnrQRtZF,SSC / TK,public,Europe,1,59,1786037553735,1786049146507,2026-08-06T17:32:33Z,2026-08-06T20:45:46Z,https://classic.warcraftlogs.com/reports/NhPjbM2vfnrQRtZF,1056,25,25,-1,TRUE,100,-1
nqNdYvj2g78aLmyk,星辰,public,China,1,9,1786014421438,1786028541170,2026-08-06T11:07:01Z,2026-08-06T15:02:21Z,https://classic.warcraftlogs.com/reports/nqNdYvj2g78aLmyk,1056,25,25,-1,TRUE,100,-1
mKR8Vafw3gGNTkCQ,SSC / TK,public,Europe,80,80,1786035787891,1786049245524,2026-08-06T17:03:07Z,2026-08-06T20:47:25Z,https://classic.warcraftlogs.com/reports/mKR8Vafw3gGNTkCQ,1056,25,25,-1,TRUE,100,-1
kD3XTfrWRtpQhKV7,V team last SSC and gruul 06/08 2026,public,Europe,1,42,1786039340599,1786048857957,2026-08-06T18:02:20Z,2026-08-06T20:40:57Z,https://classic.warcraftlogs.com/reports/kD3XTfrWRtpQhKV7,1056,25,25,-1,TRUE,100,-1
ny43BkVNtHhTRd8Y,Thursday SSC/TK,public,Europe,81,82,1786039199228,1786049232646,2026-08-06T17:59:59Z,2026-08-06T20:47:12Z,https://classic.warcraftlogs.com/reports/ny43BkVNtHhTRd8Y,1056,25,25,-1,TRUE,100,-1
Mtmn7DxfYGvzHZ9B,SSC-TK-06-08-26,public,Europe,69,69,1786039632645,1786049230626,2026-08-06T18:07:12Z,2026-08-06T20:47:10Z,https://classic.warcraftlogs.com/reports/Mtmn7DxfYGvzHZ9B,1056,25,25,-1,TRUE,100,-1
WRG98PxFAHptLyvj,One more Scorch,public,Europe,68,68,1786038392299,1786049231968,2026-08-06T17:46:32Z,2026-08-06T20:47:11Z,https://classic.warcraftlogs.com/reports/WRG98PxFAHptLyvj,1056,25,25,-1,TRUE,100,-1
Lh3z4KPdaZ2RcvfY,TK 20260806,public,Europe,35,55,1786039473095,1786049225448,2026-08-06T18:04:33Z,2026-08-06T20:47:05Z,https://classic.warcraftlogs.com/reports/Lh3z4KPdaZ2RcvfY,1056,25,25,-1,TRUE,100,-1
QvhTZdYpbmR7gPAr,SSC / TK 06.08,public,Europe,75,76,1786039058313,1786049223813,2026-08-06T17:57:38Z,2026-08-06T20:47:03Z,https://classic.warcraftlogs.com/reports/QvhTZdYpbmR7gPAr,1056,25,25,-1,TRUE,100,-1
YBLpRqx1g8nAJHhj,TK SSC PU 06/08,public,Europe,74,75,1786038742721,1786049224994,2026-08-06T17:52:22Z,2026-08-06T20:47:04Z,https://classic.warcraftlogs.com/reports/YBLpRqx1g8nAJHhj,1056,25,25,-1,TRUE,100,-1
9rp4mB1jRxbQPJa3,Any heals in the layer????,public,Europe,90,90,1786037697624,1786049220744,2026-08-06T17:34:57Z,2026-08-06T20:47:00Z,https://classic.warcraftlogs.com/reports/9rp4mB1jRxbQPJa3,1056,25,25,-1,TRUE,100,-1
mg8wtJTA4ryZnGqV,SSC / TK,public,Europe,35,35,1786040907044,1786049205695,2026-08-06T18:28:27Z,2026-08-06T20:46:45Z,https://classic.warcraftlogs.com/reports/mg8wtJTA4ryZnGqV,1056,25,25,-1,TRUE,100,-1
YjcPKVbpRnvMLTw8,SSC / TK,public,Europe,40,40,1786042846355,1786049204998,2026-08-06T19:00:46Z,2026-08-06T20:46:44Z,https://classic.warcraftlogs.com/reports/YjcPKVbpRnvMLTw8,1056,25,25,-1,TRUE,100,-1
vbRcjrwdq6WxhZm3,SSC + TK 06.08.26,public,Europe,1,62,1786037957395,1786048927606,2026-08-06T17:39:17Z,2026-08-06T20:42:07Z,https://classic.warcraftlogs.com/reports/vbRcjrwdq6WxhZm3,1056,25,25,-1,TRUE,100,-1
HC7RrgXwApGZcNbv,SSC / TK,public,Europe,58,72,1786038679731,1786049200094,2026-08-06T17:51:19Z,2026-08-06T20:46:40Z,https://classic.warcraftlogs.com/reports/HC7RrgXwApGZcNbv,1056,25,25,-1,TRUE,100,-1
DZjkQLyvaCX43YGh,SSC / TK,public,Europe,13,38,1786038995984,1786049195369,2026-08-06T17:56:35Z,2026-08-06T20:46:35Z,https://classic.warcraftlogs.com/reports/DZjkQLyvaCX43YGh,1056,25,25,-1,TRUE,100,-1
nkt48XZ19Tahpg2m,SSC / TK,public,Europe,43,43,1786040777473,1786049196305,2026-08-06T18:26:17Z,2026-08-06T20:46:36Z,https://classic.warcraftlogs.com/reports/nkt48XZ19Tahpg2m,1056,25,25,-1,TRUE,100,-1
yB2k6fKLhWQnHxw9,pug,public,Europe,44,64,1786036200961,1786049173225,2026-08-06T17:10:00Z,2026-08-06T20:46:13Z,https://classic.warcraftlogs.com/reports/yB2k6fKLhWQnHxw9,1056,25,25,-1,TRUE,100,-1
Jc8qKA3y4pr7NwFD,Resto shaman should be the luster,public,Europe,49,65,1786040004828,1786049169736,2026-08-06T18:13:24Z,2026-08-06T20:46:09Z,https://classic.warcraftlogs.com/reports/Jc8qKA3y4pr7NwFD,1056,25,25,-1,TRUE,100,-1
9Garn6DZXVfc4CdR,Big Priest Inc?,public,Europe,71,71,1786040087640,1786049165608,2026-08-06T18:14:47Z,2026-08-06T20:46:05Z,https://classic.warcraftlogs.com/reports/9Garn6DZXVfc4CdR,1056,25,25,-1,TRUE,100,-1
VqmDfMQNvy1rK9wc,260806-SSC,public,Europe,46,50,1786038984259,1786049160325,2026-08-06T17:56:24Z,2026-08-06T20:46:00Z,https://classic.warcraftlogs.com/reports/VqmDfMQNvy1rK9wc,1056,25,25,-1,TRUE,100,-1
9RYLjW3KH41ADrCt,SSC / TK,public,Europe,54,54,1786038353766,1786049159194,2026-08-06T17:45:53Z,2026-08-06T20:45:59Z,https://classic.warcraftlogs.com/reports/9RYLjW3KH41ADrCt,1056,25,25,-1,TRUE,100,-1
3LhCG6wVzDJFMWPy,SSC,public,Europe,70,71,1786037627484,1786049151250,2026-08-06T17:33:47Z,2026-08-06T20:45:51Z,https://classic.warcraftlogs.com/reports/3LhCG6wVzDJFMWPy,1056,25,25,-1,TRUE,100,-1
1PAJ86vBnQFCaH3K,ssc/tk,public,Europe,76,77,1786039321680,1786049156721,2026-08-06T18:02:01Z,2026-08-06T20:45:56Z,https://classic.warcraftlogs.com/reports/1PAJ86vBnQFCaH3K,1056,25,25,-1,TRUE,100,-1
tRPFL7jwT1VmKDWk,SSC / TK,public,Europe,55,74,1786038605666,1786049133849,2026-08-06T17:50:05Z,2026-08-06T20:45:33Z,https://classic.warcraftlogs.com/reports/tRPFL7jwT1VmKDWk,1056,25,25,-1,TRUE,100,-1
NGhJRjApx8TVD3Kf,SSC / TK,public,Europe,1,24,1786044648644,1786049077697,2026-08-06T19:30:48Z,2026-08-06T20:44:37Z,https://classic.warcraftlogs.com/reports/NGhJRjApx8TVD3Kf,1056,25,25,-1,TRUE,100,-1
nMdbCaxc3B8V4hLq,6.8. Thursday SSC + TK + GRUUL,public,Europe,0,60,1786039236592,1786048042803,2026-08-06T18:00:36Z,2026-08-06T20:27:22Z,https://classic.warcraftlogs.com/reports/nMdbCaxc3B8V4hLq,1056,25,25,-1,TRUE,100,-1
T8dDFA7rYqPLyhXH,Healdini TK/SSC/Gruul/Mags,public,Europe,1,69,1786035151608,1786048993767,2026-08-06T16:52:31Z,2026-08-06T20:43:13Z,https://classic.warcraftlogs.com/reports/T8dDFA7rYqPLyhXH,1056,25,25,-1,TRUE,100,-1
xbMH6GKrfc4w2ND7,SSC / TK,public,Europe,1,43,1786037747947,1786048738798,2026-08-06T17:35:47Z,2026-08-06T20:38:58Z,https://classic.warcraftlogs.com/reports/xbMH6GKrfc4w2ND7,1056,25,25,-1,TRUE,100,-1
CNtrWpvFTnVcYgXb,SSC / TK,public,Europe,69,69,1786037306479,1786049104292,2026-08-06T17:28:26Z,2026-08-06T20:45:04Z,https://classic.warcraftlogs.com/reports/CNtrWpvFTnVcYgXb,1056,25,25,-1,TRUE,100,-1
2F1jaTZhzAqXwrtx,SSC / TK,public,Europe,33,33,1786043289787,1786049095363,2026-08-06T19:08:09Z,2026-08-06T20:44:55Z,https://classic.warcraftlogs.com/reports/2F1jaTZhzAqXwrtx,1056,25,25,-1,TRUE,100,-1
fQGktN7FmKjJYBqg,SSC / TK,public,Europe,33,33,1786042442053,1786049094989,2026-08-06T18:54:02Z,2026-08-06T20:44:54Z,https://classic.warcraftlogs.com/reports/fQGktN7FmKjJYBqg,1056,25,25,-1,TRUE,100,-1
zFhMTCQfZrBkPyj4,raid 2 holymømø,public,Europe,25,64,1786036146889,1786049090319,2026-08-06T17:09:06Z,2026-08-06T20:44:50Z,https://classic.warcraftlogs.com/reports/zFhMTCQfZrBkPyj4,1056,25,25,-1,TRUE,100,-1
Tbq6LZ7VQ1FM2y3W,ssc/tk,public,Europe,1,4,1786034964583,1786048059935,2026-08-06T16:49:24Z,2026-08-06T20:27:39Z,https://classic.warcraftlogs.com/reports/Tbq6LZ7VQ1FM2y3W,1056,25,25,-1,TRUE,100,-1
GztdfQhmB9cr8wLT,SSC / TK,public,Europe,1,63,1786039001714,1786048697967,2026-08-06T17:56:41Z,2026-08-06T20:38:17Z,https://classic.warcraftlogs.com/reports/GztdfQhmB9cr8wLT,1056,25,25,-1,TRUE,100,-1
HGMwA4Jp6z3KnXb8,SSC / TK,public,Europe,28,29,1786036672672,1786049070002,2026-08-06T17:17:52Z,2026-08-06T20:44:30Z,https://classic.warcraftlogs.com/reports/HGMwA4Jp6z3KnXb8,1056,25,25,-1,TRUE,100,-1
zCAgWRXrwn3fPqMK,SSC / TK,public,Europe,42,69,1786039192572,1786049069074,2026-08-06T17:59:52Z,2026-08-06T20:44:29Z,https://classic.warcraftlogs.com/reports/zCAgWRXrwn3fPqMK,1056,25,25,-1,TRUE,100,-1
CHgNqBXJzL76YK1w,SSC / TK,public,Europe,49,51,1786042403574,1786049066606,2026-08-06T18:53:23Z,2026-08-06T20:44:26Z,https://classic.warcraftlogs.com/reports/CHgNqBXJzL76YK1w,1056,25,25,-1,TRUE,100,-1
6YDJ82B9bVRLQzGf,SSC / TK 2026-08-06,public,Europe,40,40,1786042548645,1786049055359,2026-08-06T18:55:48Z,2026-08-06T20:44:15Z,https://classic.warcraftlogs.com/reports/6YDJ82B9bVRLQzGf,1056,25,25,-1,TRUE,100,-1
KgkqtJnFvPXLC1pr,ССК+ТК,public,Europe,77,77,1786034532944,1786049031733,2026-08-06T16:42:12Z,2026-08-06T20:43:51Z,https://classic.warcraftlogs.com/reports/KgkqtJnFvPXLC1pr,1056,25,25,-1,TRUE,100,-1
ht6GZmpxHgCrXK7c,SSC / TK,public,Europe,28,72,1786034595733,1786048661782,2026-08-06T16:43:15Z,2026-08-06T20:37:41Z,https://classic.warcraftlogs.com/reports/ht6GZmpxHgCrXK7c,1056,25,25,-1,TRUE,100,-1
LaTh8PKgzHfbMwtV,[19:55:54] [P] [70:Flakes:5]: is this group windfury?,public,Europe,82,82,1786037814619,1786049016284,2026-08-06T17:36:54Z,2026-08-06T20:43:36Z,https://classic.warcraftlogs.com/reports/LaTh8PKgzHfbMwtV,1056,25,25,-1,TRUE,100,-1
yVw6QjGT4WH9Rdfa,SSC / TK,public,Europe,88,88,1786038863294,1786049018587,2026-08-06T17:54:23Z,2026-08-06T20:43:38Z,https://classic.warcraftlogs.com/reports/yVw6QjGT4WH9Rdfa,1056,25,25,-1,TRUE,100,-1
jDFfLapr2yTQC3qH,SSC / TK,public,Europe,31,31,1786044648644,1786049015071,2026-08-06T19:30:48Z,2026-08-06T20:43:35Z,https://classic.warcraftlogs.com/reports/jDFfLapr2yTQC3qH,1056,25,25,-1,TRUE,100,-1
vgKRH8j32GaWdwqx,TK | Lumens Pug | 06.08.2026,public,Europe,35,35,1786043613368,1786049007501,2026-08-06T19:13:33Z,2026-08-06T20:43:27Z,https://classic.warcraftlogs.com/reports/vgKRH8j32GaWdwqx,1056,25,25,-1,TRUE,100,-1
D9wgq1yR6rMxPk8W,SSC / TK,public,Europe,64,71,1786035862203,1786049013693,2026-08-06T17:04:22Z,2026-08-06T20:43:33Z,https://classic.warcraftlogs.com/reports/D9wgq1yR6rMxPk8W,1056,25,25,-1,TRUE,100,-1
jgRazYTpmwDJGk3t,SSC / TK,public,United States,1,53,1785972975243,1785990777168,2026-08-05T23:36:15Z,2026-08-06T04:32:57Z,https://classic.warcraftlogs.com/reports/jgRazYTpmwDJGk3t,1056,25,25,-1,TRUE,100,-1
6LhpNRH7XaCFbJkf,SSC / TK,public,Europe,43,44,1786039011960,1786048995123,2026-08-06T17:56:51Z,2026-08-06T20:43:15Z,https://classic.warcraftlogs.com/reports/6LhpNRH7XaCFbJkf,1056,25,25,-1,TRUE,100,-1
46xQdDkryYJXLBjW,Kara,public,Europe,1,36,1786038898176,1786048962512,2026-08-06T17:54:58Z,2026-08-06T20:42:42Z,https://classic.warcraftlogs.com/reports/46xQdDkryYJXLBjW,1056,25,25,-1,TRUE,100,-1
bwQaAnxM23dm8Jqg,"TK + SSC, Neuer Ordner, 06.08.2026",public,Europe,83,83,1786034303403,1786048967617,2026-08-06T16:38:23Z,2026-08-06T20:42:47Z,https://classic.warcraftlogs.com/reports/bwQaAnxM23dm8Jqg,1056,25,25,-1,TRUE,100,-1
rqQgTC6y2LdfvnBF,SSC / TK,public,Europe,39,39,1786042304309,1786048937644,2026-08-06T18:51:44Z,2026-08-06T20:42:17Z,https://classic.warcraftlogs.com/reports/rqQgTC6y2LdfvnBF,1056,25,25,-1,TRUE,100,-1
Pm4gfYczbH736FhA,SSC / TK,public,Europe,1,40,1786039804871,1786048571298,2026-08-06T18:10:04Z,2026-08-06T20:36:11Z,https://classic.warcraftlogs.com/reports/Pm4gfYczbH736FhA,1056,25,25,-1,TRUE,100,-1
vpLRQ876ThjVDJfc,SSC / TK,public,Europe,1,36,1786040106542,1786048399721,2026-08-06T18:15:06Z,2026-08-06T20:33:19Z,https://classic.warcraftlogs.com/reports/vpLRQ876ThjVDJfc,1056,25,25,-1,TRUE,100,-1
kwVnhcYR3yzKJWbH,SSC / TK,public,Europe,1,34,1786040643506,1786048849042,2026-08-06T18:24:03Z,2026-08-06T20:40:49Z,https://classic.warcraftlogs.com/reports/kwVnhcYR3yzKJWbH,1056,25,25,-1,TRUE,100,-1
YrRVZMTjFGNWfbt3,Puggies,public,Europe,71,71,1786038391018,1786048941500,2026-08-06T17:46:31Z,2026-08-06T20:42:21Z,https://classic.warcraftlogs.com/reports/YrRVZMTjFGNWfbt3,1056,25,25,-1,TRUE,100,-1
F7Kg1NnHm2prv8kC,SSC / TK,public,Europe,34,34,1786043352463,1786048935475,2026-08-06T19:09:12Z,2026-08-06T20:42:15Z,https://classic.warcraftlogs.com/reports/F7Kg1NnHm2prv8kC,1056,25,25,-1,TRUE,100,-1
tPqcYG2ZmJAFpQg7,SSC+TK Main (Week 13),public,Europe,42,54,1786040266836,1786048923133,2026-08-06T18:17:46Z,2026-08-06T20:42:03Z,https://classic.warcraftlogs.com/reports/tPqcYG2ZmJAFpQg7,1056,25,25,-1,TRUE,100,-1
3GQLmF7jD8xkKfJq,SSC / TK,public,Europe,45,57,1786039984073,1786048924736,2026-08-06T18:13:04Z,2026-08-06T20:42:04Z,https://classic.warcraftlogs.com/reports/3GQLmF7jD8xkKfJq,1056,25,25,-1,TRUE,100,-1
98kPNnYCJvTqZjtb,SSC / TK,public,Europe,68,69,1786038343839,1786048924551,2026-08-06T17:45:43Z,2026-08-06T20:42:04Z,https://classic.warcraftlogs.com/reports/98kPNnYCJvTqZjtb,1056,25,25,-1,TRUE,100,-1
x4Cakv1mMgDBFqZT,WH AIDEN MIT GAMMENON *.*,public,Europe,76,77,1786037511653,1786048919727,2026-08-06T17:31:51Z,2026-08-06T20:41:59Z,https://classic.warcraftlogs.com/reports/x4Cakv1mMgDBFqZT,1056,25,25,-1,TRUE,100,-1
V6P4gMcXdBHKrW8N,SSC / TK,public,United States,39,68,1786020364792,1786048919685,2026-08-06T12:46:04Z,2026-08-06T20:41:59Z,https://classic.warcraftlogs.com/reports/V6P4gMcXdBHKrW8N,1056,25,25,-1,TRUE,100,-1
